edge_id,source_node,target_node,infrastructure_type,voltage,geometry_parent_id,segment_length
edge_00000,node_0036,node_0037,substation,66000;11000,unknown,77.96
edge_00001,node_0037,node_0038,substation,66000;11000,unknown,155.39
edge_00002,node_0038,node_0039,substation,66000;11000,unknown,59.08
edge_00003,node_0039,node_0040,substation,66000;11000,unknown,35.63
edge_00004,node_0040,node_0041,substation,66000;11000,unknown,18.89
edge_00005,node_0041,node_0036,substation,66000;11000,unknown,119.75
edge_00006,node_0036,node_0042,substation,66000;11000,unknown,8.55
edge_00007,node_0182,node_0218,line,220kV,line_01,60.43
edge_00008,node_0218,node_0219,line,220kV,line_01,143.56
edge_00009,node_0219,node_0220,line,220kV,line_01,56.69
edge_00010,node_0220,node_0221,line,220kV,line_01,21.63
edge_00011,node_0221,node_0222,line,220kV,line_01,135.54
edge_00012,node_0222,node_0182,line,220kV,line_01,238.71
edge_00013,node_0223,node_0224,line,220kV,line_02,125.28
edge_00014,node_0224,node_0225,line,220kV,line_02,56.2
edge_00015,node_0225,node_0226,line,220kV,line_02,33.66
edge_00016,node_0226,node_0227,line,220kV,line_02,79.05
edge_00017,node_0227,node_0228,line,220kV,line_02,46.25
edge_00018,node_0228,node_0229,line,220kV,line_02,5.71
edge_00019,node_0229,node_0223,line,220kV,line_02,52.55
edge_00020,node_0183,node_0230,line,220kV,line_03,253.35
edge_00021,node_0230,node_0231,line,220kV,line_03,142.25
edge_00022,node_0231,node_0232,line,220kV,line_03,94.55
edge_00023,node_0232,node_0233,line,220kV,line_03,158.8
edge_00024,node_0233,node_0234,line,220kV,line_03,3.19
edge_00025,node_0234,node_0183,line,220kV,line_03,139.07
edge_00026,node_0235,node_0236,line,220kV,line_04,53.1
edge_00027,node_0236,node_0237,line,220kV,line_04,60.41
edge_00028,node_0237,node_0238,line,220kV,line_04,44.19
edge_00029,node_0238,node_0239,line,220kV,line_04,31.91
edge_00030,node_0239,node_0240,line,220kV,line_04,24.43
edge_00031,node_0240,node_0235,line,220kV,line_04,27.84
edge_00032,node_0241,node_0242,line,220kV,line_05,63.38
edge_00033,node_0242,node_0243,line,220kV,line_05,67.02
edge_00034,node_0243,node_0244,line,220kV,line_05,30.43
edge_00035,node_0244,node_0245,line,220kV,line_05,39.32
edge_00036,node_0245,node_0241,line,220kV,line_05,43.86
edge_00037,node_0184,node_0246,line,220kV,line_06,115.34
edge_00038,node_0246,node_0247,line,220kV,line_06,33.55
edge_00039,node_0247,node_0248,line,220kV,line_06,33.89
edge_00040,node_0248,node_0249,line,220kV,line_06,132.39
edge_00041,node_0249,node_0250,line,220kV,line_06,136.31
edge_00042,node_0250,node_0251,line,220kV,line_06,130.1
edge_00043,node_0251,node_0252,line,220kV,line_06,82.85
edge_00044,node_0252,node_0253,line,220kV,line_06,134.62
edge_00045,node_0253,node_0254,line,220kV,line_06,86.83
edge_00046,node_0254,node_0255,line,220kV,line_06,100.42
edge_00047,node_0255,node_0256,line,220kV,line_06,88.39
edge_00048,node_0256,node_0257,line,220kV,line_06,28.2
edge_00049,node_0257,node_0258,line,220kV,line_06,52.8
edge_00050,node_0258,node_0259,line,220kV,line_06,56.68
edge_00051,node_0259,node_0260,line,220kV,line_06,119.78
edge_00052,node_0260,node_0261,line,220kV,line_06,39.22
edge_00053,node_0261,node_0262,line,220kV,line_06,6.45
edge_00054,node_0262,node_0263,line,220kV,line_06,17.54
edge_00055,node_0263,node_0264,line,220kV,line_06,20.75
edge_00056,node_0264,node_0265,line,220kV,line_06,12.0
edge_00057,node_0265,node_0266,line,220kV,line_06,29.38
edge_00058,node_0266,node_0267,line,220kV,line_06,70.27
edge_00059,node_0267,node_0268,line,220kV,line_06,40.06
edge_00060,node_0268,node_0269,line,220kV,line_06,298.96
edge_00061,node_0269,node_0184,line,220kV,line_06,73.16
edge_00062,node_0185,node_0270,line,220kV,line_07,53.08
edge_00063,node_0270,node_0271,line,220kV,line_07,127.01
edge_00064,node_0271,node_0272,line,220kV,line_07,4.03
edge_00065,node_0272,node_0273,line,220kV,line_07,12.05
edge_00066,node_0273,node_0185,line,220kV,line_07,120.59
edge_00067,node_0274,node_0275,line,220kV,line_08,77.38
edge_00068,node_0275,node_0276,line,220kV,line_08,19.59
edge_00069,node_0276,node_0277,line,220kV,line_08,45.52
edge_00070,node_0277,node_0278,line,220kV,line_08,40.31
edge_00071,node_0278,node_0274,line,220kV,line_08,33.34
edge_00072,node_0279,node_0280,line,220kV,line_09,45.32
edge_00073,node_0280,node_0281,line,220kV,line_09,52.56
edge_00074,node_0281,node_0282,line,220kV,line_09,13.15
edge_00075,node_0282,node_0283,line,220kV,line_09,44.48
edge_00076,node_0283,node_0279,line,220kV,line_09,65.7
edge_00077,node_0284,node_0285,line,220kV,line_10,29.88
edge_00078,node_0285,node_0286,line,220kV,line_10,43.2
edge_00079,node_0286,node_0287,line,220kV,line_10,31.14
edge_00080,node_0287,node_0284,line,220kV,line_10,26.01
edge_00081,node_0186,node_0288,line,220kV,line_11,50.94
edge_00082,node_0288,node_0289,line,220kV,line_11,42.65
edge_00083,node_0289,node_0290,line,220kV,line_11,8.27
edge_00084,node_0290,node_0291,line,220kV,line_11,39.69
edge_00085,node_0291,node_0186,line,220kV,line_11,45.74
edge_00086,node_0292,node_0293,line,220kV,line_12,11.44
edge_00087,node_0293,node_0294,line,220kV,line_12,11.13
edge_00088,node_0294,node_0295,line,220kV,line_12,11.45
edge_00089,node_0295,node_0292,line,220kV,line_12,11.14
edge_00090,node_0296,node_0297,line,220kV,line_13,79.98
edge_00091,node_0297,node_0298,line,220kV,line_13,42.5
edge_00092,node_0298,node_0299,line,220kV,line_13,77.74
edge_00093,node_0299,node_0300,line,220kV,line_13,13.18
edge_00094,node_0300,node_0296,line,220kV,line_13,21.06
edge_00095,node_0187,node_0301,line,220kV,line_14,67.2
edge_00096,node_0301,node_0302,line,220kV,line_14,4.14
edge_00097,node_0302,node_0303,line,220kV,line_14,33.98
edge_00098,node_0303,node_0304,line,220kV,line_14,55.71
edge_00099,node_0304,node_0187,line,220kV,line_14,46.34
edge_00100,node_0188,node_0305,line,220kV,line_15,80.05
edge_00101,node_0305,node_0306,line,220kV,line_15,95.84
edge_00102,node_0306,node_0307,line,220kV,line_15,75.6
edge_00103,node_0307,node_0308,line,220kV,line_15,30.13
edge_00104,node_0308,node_0188,line,220kV,line_15,68.6
edge_00105,node_0189,node_0309,line,220kV,line_16,15.97
edge_00106,node_0309,node_0310,line,220kV,line_16,54.96
edge_00107,node_0310,node_0311,line,220kV,line_16,23.41
edge_00108,node_0311,node_0312,line,220kV,line_16,20.41
edge_00109,node_0312,node_0313,line,220kV,line_16,19.74
edge_00110,node_0313,node_0314,line,220kV,line_16,31.91
edge_00111,node_0314,node_0315,line,220kV,line_16,66.39
edge_00112,node_0315,node_0316,line,220kV,line_16,14.28
edge_00113,node_0316,node_0317,line,220kV,line_16,14.28
edge_00114,node_0317,node_0318,line,220kV,line_16,14.27
edge_00115,node_0318,node_0319,line,220kV,line_16,14.28
edge_00116,node_0319,node_0320,line,220kV,line_16,14.28
edge_00117,node_0320,node_0321,line,220kV,line_16,12.97
edge_00118,node_0321,node_0322,line,220kV,line_16,12.97
edge_00119,node_0322,node_0323,line,220kV,line_16,12.96
edge_00120,node_0323,node_0189,line,220kV,line_16,12.97
edge_00121,node_0190,node_0324,line,220kV,line_17,15.52
edge_00122,node_0324,node_0325,line,220kV,line_17,64.47
edge_00123,node_0325,node_0326,line,220kV,line_17,51.04
edge_00124,node_0326,node_0327,line,220kV,line_17,32.63
edge_00125,node_0327,node_0190,line,220kV,line_17,77.34
edge_00126,node_0328,node_0329,line,220kV,line_18,77.0
edge_00127,node_0329,node_0330,line,220kV,line_18,86.08
edge_00128,node_0330,node_0331,line,220kV,line_18,26.54
edge_00129,node_0331,node_0332,line,220kV,line_18,71.85
edge_00130,node_0332,node_0328,line,220kV,line_18,112.6
edge_00131,node_0333,node_0334,line,220kV,line_19,38.06
edge_00132,node_0334,node_0335,line,220kV,line_19,39.83
edge_00133,node_0335,node_0336,line,220kV,line_19,38.06
edge_00134,node_0336,node_0333,line,220kV,line_19,39.84
edge_00135,node_0337,node_0338,line,220kV,line_20,40.88
edge_00136,node_0338,node_0339,line,220kV,line_20,24.18
edge_00137,node_0339,node_0340,line,220kV,line_20,26.81
edge_00138,node_0340,node_0341,line,220kV,line_20,60.74
edge_00139,node_0341,node_0342,line,220kV,line_20,63.72
edge_00140,node_0342,node_0343,line,220kV,line_20,31.64
edge_00141,node_0343,node_0337,line,220kV,line_20,30.25
edge_00142,node_0344,node_0345,line,220kV,line_21,57.77
edge_00143,node_0345,node_0346,line,220kV,line_21,67.67
edge_00144,node_0346,node_0347,line,220kV,line_21,64.81
edge_00145,node_0347,node_0344,line,220kV,line_21,46.62
edge_00146,node_0191,node_0348,line,220kV,line_22,52.19
edge_00147,node_0348,node_0349,line,220kV,line_22,50.4
edge_00148,node_0349,node_0350,line,220kV,line_22,9.44
edge_00149,node_0350,node_0351,line,220kV,line_22,30.72
edge_00150,node_0351,node_0191,line,220kV,line_22,43.98
edge_00151,node_0192,node_0352,line,220kV,line_23,50.93
edge_00152,node_0352,node_0353,line,220kV,line_23,37.52
edge_00153,node_0353,node_0354,line,220kV,line_23,12.92
edge_00154,node_0354,node_0355,line,220kV,line_23,44.33
edge_00155,node_0355,node_0356,line,220kV,line_23,10.7
edge_00156,node_0356,node_0357,line,220kV,line_23,24.5
edge_00157,node_0357,node_0358,line,220kV,line_23,34.95
edge_00158,node_0358,node_0192,line,220kV,line_23,109.43
edge_00159,node_0193,node_0359,line,220kV,line_24,65.67
edge_00160,node_0359,node_0360,line,220kV,line_24,3.39
edge_00161,node_0360,node_0361,line,220kV,line_24,25.98
edge_00162,node_0361,node_0362,line,220kV,line_24,12.77
edge_00163,node_0362,node_0363,line,220kV,line_24,44.12
edge_00164,node_0363,node_0364,line,220kV,line_24,20.52
edge_00165,node_0364,node_0365,line,220kV,line_24,15.59
edge_00166,node_0365,node_0366,line,220kV,line_24,20.99
edge_00167,node_0366,node_0367,line,220kV,line_24,25.18
edge_00168,node_0367,node_0368,line,220kV,line_24,32.95
edge_00169,node_0368,node_0193,line,220kV,line_24,74.73
edge_00170,node_0194,node_0369,line,220kV,line_25,91.09
edge_00171,node_0369,node_0370,line,220kV,line_25,159.03
edge_00172,node_0370,node_0362,line,220kV,line_25,4.09
edge_00173,node_0362,node_0361,line,220kV,line_25,12.77
edge_00174,node_0361,node_0360,line,220kV,line_25,25.98
edge_00175,node_0360,node_0359,line,220kV,line_25,3.39
edge_00176,node_0359,node_0193,line,220kV,line_25,65.67
edge_00177,node_0193,node_0371,line,220kV,line_25,10.99
edge_00178,node_0371,node_0372,line,220kV,line_25,35.82
edge_00179,node_0372,node_0373,line,220kV,line_25,18.18
edge_00180,node_0373,node_0374,line,220kV,line_25,69.87
edge_00181,node_0374,node_0194,line,220kV,line_25,31.68
edge_00182,node_0195,node_0375,line,220kV,line_26,77.86
edge_00183,node_0375,node_0376,line,220kV,line_26,21.96
edge_00184,node_0376,node_0377,line,220kV,line_26,23.14
edge_00185,node_0377,node_0378,line,220kV,line_26,86.22
edge_00186,node_0378,node_0379,line,220kV,line_26,28.99
edge_00187,node_0379,node_0380,line,220kV,line_26,14.09
edge_00188,node_0380,node_0195,line,220kV,line_26,75.97
edge_00189,node_0381,node_0382,line,220kV,line_27,73.71
edge_00190,node_0382,node_0383,line,220kV,line_27,33.16
edge_00191,node_0383,node_0384,line,220kV,line_27,11.51
edge_00192,node_0384,node_0385,line,220kV,line_27,73.72
edge_00193,node_0385,node_0381,line,220kV,line_27,44.68
edge_00194,node_0386,node_0387,line,220kV,line_28,10.92
edge_00195,node_0387,node_0388,line,220kV,line_28,24.82
edge_00196,node_0388,node_0389,line,220kV,line_28,57.2
edge_00197,node_0389,node_0390,line,220kV,line_28,31.21
edge_00198,node_0390,node_0386,line,220kV,line_28,47.38
edge_00199,node_0196,node_0391,line,220kV,line_29,7.15
edge_00200,node_0391,node_0392,line,220kV,line_29,8.46
edge_00201,node_0392,node_0393,line,220kV,line_29,34.15
edge_00202,node_0393,node_0394,line,220kV,line_29,25.67
edge_00203,node_0394,node_0395,line,220kV,line_29,28.91
edge_00204,node_0395,node_0396,line,220kV,line_29,46.42
edge_00205,node_0396,node_0196,line,220kV,line_29,71.24
edge_00206,node_0197,node_0397,line,220kV,line_30,112.13
edge_00207,node_0397,node_0398,line,220kV,line_30,39.9
edge_00208,node_0398,node_0399,line,220kV,line_30,10.33
edge_00209,node_0399,node_0400,line,220kV,line_30,19.79
edge_00210,node_0400,node_0401,line,220kV,line_30,19.38
edge_00211,node_0401,node_0402,line,220kV,line_30,12.68
edge_00212,node_0402,node_0403,line,220kV,line_30,215.03
edge_00213,node_0403,node_0404,line,220kV,line_30,162.3
edge_00214,node_0404,node_0405,line,220kV,line_30,82.94
edge_00215,node_0405,node_0406,line,220kV,line_30,37.59
edge_00216,node_0406,node_0197,line,220kV,line_30,255.26
edge_00217,node_0198,node_0407,line,220kV,line_31,78.1
edge_00218,node_0407,node_0408,line,220kV,line_31,15.27
edge_00219,node_0408,node_0409,line,220kV,line_31,3.49
edge_00220,node_0409,node_0410,line,220kV,line_31,20.87
edge_00221,node_0410,node_0411,line,220kV,line_31,20.22
edge_00222,node_0411,node_0412,line,220kV,line_31,33.66
edge_00223,node_0412,node_0413,line,220kV,line_31,16.09
edge_00224,node_0413,node_0414,line,220kV,line_31,46.74
edge_00225,node_0414,node_0415,line,220kV,line_31,93.73
edge_00226,node_0415,node_0416,line,220kV,line_31,74.38
edge_00227,node_0416,node_0417,line,220kV,line_31,27.53
edge_00228,node_0417,node_0198,line,220kV,line_31,36.2
edge_00229,node_0418,node_0419,line,220kV,line_32,62.74
edge_00230,node_0419,node_0420,line,220kV,line_32,47.84
edge_00231,node_0420,node_0421,line,220kV,line_32,59.92
edge_00232,node_0421,node_0418,line,220kV,line_32,48.17
edge_00233,node_0422,node_0423,line,220kV,line_33,19.66
edge_00234,node_0423,node_0424,line,220kV,line_33,35.06
edge_00235,node_0424,node_0425,line,220kV,line_33,19.66
edge_00236,node_0425,node_0422,line,220kV,line_33,35.05
edge_00237,node_0426,node_0427,line,220kV,line_34,228.64
edge_00238,node_0427,node_0428,line,220kV,line_34,72.14
edge_00239,node_0428,node_0429,line,220kV,line_34,252.28
edge_00240,node_0429,node_0426,line,220kV,line_34,64.03
edge_00241,node_0430,node_0431,line,220kV,line_35,39.2
edge_00242,node_0431,node_0432,line,220kV,line_35,26.31
edge_00243,node_0432,node_0433,line,220kV,line_35,8.26
edge_00244,node_0433,node_0434,line,220kV,line_35,24.58
edge_00245,node_0434,node_0435,line,220kV,line_35,81.46
edge_00246,node_0435,node_0430,line,220kV,line_35,51.66
edge_00247,node_0436,node_0437,line,220kV,line_36,46.42
edge_00248,node_0437,node_0438,line,220kV,line_36,70.01
edge_00249,node_0438,node_0439,line,220kV,line_36,69.47
edge_00250,node_0439,node_0440,line,220kV,line_36,44.06
edge_00251,node_0440,node_0441,line,220kV,line_36,13.78
edge_00252,node_0441,node_0442,line,220kV,line_36,18.99
edge_00253,node_0442,node_0443,line,220kV,line_36,14.66
edge_00254,node_0443,node_0444,line,220kV,line_36,19.3
edge_00255,node_0444,node_0436,line,220kV,line_36,68.22
edge_00256,node_0445,node_0446,line,220kV,line_37,14.54
edge_00257,node_0446,node_0447,line,220kV,line_37,9.16
edge_00258,node_0447,node_0448,line,220kV,line_37,46.35
edge_00259,node_0448,node_0449,line,220kV,line_37,28.47
edge_00260,node_0449,node_0445,line,220kV,line_37,55.26
edge_00261,node_0450,node_0451,line,220kV,line_38,105.95
edge_00262,node_0451,node_0452,line,220kV,line_38,103.0
edge_00263,node_0452,node_0453,line,220kV,line_38,14.75
edge_00264,node_0453,node_0454,line,220kV,line_38,47.86
edge_00265,node_0454,node_0455,line,220kV,line_38,51.85
edge_00266,node_0455,node_0456,line,220kV,line_38,1.57
edge_00267,node_0456,node_0457,line,220kV,line_38,21.8
edge_00268,node_0457,node_0450,line,220kV,line_38,139.79
edge_00269,node_0458,node_0459,line,220kV,line_39,7.9
edge_00270,node_0459,node_0460,line,220kV,line_39,4.73
edge_00271,node_0460,node_0461,line,220kV,line_39,22.79
edge_00272,node_0461,node_0462,line,220kV,line_39,4.83
edge_00273,node_0462,node_0463,line,220kV,line_39,31.37
edge_00274,node_0463,node_0464,line,220kV,line_39,3.47
edge_00275,node_0464,node_0465,line,220kV,line_39,31.87
edge_00276,node_0465,node_0466,line,220kV,line_39,35.71
edge_00277,node_0466,node_0467,line,220kV,line_39,29.73
edge_00278,node_0467,node_0468,line,220kV,line_39,8.19
edge_00279,node_0468,node_0458,line,220kV,line_39,27.88
edge_00280,node_0469,node_0470,line,220kV,line_40,96.3
edge_00281,node_0470,node_0471,line,220kV,line_40,40.93
edge_00282,node_0471,node_0472,line,220kV,line_40,30.12
edge_00283,node_0472,node_0473,line,220kV,line_40,22.73
edge_00284,node_0473,node_0474,line,220kV,line_40,5.9
edge_00285,node_0474,node_0475,line,220kV,line_40,9.54
edge_00286,node_0475,node_0476,line,220kV,line_40,44.65
edge_00287,node_0476,node_0469,line,220kV,line_40,4.64
edge_00288,node_0199,node_0477,line,220kV,line_41,34.74
edge_00289,node_0477,node_0478,line,220kV,line_41,90.07
edge_00290,node_0478,node_0479,line,220kV,line_41,42.65
edge_00291,node_0479,node_0199,line,220kV,line_41,66.08
edge_00292,node_0480,node_0481,line,220kV,line_42,43.63
edge_00293,node_0481,node_0482,line,220kV,line_42,43.04
edge_00294,node_0482,node_0483,line,220kV,line_42,43.63
edge_00295,node_0483,node_0480,line,220kV,line_42,43.05
edge_00296,node_0484,node_0485,line,220kV,line_43,37.61
edge_00297,node_0485,node_0486,line,220kV,line_43,19.46
edge_00298,node_0486,node_0487,line,220kV,line_43,5.9
edge_00299,node_0487,node_0488,line,220kV,line_43,11.3
edge_00300,node_0488,node_0489,line,220kV,line_43,47.38
edge_00301,node_0489,node_0490,line,220kV,line_43,21.56
edge_00302,node_0490,node_0491,line,220kV,line_43,3.87
edge_00303,node_0491,node_0484,line,220kV,line_43,9.18
edge_00304,node_0200,node_0492,line,220kV,line_44,17.32
edge_00305,node_0492,node_0493,line,220kV,line_44,15.83
edge_00306,node_0493,node_0494,line,220kV,line_44,122.18
edge_00307,node_0494,node_0495,line,220kV,line_44,21.2
edge_00308,node_0495,node_0496,line,220kV,line_44,11.96
edge_00309,node_0496,node_0200,line,220kV,line_44,122.18
edge_00310,node_0497,node_0498,line,220kV,line_45,57.29
edge_00311,node_0498,node_0499,line,220kV,line_45,12.81
edge_00312,node_0499,node_0500,line,220kV,line_45,55.02
edge_00313,node_0500,node_0497,line,220kV,line_45,25.91
edge_00314,node_0501,node_0502,line,220kV,line_46,16.13
edge_00315,node_0502,node_0503,line,220kV,line_46,25.49
edge_00316,node_0503,node_0504,line,220kV,line_46,16.13
edge_00317,node_0504,node_0501,line,220kV,line_46,25.49
edge_00318,node_0505,node_0506,line,220kV,line_47,35.49
edge_00319,node_0506,node_0507,line,220kV,line_47,26.92
edge_00320,node_0507,node_0508,line,220kV,line_47,25.32
edge_00321,node_0508,node_0509,line,220kV,line_47,32.67
edge_00322,node_0509,node_0505,line,220kV,line_47,68.59
edge_00323,node_0510,node_0511,line,220kV,line_48,68.2
edge_00324,node_0511,node_0512,line,220kV,line_48,57.15
edge_00325,node_0512,node_0513,line,220kV,line_48,11.47
edge_00326,node_0513,node_0514,line,220kV,line_48,13.9
edge_00327,node_0514,node_0515,line,220kV,line_48,53.93
edge_00328,node_0515,node_0516,line,220kV,line_48,67.36
edge_00329,node_0516,node_0517,line,220kV,line_48,5.65
edge_00330,node_0517,node_0518,line,220kV,line_48,57.83
edge_00331,node_0518,node_0519,line,220kV,line_48,19.73
edge_00332,node_0519,node_0510,line,220kV,line_48,12.11
edge_00333,node_0520,node_0521,line,220kV,line_49,19.2
edge_00334,node_0521,node_0522,line,220kV,line_49,27.42
edge_00335,node_0522,node_0523,line,220kV,line_49,19.2
edge_00336,node_0523,node_0520,line,220kV,line_49,27.42
edge_00337,node_0524,node_0525,line,220kV,line_50,16.76
edge_00338,node_0525,node_0526,line,220kV,line_50,32.07
edge_00339,node_0526,node_0527,line,220kV,line_50,16.76
edge_00340,node_0527,node_0524,line,220kV,line_50,32.07
edge_00341,node_0528,node_0529,line,220kV,line_51,17.74
edge_00342,node_0529,node_0530,line,220kV,line_51,26.24
edge_00343,node_0530,node_0531,line,220kV,line_51,77.87
edge_00344,node_0531,node_0532,line,220kV,line_51,43.9
edge_00345,node_0532,node_0528,line,220kV,line_51,94.78
edge_00346,node_0201,node_0533,line,220kV,line_52,28.07
edge_00347,node_0533,node_0534,line,220kV,line_52,119.84
edge_00348,node_0534,node_0535,line,220kV,line_52,4.8
edge_00349,node_0535,node_0536,line,220kV,line_52,23.01
edge_00350,node_0536,node_0201,line,220kV,line_52,123.02
edge_00351,node_0537,node_0538,line,220kV,line_53,78.25
edge_00352,node_0538,node_0539,line,220kV,line_53,64.21
edge_00353,node_0539,node_0540,line,220kV,line_53,78.25
edge_00354,node_0540,node_0537,line,220kV,line_53,64.2
edge_00355,node_0541,node_0542,line,220kV,line_54,90.57
edge_00356,node_0542,node_0543,line,220kV,line_54,93.01
edge_00357,node_0543,node_0544,line,220kV,line_54,91.23
edge_00358,node_0544,node_0541,line,220kV,line_54,94.95
edge_00359,node_0202,node_0545,line,220kV,line_55,52.59
edge_00360,node_0545,node_0546,line,220kV,line_55,41.13
edge_00361,node_0546,node_0547,line,220kV,line_55,40.38
edge_00362,node_0547,node_0202,line,220kV,line_55,29.41
edge_00363,node_0203,node_0548,line,220kV,line_56,58.24
edge_00364,node_0548,node_0549,line,220kV,line_56,33.52
edge_00365,node_0549,node_0550,line,220kV,line_56,86.34
edge_00366,node_0550,node_0551,line,220kV,line_56,31.33
edge_00367,node_0551,node_0203,line,220kV,line_56,23.09
edge_00368,node_0552,node_0553,line,220kV,line_57,0.32
edge_00369,node_0553,node_0554,line,220kV,line_57,41.88
edge_00370,node_0554,node_0555,line,220kV,line_57,56.01
edge_00371,node_0555,node_0556,line,220kV,line_57,44.86
edge_00372,node_0556,node_0552,line,220kV,line_57,44.98
edge_00373,node_0557,node_0558,line,220kV,line_58,14.92
edge_00374,node_0558,node_0559,line,220kV,line_58,39.39
edge_00375,node_0559,node_0560,line,220kV,line_58,14.92
edge_00376,node_0560,node_0557,line,220kV,line_58,39.39
edge_00377,node_0561,node_0562,line,220kV,line_59,21.16
edge_00378,node_0562,node_0563,line,220kV,line_59,17.05
edge_00379,node_0563,node_0564,line,220kV,line_59,9.13
edge_00380,node_0564,node_0565,line,220kV,line_59,53.38
edge_00381,node_0565,node_0566,line,220kV,line_59,30.28
edge_00382,node_0566,node_0561,line,220kV,line_59,70.42
edge_00383,node_0567,node_0568,line,220kV,line_60,54.0
edge_00384,node_0568,node_0569,line,220kV,line_60,81.4
edge_00385,node_0569,node_0570,line,220kV,line_60,13.29
edge_00386,node_0570,node_0571,line,220kV,line_60,69.39
edge_00387,node_0571,node_0572,line,220kV,line_60,10.47
edge_00388,node_0572,node_0573,line,220kV,line_60,13.93
edge_00389,node_0573,node_0567,line,220kV,line_60,24.59
edge_00390,node_0574,node_0575,line,220kV,line_61,34.35
edge_00391,node_0575,node_0576,line,220kV,line_61,21.79
edge_00392,node_0576,node_0577,line,220kV,line_61,34.96
edge_00393,node_0577,node_0578,line,220kV,line_61,9.34
edge_00394,node_0578,node_0574,line,220kV,line_61,35.1
edge_00395,node_0579,node_0580,line,220kV,line_62,38.78
edge_00396,node_0580,node_0581,line,220kV,line_62,50.81
edge_00397,node_0581,node_0582,line,220kV,line_62,38.77
edge_00398,node_0582,node_0579,line,220kV,line_62,50.81
edge_00399,node_0583,node_0584,line,220kV,line_63,48.52
edge_00400,node_0584,node_0585,line,220kV,line_63,25.96
edge_00401,node_0585,node_0586,line,220kV,line_63,41.61
edge_00402,node_0586,node_0587,line,220kV,line_63,6.92
edge_00403,node_0587,node_0588,line,220kV,line_63,11.39
edge_00404,node_0588,node_0583,line,220kV,line_63,14.58
edge_00405,node_0589,node_0590,line,220kV,line_64,29.82
edge_00406,node_0590,node_0591,line,220kV,line_64,93.15
edge_00407,node_0591,node_0592,line,220kV,line_64,29.82
edge_00408,node_0592,node_0589,line,220kV,line_64,93.15
edge_00409,node_0593,node_0594,line,220kV,line_65,11.58
edge_00410,node_0594,node_0595,line,220kV,line_65,23.8
edge_00411,node_0595,node_0596,line,220kV,line_65,35.66
edge_00412,node_0596,node_0597,line,220kV,line_65,23.29
edge_00413,node_0597,node_0598,line,220kV,line_65,9.11
edge_00414,node_0598,node_0593,line,220kV,line_65,34.47
edge_00415,node_0599,node_0600,line,220kV,line_66,44.95
edge_00416,node_0600,node_0601,line,220kV,line_66,64.27
edge_00417,node_0601,node_0602,line,220kV,line_66,11.33
edge_00418,node_0602,node_0603,line,220kV,line_66,21.96
edge_00419,node_0603,node_0604,line,220kV,line_66,11.64
edge_00420,node_0604,node_0599,line,220kV,line_66,64.22
edge_00421,node_0605,node_0606,line,220kV,line_67,11.48
edge_00422,node_0606,node_0607,line,220kV,line_67,9.06
edge_00423,node_0607,node_0608,line,220kV,line_67,11.48
edge_00424,node_0608,node_0605,line,220kV,line_67,9.06
edge_00425,node_0609,node_0610,line,220kV,line_68,60.32
edge_00426,node_0610,node_0611,line,220kV,line_68,19.24
edge_00427,node_0611,node_0612,line,220kV,line_68,18.82
edge_00428,node_0612,node_0613,line,220kV,line_68,37.34
edge_00429,node_0613,node_0614,line,220kV,line_68,98.2
edge_00430,node_0614,node_0609,line,220kV,line_68,27.76
edge_00431,node_0204,node_0615,line,220kV,line_69,18.01
edge_00432,node_0615,node_0616,line,220kV,line_69,84.64
edge_00433,node_0616,node_0617,line,220kV,line_69,17.6
edge_00434,node_0617,node_0618,line,220kV,line_69,16.34
edge_00435,node_0618,node_0619,line,220kV,line_69,81.1
edge_00436,node_0619,node_0620,line,220kV,line_69,26.01
edge_00437,node_0620,node_0621,line,220kV,line_69,46.14
edge_00438,node_0621,node_0622,line,220kV,line_69,81.47
edge_00439,node_0622,node_0623,line,220kV,line_69,23.89
edge_00440,node_0623,node_0204,line,220kV,line_69,108.46
edge_00441,node_0205,node_0624,line,220kV,line_70,39.36
edge_00442,node_0624,node_0625,line,220kV,line_70,71.5
edge_00443,node_0625,node_0626,line,220kV,line_70,46.65
edge_00444,node_0626,node_0205,line,220kV,line_70,44.64
edge_00445,node_0627,node_0628,line,220kV,line_71,50.46
edge_00446,node_0628,node_0629,line,220kV,line_71,51.29
edge_00447,node_0629,node_0630,line,220kV,line_71,13.22
edge_00448,node_0630,node_0631,line,220kV,line_71,23.02
edge_00449,node_0631,node_0627,line,220kV,line_71,41.83
edge_00450,node_0632,node_0633,line,220kV,line_72,118.45
edge_00451,node_0633,node_0634,line,220kV,line_72,111.04
edge_00452,node_0634,node_0635,line,220kV,line_72,118.45
edge_00453,node_0635,node_0632,line,220kV,line_72,111.02
edge_00454,node_0636,node_0637,line,220kV,line_73,34.49
edge_00455,node_0637,node_0638,line,220kV,line_73,80.95
edge_00456,node_0638,node_0639,line,220kV,line_73,46.81
edge_00457,node_0639,node_0636,line,220kV,line_73,79.93
edge_00458,node_0640,node_0641,line,220kV,line_74,31.26
edge_00459,node_0641,node_0642,line,220kV,line_74,52.77
edge_00460,node_0642,node_0643,line,220kV,line_74,31.26
edge_00461,node_0643,node_0640,line,220kV,line_74,52.77
edge_00462,node_0644,node_0645,line,220kV,line_75,40.93
edge_00463,node_0645,node_0646,line,220kV,line_75,23.46
edge_00464,node_0646,node_0647,line,220kV,line_75,25.33
edge_00465,node_0647,node_0648,line,220kV,line_75,11.34
edge_00466,node_0648,node_0649,line,220kV,line_75,5.7
edge_00467,node_0649,node_0644,line,220kV,line_75,19.14
edge_00468,node_0206,node_0650,line,220kV,line_76,123.14
edge_00469,node_0650,node_0651,line,220kV,line_76,106.6
edge_00470,node_0651,node_0652,line,220kV,line_76,39.5
edge_00471,node_0652,node_0653,line,220kV,line_76,66.65
edge_00472,node_0653,node_0654,line,220kV,line_76,31.03
edge_00473,node_0654,node_0655,line,220kV,line_76,21.61
edge_00474,node_0655,node_0206,line,220kV,line_76,50.08
edge_00475,node_0656,node_0657,line,220kV,line_77,7.14
edge_00476,node_0657,node_0658,line,220kV,line_77,12.39
edge_00477,node_0658,node_0659,line,220kV,line_77,36.82
edge_00478,node_0659,node_0660,line,220kV,line_77,36.05
edge_00479,node_0660,node_0656,line,220kV,line_77,32.51
edge_00480,node_0661,node_0662,line,220kV,line_78,52.16
edge_00481,node_0662,node_0663,line,220kV,line_78,66.19
edge_00482,node_0663,node_0664,line,220kV,line_78,52.16
edge_00483,node_0664,node_0661,line,220kV,line_78,66.21
edge_00484,node_0665,node_0666,line,220kV,line_79,55.02
edge_00485,node_0666,node_0667,line,220kV,line_79,50.64
edge_00486,node_0667,node_0668,line,220kV,line_79,55.02
edge_00487,node_0668,node_0665,line,220kV,line_79,50.64
edge_00488,node_0669,node_0670,line,220kV,line_80,29.5
edge_00489,node_0670,node_0671,line,220kV,line_80,43.33
edge_00490,node_0671,node_0672,line,220kV,line_80,29.5
edge_00491,node_0672,node_0669,line,220kV,line_80,43.32
edge_00492,node_0673,node_0674,line,220kV,line_81,78.78
edge_00493,node_0674,node_0675,line,220kV,line_81,75.53
edge_00494,node_0675,node_0676,line,220kV,line_81,78.78
edge_00495,node_0676,node_0673,line,220kV,line_81,75.53
edge_00496,node_0677,node_0678,line,220kV,line_82,69.08
edge_00497,node_0678,node_0679,line,220kV,line_82,28.91
edge_00498,node_0679,node_0680,line,220kV,line_82,25.73
edge_00499,node_0680,node_0681,line,220kV,line_82,15.14
edge_00500,node_0681,node_0682,line,220kV,line_82,43.35
edge_00501,node_0682,node_0677,line,220kV,line_82,13.76
edge_00502,node_0207,node_0683,line,220kV,line_83,49.58
edge_00503,node_0683,node_0684,line,220kV,line_83,21.39
edge_00504,node_0684,node_0685,line,220kV,line_83,49.31
edge_00505,node_0685,node_0207,line,220kV,line_83,20.35
edge_00506,node_0208,node_0686,line,220kV,line_84,68.32
edge_00507,node_0686,node_0687,line,220kV,line_84,23.16
edge_00508,node_0687,node_0688,line,220kV,line_84,11.98
edge_00509,node_0688,node_0689,line,220kV,line_84,43.0
edge_00510,node_0689,node_0690,line,220kV,line_84,28.9
edge_00511,node_0690,node_0691,line,220kV,line_84,76.75
edge_00512,node_0691,node_0692,line,220kV,line_84,9.67
edge_00513,node_0692,node_0693,line,220kV,line_84,40.01
edge_00514,node_0693,node_0694,line,220kV,line_84,22.31
edge_00515,node_0694,node_0208,line,220kV,line_84,9.6
edge_00516,node_0695,node_0696,line,220kV,line_85,12.51
edge_00517,node_0696,node_0697,line,220kV,line_85,15.02
edge_00518,node_0697,node_0698,line,220kV,line_85,10.11
edge_00519,node_0698,node_0699,line,220kV,line_85,15.78
edge_00520,node_0699,node_0700,line,220kV,line_85,35.3
edge_00521,node_0700,node_0695,line,220kV,line_85,10.92
edge_00522,node_0701,node_0702,line,220kV,line_86,69.19
edge_00523,node_0702,node_0703,line,220kV,line_86,61.25
edge_00524,node_0703,node_0704,line,220kV,line_86,54.71
edge_00525,node_0704,node_0705,line,220kV,line_86,48.87
edge_00526,node_0705,node_0706,line,220kV,line_86,2.13
edge_00527,node_0706,node_0707,line,220kV,line_86,23.46
edge_00528,node_0707,node_0708,line,220kV,line_86,26.8
edge_00529,node_0708,node_0701,line,220kV,line_86,81.71
edge_00530,node_0709,node_0710,line,220kV,line_87,15.04
edge_00531,node_0710,node_0711,line,220kV,line_87,33.64
edge_00532,node_0711,node_0712,line,220kV,line_87,48.87
edge_00533,node_0712,node_0713,line,220kV,line_87,43.39
edge_00534,node_0713,node_0709,line,220kV,line_87,40.92
edge_00535,node_0714,node_0715,line,220kV,line_88,16.28
edge_00536,node_0715,node_0716,line,220kV,line_88,45.52
edge_00537,node_0716,node_0717,line,220kV,line_88,54.94
edge_00538,node_0717,node_0718,line,220kV,line_88,56.74
edge_00539,node_0718,node_0714,line,220kV,line_88,57.43
edge_00540,node_0719,node_0720,line,220kV,line_89,60.95
edge_00541,node_0720,node_0721,line,220kV,line_89,49.84
edge_00542,node_0721,node_0722,line,220kV,line_89,45.29
edge_00543,node_0722,node_0723,line,220kV,line_89,22.39
edge_00544,node_0723,node_0719,line,220kV,line_89,35.18
edge_00545,node_0724,node_0725,line,220kV,line_90,34.19
edge_00546,node_0725,node_0726,line,220kV,line_90,78.44
edge_00547,node_0726,node_0727,line,220kV,line_90,34.2
edge_00548,node_0727,node_0724,line,220kV,line_90,78.44
edge_00549,node_0728,node_0729,line,220kV,line_91,26.59
edge_00550,node_0729,node_0730,line,220kV,line_91,4.51
edge_00551,node_0730,node_0731,line,220kV,line_91,22.02
edge_00552,node_0731,node_0732,line,220kV,line_91,4.84
edge_00553,node_0732,node_0728,line,220kV,line_91,3.25
edge_00554,node_0209,node_0733,line,220kV,line_92,45.16
edge_00555,node_0733,node_0734,line,220kV,line_92,27.53
edge_00556,node_0734,node_0735,line,220kV,line_92,31.83
edge_00557,node_0735,node_0209,line,220kV,line_92,40.44
edge_00558,node_0736,node_0737,line,220kV,line_93,28.15
edge_00559,node_0737,node_0738,line,220kV,line_93,42.97
edge_00560,node_0738,node_0739,line,220kV,line_93,29.96
edge_00561,node_0739,node_0736,line,220kV,line_93,34.36
edge_00562,node_0740,node_0741,line,220kV,line_94,72.86
edge_00563,node_0741,node_0742,line,220kV,line_94,7.47
edge_00564,node_0742,node_0743,line,220kV,line_94,51.38
edge_00565,node_0743,node_0744,line,220kV,line_94,31.54
edge_00566,node_0744,node_0745,line,220kV,line_94,12.48
edge_00567,node_0745,node_0746,line,220kV,line_94,5.05
edge_00568,node_0746,node_0740,line,220kV,line_94,32.49
edge_00569,node_0747,node_0748,line,220kV,line_95,65.06
edge_00570,node_0748,node_0749,line,220kV,line_95,27.32
edge_00571,node_0749,node_0750,line,220kV,line_95,65.06
edge_00572,node_0750,node_0747,line,220kV,line_95,27.31
edge_00573,node_0210,node_0751,line,220kV,line_96,17.05
edge_00574,node_0751,node_0752,line,220kV,line_96,39.34
edge_00575,node_0752,node_0753,line,220kV,line_96,15.73
edge_00576,node_0753,node_0210,line,220kV,line_96,38.37
edge_00577,node_0211,node_0754,line,220kV,line_97,33.17
edge_00578,node_0754,node_0755,line,220kV,line_97,28.16
edge_00579,node_0755,node_0756,line,220kV,line_97,33.17
edge_00580,node_0756,node_0211,line,220kV,line_97,28.16
edge_00581,node_0212,node_0757,line,220kV,line_98,58.68
edge_00582,node_0757,node_0758,line,220kV,line_98,56.05
edge_00583,node_0758,node_0759,line,220kV,line_98,25.28
edge_00584,node_0759,node_0760,line,220kV,line_98,14.7
edge_00585,node_0760,node_0761,line,220kV,line_98,11.71
edge_00586,node_0761,node_0762,line,220kV,line_98,14.98
edge_00587,node_0762,node_0212,line,220kV,line_98,66.57
edge_00588,node_0213,node_0288,line,220kV,line_99,29.98
edge_00589,node_0288,node_0186,line,220kV,line_99,50.94
edge_00590,node_0186,node_0763,line,220kV,line_99,14.53
edge_00591,node_0763,node_0764,line,220kV,line_99,29.01
edge_00592,node_0764,node_0765,line,220kV,line_99,45.14
edge_00593,node_0765,node_0766,line,220kV,line_99,13.42
edge_00594,node_0766,node_0213,line,220kV,line_99,7.53
edge_00595,node_0767,node_0768,line,220kV,line_100,55.1
edge_00596,node_0768,node_0769,line,220kV,line_100,30.3
edge_00597,node_0769,node_0770,line,220kV,line_100,31.43
edge_00598,node_0770,node_0771,line,220kV,line_100,11.31
edge_00599,node_0771,node_0772,line,220kV,line_100,12.97
edge_00600,node_0772,node_0767,line,220kV,line_100,6.88
edge_00601,node_0214,node_0773,line,220kV,line_101,29.11
edge_00602,node_0773,node_0774,line,220kV,line_101,34.62
edge_00603,node_0774,node_0775,line,220kV,line_101,31.64
edge_00604,node_0775,node_0214,line,220kV,line_101,38.17
edge_00605,node_0215,node_0776,line,220kV,line_102,53.18
edge_00606,node_0776,node_0777,line,220kV,line_102,18.4
edge_00607,node_0777,node_0778,line,220kV,line_102,21.88
edge_00608,node_0778,node_0779,line,220kV,line_102,17.38
edge_00609,node_0779,node_0780,line,220kV,line_102,28.69
edge_00610,node_0780,node_0215,line,220kV,line_102,33.06
edge_00611,node_0216,node_0781,line,220kV,line_103,84.93
edge_00612,node_0781,node_0782,line,220kV,line_103,42.67
edge_00613,node_0782,node_0783,line,220kV,line_103,21.29
edge_00614,node_0783,node_0784,line,220kV,line_103,84.14
edge_00615,node_0784,node_0216,line,220kV,line_103,77.9
edge_00616,node_0217,node_0785,line,220kV,line_104,54.06
edge_00617,node_0785,node_0786,line,220kV,line_104,26.03
edge_00618,node_0786,node_0787,line,220kV,line_104,30.73
edge_00619,node_0787,node_0788,line,220kV,line_104,55.49
edge_00620,node_0788,node_0217,line,220kV,line_104,56.54
edge_00621,node_0195,node_0789,line,220kV,line_105,83.58
edge_00622,node_0789,node_0790,line,220kV,line_105,78.34
edge_00623,node_0790,node_0791,line,220kV,line_105,16.6
edge_00624,node_0791,node_0792,line,220kV,line_105,62.08
edge_00625,node_0792,node_0375,line,220kV,line_105,5.72
edge_00626,node_0375,node_0195,line,220kV,line_105,77.86
edge_00627,node_0793,node_0794,line,220kV,line_106,44.06
edge_00628,node_0794,node_0795,line,220kV,line_106,20.85
edge_00629,node_0795,node_0796,line,220kV,line_106,51.67
edge_00630,node_0796,node_0797,line,220kV,line_106,102.22
edge_00631,node_0797,node_0798,line,220kV,line_106,101.02
edge_00632,node_0798,node_0793,line,220kV,line_106,79.26
edge_00633,node_0208,node_0799,line,220kV,line_107,42.74
edge_00634,node_0799,node_0800,line,220kV,line_107,23.09
edge_00635,node_0800,node_0801,line,220kV,line_107,68.7
edge_00636,node_0801,node_0802,line,220kV,line_107,39.32
edge_00637,node_0802,node_0686,line,220kV,line_107,34.99
edge_00638,node_0686,node_0208,line,220kV,line_107,68.32
edge_00639,node_0204,node_0623,line,220kV,line_108,108.46
edge_00640,node_0623,node_0803,line,220kV,line_108,108.56
edge_00641,node_0803,node_0804,line,220kV,line_108,107.86
edge_00642,node_0804,node_0204,line,220kV,line_108,96.91
edge_00643,node_0187,node_0805,line,220kV,line_109,26.63
edge_00644,node_0805,node_0806,line,220kV,line_109,68.21
edge_00645,node_0806,node_0301,line,220kV,line_109,28.1
edge_00646,node_0301,node_0187,line,220kV,line_109,67.2
edge_00647,node_0192,node_0358,line,220kV,line_110,109.43
edge_00648,node_0358,node_0807,line,220kV,line_110,81.79
edge_00649,node_0807,node_0808,line,220kV,line_110,9.26
edge_00650,node_0808,node_0809,line,220kV,line_110,106.04
edge_00651,node_0809,node_0810,line,220kV,line_110,36.32
edge_00652,node_0810,node_0192,line,220kV,line_110,42.37
edge_00653,node_0182,node_0222,line,220kV,line_111,238.71
edge_00654,node_0222,node_0811,line,220kV,line_111,11.79
edge_00655,node_0811,node_0812,line,220kV,line_111,41.64
edge_00656,node_0812,node_0813,line,220kV,line_111,14.8
edge_00657,node_0813,node_0814,line,220kV,line_111,150.83
edge_00658,node_0814,node_0815,line,220kV,line_111,110.04
edge_00659,node_0815,node_0182,line,220kV,line_111,64.03
edge_00660,node_0183,node_0816,line,220kV,line_112,65.25
edge_00661,node_0816,node_0817,line,220kV,line_112,253.35
edge_00662,node_0817,node_0230,line,220kV,line_112,65.25
edge_00663,node_0230,node_0183,line,220kV,line_112,253.35
edge_00664,node_0818,node_0819,line,220kV,line_113,64.99
edge_00665,node_0819,node_0820,line,220kV,line_113,24.02
edge_00666,node_0820,node_0821,line,220kV,line_113,6.22
edge_00667,node_0821,node_0822,line,220kV,line_113,64.03
edge_00668,node_0822,node_0818,line,220kV,line_113,30.8
edge_00669,node_0823,node_0824,line,220kV,line_114,39.17
edge_00670,node_0824,node_0825,line,220kV,line_114,52.28
edge_00671,node_0825,node_0826,line,220kV,line_114,42.92
edge_00672,node_0826,node_0823,line,220kV,line_114,49.98
edge_00673,node_0827,node_0828,line,220kV,line_115,36.72
edge_00674,node_0828,node_0829,line,220kV,line_115,30.95
edge_00675,node_0829,node_0830,line,220kV,line_115,35.78
edge_00676,node_0830,node_0827,line,220kV,line_115,32.85
edge_00677,node_0831,node_0832,line,220kV,line_116,66.36
edge_00678,node_0832,node_0833,line,220kV,line_116,63.5
edge_00679,node_0833,node_0834,line,220kV,line_116,154.32
edge_00680,node_0834,node_0835,line,220kV,line_116,41.39
edge_00681,node_0835,node_0831,line,220kV,line_116,96.04
edge_00682,node_0836,node_0837,line,220kV,line_117,62.24
edge_00683,node_0837,node_0838,line,220kV,line_117,9.41
edge_00684,node_0838,node_0839,line,220kV,line_117,61.62
edge_00685,node_0839,node_0836,line,220kV,line_117,24.38
edge_00686,node_0840,node_0841,line,220kV,line_118,40.17
edge_00687,node_0841,node_0842,line,220kV,line_118,25.45
edge_00688,node_0842,node_0843,line,220kV,line_118,40.17
edge_00689,node_0843,node_0840,line,220kV,line_118,25.44
edge_00690,node_0844,node_0845,line,220kV,line_119,102.19
edge_00691,node_0845,node_0846,line,220kV,line_119,9.35
edge_00692,node_0846,node_0847,line,220kV,line_119,34.13
edge_00693,node_0847,node_0848,line,220kV,line_119,17.8
edge_00694,node_0848,node_0849,line,220kV,line_119,64.01
edge_00695,node_0849,node_0844,line,220kV,line_119,48.87
edge_00696,node_0850,node_0851,line,220kV,line_120,58.11
edge_00697,node_0851,node_0852,line,220kV,line_120,33.8
edge_00698,node_0852,node_0853,line,220kV,line_120,58.11
edge_00699,node_0853,node_0850,line,220kV,line_120,33.81
edge_00700,node_0854,node_0855,line,220kV,line_121,39.61
edge_00701,node_0855,node_0856,line,220kV,line_121,32.4
edge_00702,node_0856,node_0857,line,220kV,line_121,42.66
edge_00703,node_0857,node_0858,line,220kV,line_121,28.95
edge_00704,node_0858,node_0854,line,220kV,line_121,4.61
edge_00705,node_0859,node_0860,line,220kV,line_122,58.05
edge_00706,node_0860,node_0861,line,220kV,line_122,16.37
edge_00707,node_0861,node_0862,line,220kV,line_122,6.84
edge_00708,node_0862,node_0863,line,220kV,line_122,32.09
edge_00709,node_0863,node_0864,line,220kV,line_122,25.44
edge_00710,node_0864,node_0865,line,220kV,line_122,63.5
edge_00711,node_0865,node_0866,line,220kV,line_122,68.66
edge_00712,node_0866,node_0867,line,220kV,line_122,134.63
edge_00713,node_0867,node_0859,line,220kV,line_122,17.75
edge_00714,node_0868,node_0869,line,220kV,line_123,11.28
edge_00715,node_0869,node_0870,line,220kV,line_123,17.08
edge_00716,node_0870,node_0868,line,220kV,line_123,20.91
edge_00717,node_0871,node_0872,line,220kV,line_124,59.23
edge_00718,node_0872,node_0873,line,220kV,line_124,47.88
edge_00719,node_0873,node_0874,line,220kV,line_124,52.6
edge_00720,node_0874,node_0875,line,220kV,line_124,6.49
edge_00721,node_0875,node_0871,line,220kV,line_124,47.9
edge_00722,node_0876,node_0877,line,220kV,line_125,39.82
edge_00723,node_0877,node_0878,line,220kV,line_125,59.02
edge_00724,node_0878,node_0879,line,220kV,line_125,38.63
edge_00725,node_0879,node_0876,line,220kV,line_125,57.38
edge_00726,node_0880,node_0881,line,220kV,line_126,58.79
edge_00727,node_0881,node_0882,line,220kV,line_126,35.2
edge_00728,node_0882,node_0883,line,220kV,line_126,58.79
edge_00729,node_0883,node_0880,line,220kV,line_126,35.2
edge_00730,node_0884,node_0885,line,220kV,line_127,19.51
edge_00731,node_0885,node_0708,line,220kV,line_127,59.6
edge_00732,node_0708,node_0707,line,220kV,line_127,26.8
edge_00733,node_0707,node_0706,line,220kV,line_127,23.46
edge_00734,node_0706,node_0705,line,220kV,line_127,2.13
edge_00735,node_0705,node_0886,line,220kV,line_127,24.17
edge_00736,node_0886,node_0884,line,220kV,line_127,15.39
edge_00737,node_0887,node_0888,line,220kV,line_128,5.59
edge_00738,node_0888,node_0889,line,220kV,line_128,96.72
edge_00739,node_0889,node_0890,line,220kV,line_128,166.07
edge_00740,node_0890,node_0891,line,220kV,line_128,96.78
edge_00741,node_0891,node_0892,line,220kV,line_128,85.54
edge_00742,node_0892,node_0893,line,220kV,line_128,111.73
edge_00743,node_0893,node_0894,line,220kV,line_128,34.49
edge_00744,node_0894,node_0895,line,220kV,line_128,66.51
edge_00745,node_0895,node_0896,line,220kV,line_128,14.09
edge_00746,node_0896,node_0897,line,220kV,line_128,29.72
edge_00747,node_0897,node_0887,line,220kV,line_128,12.71
edge_00748,node_0898,node_0899,line,220kV,line_129,16.13
edge_00749,node_0899,node_0900,line,220kV,line_129,9.77
edge_00750,node_0900,node_0901,line,220kV,line_129,16.29
edge_00751,node_0901,node_0898,line,220kV,line_129,9.95
edge_00752,node_0902,node_0903,line,220kV,line_130,8.15
edge_00753,node_0903,node_0904,line,220kV,line_130,22.84
edge_00754,node_0904,node_0905,line,220kV,line_130,8.49
edge_00755,node_0905,node_0902,line,220kV,line_130,22.76
edge_00756,node_0906,node_0907,line,220kV,line_131,70.11
edge_00757,node_0907,node_0908,line,220kV,line_131,47.89
edge_00758,node_0908,node_0909,line,220kV,line_131,70.17
edge_00759,node_0909,node_0906,line,220kV,line_131,34.9
edge_00760,node_0910,node_0911,line,220kV,line_132,39.98
edge_00761,node_0911,node_0912,line,220kV,line_132,70.26
edge_00762,node_0912,node_0913,line,220kV,line_132,36.35
edge_00763,node_0913,node_0910,line,220kV,line_132,64.1
edge_00764,node_0914,node_0915,line,220kV,line_133,62.58
edge_00765,node_0915,node_0916,line,220kV,line_133,25.32
edge_00766,node_0916,node_0917,line,220kV,line_133,62.58
edge_00767,node_0917,node_0914,line,220kV,line_133,25.31
edge_00768,node_0918,node_0919,line,220kV,line_134,36.31
edge_00769,node_0919,node_0920,line,220kV,line_134,69.49
edge_00770,node_0920,node_0921,line,220kV,line_134,35.42
edge_00771,node_0921,node_0918,line,220kV,line_134,68.93
edge_00772,node_0922,node_0923,line,220kV,line_135,48.44
edge_00773,node_0923,node_0924,line,220kV,line_135,45.2
edge_00774,node_0924,node_0925,line,220kV,line_135,48.02
edge_00775,node_0925,node_0922,line,220kV,line_135,42.27
edge_00776,node_0926,node_0927,line,220kV,line_136,59.03
edge_00777,node_0927,node_0928,line,220kV,line_136,38.15
edge_00778,node_0928,node_0929,line,220kV,line_136,59.03
edge_00779,node_0929,node_0926,line,220kV,line_136,38.14
edge_00780,node_0930,node_0931,line,220kV,line_137,38.27
edge_00781,node_0931,node_0932,line,220kV,line_137,40.81
edge_00782,node_0932,node_0933,line,220kV,line_137,19.65
edge_00783,node_0933,node_0934,line,220kV,line_137,40.73
edge_00784,node_0934,node_0930,line,220kV,line_137,60.42
edge_00785,node_0935,node_0936,line,220kV,line_138,5.59
edge_00786,node_0936,node_0937,line,220kV,line_138,35.06
edge_00787,node_0937,node_0938,line,220kV,line_138,58.84
edge_00788,node_0938,node_0939,line,220kV,line_138,40.66
edge_00789,node_0939,node_0940,line,220kV,line_138,33.43
edge_00790,node_0940,node_0935,line,220kV,line_138,25.41
edge_00791,node_0941,node_0942,line,220kV,line_139,26.06
edge_00792,node_0942,node_0943,line,220kV,line_139,19.49
edge_00793,node_0943,node_0944,line,220kV,line_139,26.05
edge_00794,node_0944,node_0941,line,220kV,line_139,19.5
edge_00795,node_0945,node_0946,line,220kV,line_140,46.98
edge_00796,node_0946,node_0947,line,220kV,line_140,26.58
edge_00797,node_0947,node_0948,line,220kV,line_140,46.99
edge_00798,node_0948,node_0945,line,220kV,line_140,26.57
edge_00799,node_0949,node_0950,line,220kV,line_141,18.25
edge_00800,node_0950,node_0951,line,220kV,line_141,15.84
edge_00801,node_0951,node_0952,line,220kV,line_141,10.88
edge_00802,node_0952,node_0953,line,220kV,line_141,10.99
edge_00803,node_0953,node_0949,line,220kV,line_141,16.31
edge_00804,node_0954,node_0955,line,220kV,line_142,8.95
edge_00805,node_0955,node_0956,line,220kV,line_142,54.43
edge_00806,node_0956,node_0957,line,220kV,line_142,8.95
edge_00807,node_0957,node_0958,line,220kV,line_142,50.6
edge_00808,node_0958,node_0954,line,220kV,line_142,3.82
edge_00809,node_0959,node_0960,line,220kV,line_143,44.47
edge_00810,node_0960,node_0961,line,220kV,line_143,58.65
edge_00811,node_0961,node_0962,line,220kV,line_143,44.87
edge_00812,node_0962,node_0959,line,220kV,line_143,60.92
edge_00813,node_0963,node_0964,line,220kV,line_144,36.71
edge_00814,node_0964,node_0965,line,220kV,line_144,59.49
edge_00815,node_0965,node_0966,line,220kV,line_144,37.18
edge_00816,node_0966,node_0963,line,220kV,line_144,48.22
edge_00817,node_0967,node_0968,line,220kV,line_145,45.0
edge_00818,node_0968,node_0969,line,220kV,line_145,32.4
edge_00819,node_0969,node_0970,line,220kV,line_145,43.37
edge_00820,node_0970,node_0971,line,220kV,line_145,38.46
edge_00821,node_0971,node_0967,line,220kV,line_145,2.16
edge_00822,node_0972,node_0973,line,220kV,line_146,50.21
edge_00823,node_0973,node_0974,line,220kV,line_146,5.34
edge_00824,node_0974,node_0975,line,220kV,line_146,50.21
edge_00825,node_0975,node_0972,line,220kV,line_146,5.34
edge_00826,node_0976,node_0816,line,220kV,line_147,144.82
edge_00827,node_0816,node_0977,line,220kV,line_147,302.9
edge_00828,node_0977,node_0978,line,220kV,line_147,132.17
edge_00829,node_0978,node_0979,line,220kV,line_147,50.1
edge_00830,node_0979,node_0980,line,220kV,line_147,22.35
edge_00831,node_0980,node_0981,line,220kV,line_147,128.39
edge_00832,node_0981,node_0982,line,220kV,line_147,38.6
edge_00833,node_0982,node_0976,line,220kV,line_147,129.16
edge_00834,node_0983,node_0984,line,220kV,line_148,44.77
edge_00835,node_0984,node_0985,line,220kV,line_148,61.56
edge_00836,node_0985,node_0986,line,220kV,line_148,66.72
edge_00837,node_0986,node_0983,line,220kV,line_148,32.69
edge_00838,node_0987,node_0988,line,220kV,line_149,10.06
edge_00839,node_0988,node_0989,line,220kV,line_149,29.8
edge_00840,node_0989,node_0990,line,220kV,line_149,10.06
edge_00841,node_0990,node_0987,line,220kV,line_149,29.8
edge_00842,node_0991,node_0992,line,220kV,line_150,85.34
edge_00843,node_0992,node_0993,line,220kV,line_150,57.93
edge_00844,node_0993,node_0994,line,220kV,line_150,46.26
edge_00845,node_0994,node_0991,line,220kV,line_150,69.95
edge_00846,node_0995,node_0996,line,220kV,line_151,19.71
edge_00847,node_0996,node_0997,line,220kV,line_151,43.77
edge_00848,node_0997,node_0998,line,220kV,line_151,76.59
edge_00849,node_0998,node_0999,line,220kV,line_151,44.92
edge_00850,node_0999,node_0995,line,220kV,line_151,50.44
edge_00851,node_1000,node_1001,line,220kV,line_152,64.29
edge_00852,node_1001,node_1002,line,220kV,line_152,71.46
edge_00853,node_1002,node_1003,line,220kV,line_152,60.89
edge_00854,node_1003,node_1000,line,220kV,line_152,63.88
edge_00855,node_1004,node_1005,line,220kV,line_153,54.85
edge_00856,node_1005,node_1006,line,220kV,line_153,36.02
edge_00857,node_1006,node_1007,line,220kV,line_153,47.32
edge_00858,node_1007,node_1008,line,220kV,line_153,88.39
edge_00859,node_1008,node_1004,line,220kV,line_153,45.95
edge_00860,node_1009,node_1010,line,220kV,line_154,45.02
edge_00861,node_1010,node_1011,line,220kV,line_154,51.08
edge_00862,node_1011,node_1012,line,220kV,line_154,38.04
edge_00863,node_1012,node_1009,line,220kV,line_154,51.2
edge_00864,node_1013,node_1014,line,220kV,line_155,35.16
edge_00865,node_1014,node_1015,line,220kV,line_155,43.88
edge_00866,node_1015,node_1016,line,220kV,line_155,29.18
edge_00867,node_1016,node_1017,line,220kV,line_155,28.88
edge_00868,node_1017,node_1013,line,220kV,line_155,15.98
edge_00869,node_1018,node_1019,line,220kV,line_156,48.54
edge_00870,node_1019,node_1020,line,220kV,line_156,3.76
edge_00871,node_1020,node_1021,line,220kV,line_156,4.22
edge_00872,node_1021,node_1022,line,220kV,line_156,4.14
edge_00873,node_1022,node_1023,line,220kV,line_156,4.7
edge_00874,node_1023,node_1024,line,220kV,line_156,54.23
edge_00875,node_1024,node_1025,line,220kV,line_156,56.98
edge_00876,node_1025,node_1018,line,220kV,line_156,72.03
edge_00877,node_1026,node_1027,line,220kV,line_157,137.75
edge_00878,node_1027,node_1028,line,220kV,line_157,43.28
edge_00879,node_1028,node_1029,line,220kV,line_157,13.74
edge_00880,node_1029,node_1030,line,220kV,line_157,68.82
edge_00881,node_1030,node_1031,line,220kV,line_157,124.79
edge_00882,node_1031,node_1026,line,220kV,line_157,108.48
edge_00883,node_1032,node_1033,line,220kV,line_158,89.71
edge_00884,node_1033,node_1034,line,220kV,line_158,91.41
edge_00885,node_1034,node_1035,line,220kV,line_158,88.26
edge_00886,node_1035,node_1032,line,220kV,line_158,95.75
edge_00887,node_1036,node_1037,line,220kV,line_159,5.4
edge_00888,node_1037,node_1038,line,220kV,line_159,3.53
edge_00889,node_1038,node_1039,line,220kV,line_159,5.39
edge_00890,node_1039,node_1036,line,220kV,line_159,3.52
edge_00891,node_1040,node_1041,line,220kV,line_160,5.66
edge_00892,node_1041,node_1042,line,220kV,line_160,9.96
edge_00893,node_1042,node_1043,line,220kV,line_160,6.56
edge_00894,node_1043,node_1044,line,220kV,line_160,16.03
edge_00895,node_1044,node_1040,line,220kV,line_160,8.39
edge_00896,node_1045,node_1046,line,220kV,line_161,11.53
edge_00897,node_1046,node_1047,line,220kV,line_161,28.43
edge_00898,node_1047,node_1048,line,220kV,line_161,65.77
edge_00899,node_1048,node_1049,line,220kV,line_161,38.75
edge_00900,node_1049,node_1045,line,220kV,line_161,56.33
edge_00901,node_1050,node_1051,line,220kV,line_162,69.68
edge_00902,node_1051,node_1052,line,220kV,line_162,55.26
edge_00903,node_1052,node_1053,line,220kV,line_162,70.74
edge_00904,node_1053,node_1050,line,220kV,line_162,53.1
edge_00905,node_1054,node_1055,line,220kV,line_163,25.33
edge_00906,node_1055,node_1056,line,220kV,line_163,20.71
edge_00907,node_1056,node_1057,line,220kV,line_163,9.67
edge_00908,node_1057,node_1058,line,220kV,line_163,50.04
edge_00909,node_1058,node_1059,line,220kV,line_163,33.74
edge_00910,node_1059,node_1054,line,220kV,line_163,74.69
edge_00911,node_1060,node_1061,line,220kV,line_164,39.69
edge_00912,node_1061,node_1062,line,220kV,line_164,76.87
edge_00913,node_1062,node_1063,line,220kV,line_164,22.45
edge_00914,node_1063,node_1064,line,220kV,line_164,53.04
edge_00915,node_1064,node_1065,line,220kV,line_164,34.29
edge_00916,node_1065,node_1060,line,220kV,line_164,113.26
edge_00917,node_1066,node_1067,line,220kV,line_165,86.81
edge_00918,node_1067,node_1068,line,220kV,line_165,103.41
edge_00919,node_1068,node_1069,line,220kV,line_165,112.3
edge_00920,node_1069,node_1066,line,220kV,line_165,172.6
edge_00921,node_1070,node_1071,line,220kV,line_166,50.25
edge_00922,node_1071,node_1072,line,220kV,line_166,30.65
edge_00923,node_1072,node_1073,line,220kV,line_166,120.65
edge_00924,node_1073,node_1074,line,220kV,line_166,72.65
edge_00925,node_1074,node_1075,line,220kV,line_166,119.5
edge_00926,node_1075,node_1076,line,220kV,line_166,41.77
edge_00927,node_1076,node_1070,line,220kV,line_166,51.03
edge_00928,node_1077,node_1078,line,220kV,line_167,173.91
edge_00929,node_1078,node_1079,line,220kV,line_167,135.11
edge_00930,node_1079,node_1080,line,220kV,line_167,214.84
edge_00931,node_1080,node_1081,line,220kV,line_167,156.52
edge_00932,node_1081,node_1082,line,220kV,line_167,358.46
edge_00933,node_1082,node_1083,line,220kV,line_167,225.07
edge_00934,node_1083,node_1084,line,220kV,line_167,307.26
edge_00935,node_1084,node_1085,line,220kV,line_167,305.85
edge_00936,node_1085,node_1086,line,220kV,line_167,271.88
edge_00937,node_1086,node_1087,line,220kV,line_167,266.67
edge_00938,node_1087,node_1088,line,220kV,line_167,312.87
edge_00939,node_1088,node_1089,line,220kV,line_167,292.74
edge_00940,node_1089,node_1090,line,220kV,line_167,310.87
edge_00941,node_1090,node_1091,line,220kV,line_167,350.93
edge_00942,node_1091,node_1092,line,220kV,line_167,290.52
edge_00943,node_1092,node_1093,line,220kV,line_167,309.34
edge_00944,node_1093,node_1094,line,220kV,line_167,319.7
edge_00945,node_1094,node_1095,line,220kV,line_167,274.04
edge_00946,node_1095,node_1096,line,220kV,line_167,349.73
edge_00947,node_1096,node_1097,line,220kV,line_167,340.64
edge_00948,node_1097,node_1098,line,220kV,line_167,101.2
edge_00949,node_1098,node_1099,line,220kV,line_167,21.26
edge_00950,node_1099,node_1100,line,220kV,line_167,69.94
edge_00951,node_1100,node_1101,line,220kV,line_167,88.32
edge_00952,node_1101,node_1102,line,220kV,line_167,219.83
edge_00953,node_1102,node_1103,line,220kV,line_167,334.17
edge_00954,node_1103,node_1104,line,220kV,line_167,308.37
edge_00955,node_1104,node_1105,line,220kV,line_167,310.23
edge_00956,node_1105,node_1106,line,220kV,line_167,267.86
edge_00957,node_1106,node_1107,line,220kV,line_167,266.45
edge_00958,node_1107,node_1108,line,220kV,line_167,269.7
edge_00959,node_1108,node_1109,line,220kV,line_167,245.49
edge_00960,node_1109,node_1110,line,220kV,line_167,243.28
edge_00961,node_1110,node_1111,line,220kV,line_167,310.17
edge_00962,node_1111,node_1112,line,220kV,line_167,276.51
edge_00963,node_1112,node_1113,line,220kV,line_167,286.25
edge_00964,node_1113,node_1114,line,220kV,line_167,300.69
edge_00965,node_1114,node_1115,line,220kV,line_167,217.76
edge_00966,node_1115,node_1116,line,220kV,line_167,306.67
edge_00967,node_1116,node_1117,line,220kV,line_167,252.23
edge_00968,node_1117,node_1118,line,220kV,line_167,212.13
edge_00969,node_1118,node_1119,line,220kV,line_167,333.0
edge_00970,node_1119,node_1120,line,220kV,line_167,195.29
edge_00971,node_1120,node_1121,line,220kV,line_167,105.05
edge_00972,node_1121,node_1122,line,220kV,line_167,11.06
edge_00973,node_1122,node_1123,line,220kV,line_167,147.64
edge_00974,node_1123,node_1124,line,220kV,line_167,132.52
edge_00975,node_1124,node_1125,line,220kV,line_167,181.0
edge_00976,node_1125,node_1126,line,220kV,line_167,93.59
edge_00977,node_1126,node_1127,line,220kV,line_167,275.67
edge_00978,node_1127,node_1128,line,220kV,line_167,287.55
edge_00979,node_1128,node_1129,line,220kV,line_167,339.84
edge_00980,node_1129,node_1130,line,220kV,line_167,301.89
edge_00981,node_1130,node_1131,line,220kV,line_167,274.89
edge_00982,node_1131,node_1132,line,220kV,line_167,295.11
edge_00983,node_1132,node_1133,line,220kV,line_167,301.18
edge_00984,node_1133,node_1134,line,220kV,line_167,324.47
edge_00985,node_1134,node_1135,line,220kV,line_167,212.78
edge_00986,node_1135,node_1136,line,220kV,line_167,274.88
edge_00987,node_1136,node_1137,line,220kV,line_167,332.83
edge_00988,node_1137,node_1138,line,220kV,line_167,299.17
edge_00989,node_1138,node_1139,line,220kV,line_167,270.95
edge_00990,node_1139,node_1140,line,220kV,line_167,273.42
edge_00991,node_1140,node_1141,line,220kV,line_167,193.2
edge_00992,node_1141,node_1142,line,220kV,line_167,79.35
edge_00993,node_1142,node_1143,line,220kV,line_167,271.89
edge_00994,node_1143,node_1144,line,220kV,line_167,238.27
edge_00995,node_1144,node_1145,line,220kV,line_167,262.2
edge_00996,node_1145,node_1146,line,220kV,line_167,298.81
edge_00997,node_1146,node_1147,line,220kV,line_167,297.0
edge_00998,node_1147,node_1148,line,220kV,line_167,302.8
edge_00999,node_1148,node_1149,line,220kV,line_167,231.67
edge_01000,node_1149,node_1150,line,220kV,line_167,346.32
edge_01001,node_1150,node_1151,line,220kV,line_167,328.1
edge_01002,node_1151,node_1152,line,220kV,line_167,217.63
edge_01003,node_1152,node_1153,line,220kV,line_167,277.35
edge_01004,node_1153,node_1154,line,220kV,line_167,296.79
edge_01005,node_1154,node_1155,line,220kV,line_167,303.13
edge_01006,node_1155,node_1156,line,220kV,line_167,298.73
edge_01007,node_1156,node_1157,line,220kV,line_167,275.09
edge_01008,node_1157,node_1158,line,220kV,line_167,302.74
edge_01009,node_1158,node_1159,line,220kV,line_167,309.88
edge_01010,node_1159,node_1160,line,220kV,line_167,285.56
edge_01011,node_1160,node_1161,line,220kV,line_167,288.78
edge_01012,node_1161,node_1162,line,220kV,line_167,321.47
edge_01013,node_1162,node_1163,line,220kV,line_167,362.46
edge_01014,node_1163,node_1164,line,220kV,line_167,320.13
edge_01015,node_1164,node_1165,line,220kV,line_167,277.15
edge_01016,node_1165,node_1166,line,220kV,line_167,257.95
edge_01017,node_1166,node_1167,line,220kV,line_167,239.37
edge_01018,node_1167,node_1168,line,220kV,line_167,265.72
edge_01019,node_1168,node_1169,line,220kV,line_167,274.18
edge_01020,node_1169,node_1170,line,220kV,line_167,258.63
edge_01021,node_1170,node_1171,line,220kV,line_167,318.71
edge_01022,node_1171,node_1172,line,220kV,line_167,267.6
edge_01023,node_1172,node_1173,line,220kV,line_167,95.87
edge_01024,node_1173,node_1174,line,220kV,line_167,158.72
edge_01025,node_1174,node_1175,line,220kV,line_167,276.89
edge_01026,node_1175,node_1176,line,220kV,line_167,284.83
edge_01027,node_1176,node_1177,line,220kV,line_167,348.26
edge_01028,node_1177,node_1178,line,220kV,line_167,302.35
edge_01029,node_1178,node_1179,line,220kV,line_167,302.09
edge_01030,node_1179,node_1180,line,220kV,line_167,321.42
edge_01031,node_1180,node_1181,line,220kV,line_167,297.4
edge_01032,node_1181,node_1182,line,220kV,line_167,111.25
edge_01033,node_1182,node_1183,line,220kV,line_167,348.93
edge_01034,node_1183,node_1184,line,220kV,line_167,333.26
edge_01035,node_1184,node_1185,line,220kV,line_167,75.45
edge_01036,node_1185,node_1186,line,220kV,line_167,93.62
edge_01037,node_1186,node_1187,line,220kV,line_167,222.73
edge_01038,node_1187,node_1188,line,220kV,line_167,290.0
edge_01039,node_1188,node_1189,line,220kV,line_167,497.0
edge_01040,node_1189,node_1190,line,220kV,line_167,209.59
edge_01041,node_1190,node_1191,line,220kV,line_167,165.92
edge_01042,node_1191,node_1192,line,220kV,line_167,139.76
edge_01043,node_1192,node_1193,line,220kV,line_167,273.88
edge_01044,node_1193,node_1194,line,220kV,line_167,284.01
edge_01045,node_1194,node_1195,line,220kV,line_167,275.7
edge_01046,node_1195,node_1196,line,220kV,line_167,198.52
edge_01047,node_1197,node_1198,line,220kV,line_168,125.66
edge_01048,node_1198,node_1199,line,220kV,line_168,282.11
edge_01049,node_1199,node_1200,line,220kV,line_168,239.14
edge_01050,node_1200,node_1201,line,220kV,line_168,381.19
edge_01051,node_1201,node_1202,line,220kV,line_168,152.72
edge_01052,node_1202,node_1203,line,220kV,line_168,453.85
edge_01053,node_1203,node_1204,line,220kV,line_168,429.88
edge_01054,node_1204,node_1205,line,220kV,line_168,334.44
edge_01055,node_1205,node_1206,line,220kV,line_168,277.09
edge_01056,node_1206,node_1207,line,220kV,line_168,398.62
edge_01057,node_1207,node_1208,line,220kV,line_168,384.36
edge_01058,node_1208,node_1209,line,220kV,line_168,373.95
edge_01059,node_1209,node_1210,line,220kV,line_168,375.67
edge_01060,node_1210,node_1211,line,220kV,line_168,287.62
edge_01061,node_1211,node_1212,line,220kV,line_168,358.24
edge_01062,node_1212,node_1213,line,220kV,line_168,243.71
edge_01063,node_1213,node_1214,line,220kV,line_168,405.03
edge_01064,node_1214,node_1215,line,220kV,line_168,371.77
edge_01065,node_1215,node_1216,line,220kV,line_168,403.76
edge_01066,node_1216,node_1217,line,220kV,line_168,391.04
edge_01067,node_1217,node_1218,line,220kV,line_168,389.95
edge_01068,node_1218,node_1219,line,220kV,line_168,393.35
edge_01069,node_1219,node_1220,line,220kV,line_168,405.7
edge_01070,node_1220,node_1221,line,220kV,line_168,385.34
edge_01071,node_1221,node_1222,line,220kV,line_168,434.59
edge_01072,node_1222,node_1223,line,220kV,line_168,335.28
edge_01073,node_1223,node_1224,line,220kV,line_168,301.77
edge_01074,node_1224,node_1225,line,220kV,line_168,382.58
edge_01075,node_1225,node_1226,line,220kV,line_168,380.42
edge_01076,node_1226,node_1227,line,220kV,line_168,354.42
edge_01077,node_1227,node_1228,line,220kV,line_168,381.06
edge_01078,node_1228,node_1229,line,220kV,line_168,389.62
edge_01079,node_1229,node_1230,line,220kV,line_168,319.83
edge_01080,node_1230,node_1231,line,220kV,line_168,416.04
edge_01081,node_1231,node_1232,line,220kV,line_168,407.89
edge_01082,node_1232,node_1233,line,220kV,line_168,348.39
edge_01083,node_1233,node_1234,line,220kV,line_168,349.35
edge_01084,node_1234,node_1235,line,220kV,line_168,395.56
edge_01085,node_1235,node_1236,line,220kV,line_168,392.64
edge_01086,node_1236,node_1237,line,220kV,line_168,343.05
edge_01087,node_1237,node_1238,line,220kV,line_168,401.9
edge_01088,node_1238,node_1239,line,220kV,line_168,355.3
edge_01089,node_1239,node_1240,line,220kV,line_168,325.21
edge_01090,node_1240,node_1241,line,220kV,line_168,399.73
edge_01091,node_1241,node_1242,line,220kV,line_168,382.15
edge_01092,node_1242,node_1243,line,220kV,line_168,365.43
edge_01093,node_1243,node_1244,line,220kV,line_168,311.92
edge_01094,node_1244,node_1245,line,220kV,line_168,380.36
edge_01095,node_1245,node_1246,line,220kV,line_168,391.22
edge_01096,node_1246,node_1247,line,220kV,line_168,347.69
edge_01097,node_1247,node_1248,line,220kV,line_168,404.86
edge_01098,node_1248,node_1249,line,220kV,line_168,394.12
edge_01099,node_1249,node_1250,line,220kV,line_168,382.84
edge_01100,node_1250,node_1251,line,220kV,line_168,238.6
edge_01101,node_1251,node_1252,line,220kV,line_168,333.9
edge_01102,node_1252,node_1253,line,220kV,line_168,339.22
edge_01103,node_1253,node_1254,line,220kV,line_168,375.14
edge_01104,node_1254,node_1255,line,220kV,line_168,361.25
edge_01105,node_1255,node_1256,line,220kV,line_168,385.08
edge_01106,node_1256,node_1257,line,220kV,line_168,370.48
edge_01107,node_1257,node_1258,line,220kV,line_168,347.71
edge_01108,node_1258,node_1259,line,220kV,line_168,371.21
edge_01109,node_1259,node_1260,line,220kV,line_168,341.58
edge_01110,node_1260,node_1261,line,220kV,line_168,366.17
edge_01111,node_1261,node_1262,line,220kV,line_168,160.83
edge_01112,node_1262,node_1263,line,220kV,line_168,354.89
edge_01113,node_1263,node_1264,line,220kV,line_168,366.62
edge_01114,node_1264,node_1265,line,220kV,line_168,390.1
edge_01115,node_1265,node_1266,line,220kV,line_168,370.48
edge_01116,node_1266,node_1267,line,220kV,line_168,377.93
edge_01117,node_1267,node_1268,line,220kV,line_168,327.51
edge_01118,node_1268,node_1269,line,220kV,line_168,370.96
edge_01119,node_1269,node_1270,line,220kV,line_168,365.7
edge_01120,node_1270,node_1271,line,220kV,line_168,439.63
edge_01121,node_1271,node_1272,line,220kV,line_168,395.58
edge_01122,node_1272,node_1273,line,220kV,line_168,401.82
edge_01123,node_1273,node_1274,line,220kV,line_168,384.48
edge_01124,node_1274,node_1275,line,220kV,line_168,351.01
edge_01125,node_1275,node_1276,line,220kV,line_168,337.5
edge_01126,node_1276,node_1277,line,220kV,line_168,339.22
edge_01127,node_1277,node_1278,line,220kV,line_168,368.55
edge_01128,node_1278,node_1279,line,220kV,line_168,358.85
edge_01129,node_1279,node_1280,line,220kV,line_168,328.29
edge_01130,node_1280,node_1281,line,220kV,line_168,390.63
edge_01131,node_1281,node_1282,line,220kV,line_168,400.12
edge_01132,node_1282,node_1283,line,220kV,line_168,361.75
edge_01133,node_1283,node_1284,line,220kV,line_168,388.76
edge_01134,node_1284,node_1285,line,220kV,line_168,394.37
edge_01135,node_1285,node_1286,line,220kV,line_168,407.51
edge_01136,node_1286,node_1287,line,220kV,line_168,354.34
edge_01137,node_1287,node_1288,line,220kV,line_168,395.31
edge_01138,node_1288,node_1289,line,220kV,line_168,363.06
edge_01139,node_1289,node_1290,line,220kV,line_168,397.74
edge_01140,node_1290,node_1291,line,220kV,line_168,390.63
edge_01141,node_1291,node_1292,line,220kV,line_168,317.36
edge_01142,node_1292,node_1293,line,220kV,line_168,335.87
edge_01143,node_1293,node_1294,line,220kV,line_168,390.95
edge_01144,node_1294,node_1295,line,220kV,line_168,384.84
edge_01145,node_1295,node_1296,line,220kV,line_168,396.76
edge_01146,node_1296,node_1297,line,220kV,line_168,276.95
edge_01147,node_1297,node_1298,line,220kV,line_168,217.2
edge_01148,node_1298,node_1299,line,220kV,line_168,142.07
edge_01149,node_1299,node_1300,line,220kV,line_168,368.73
edge_01150,node_1300,node_1301,line,220kV,line_168,374.83
edge_01151,node_1301,node_1302,line,220kV,line_168,379.18
edge_01152,node_1302,node_1303,line,220kV,line_168,367.44
edge_01153,node_1303,node_1304,line,220kV,line_168,367.73
edge_01154,node_1304,node_1305,line,220kV,line_168,314.4
edge_01155,node_1305,node_1306,line,220kV,line_168,40.11
edge_01156,node_1306,node_1307,line,220kV,line_168,274.27
edge_01157,node_1307,node_1308,line,220kV,line_168,373.58
edge_01158,node_1308,node_1309,line,220kV,line_168,384.54
edge_01159,node_1309,node_1310,line,220kV,line_168,222.6
edge_01160,node_1310,node_1311,line,220kV,line_168,347.51
edge_01161,node_1311,node_1312,line,220kV,line_168,94.53
edge_01162,node_1312,node_1313,line,220kV,line_168,235.69
edge_01163,node_1313,node_1314,line,220kV,line_168,345.18
edge_01164,node_1314,node_1315,line,220kV,line_168,334.76
edge_01165,node_1315,node_1316,line,220kV,line_168,305.02
edge_01166,node_1316,node_1317,line,220kV,line_168,336.54
edge_01167,node_1317,node_1318,line,220kV,line_168,318.21
edge_01168,node_1318,node_1319,line,220kV,line_168,336.62
edge_01169,node_1319,node_1320,line,220kV,line_168,97.68
edge_01170,node_1320,node_1321,line,220kV,line_168,273.02
edge_01171,node_1321,node_1322,line,220kV,line_168,404.58
edge_01172,node_1322,node_1323,line,220kV,line_168,433.3
edge_01173,node_1323,node_1324,line,220kV,line_168,402.6
edge_01174,node_1324,node_1325,line,220kV,line_168,348.85
edge_01175,node_1325,node_1326,line,220kV,line_168,308.64
edge_01176,node_1326,node_1327,line,220kV,line_168,404.03
edge_01177,node_1327,node_1328,line,220kV,line_168,407.81
edge_01178,node_1328,node_1329,line,220kV,line_168,399.18
edge_01179,node_1329,node_1330,line,220kV,line_168,481.53
edge_01180,node_1330,node_1331,line,220kV,line_168,351.57
edge_01181,node_1331,node_1332,line,220kV,line_168,357.95
edge_01182,node_1332,node_1333,line,220kV,line_168,379.27
edge_01183,node_1333,node_1334,line,220kV,line_168,392.11
edge_01184,node_1334,node_1335,line,220kV,line_168,407.57
edge_01185,node_1335,node_1336,line,220kV,line_168,394.34
edge_01186,node_1336,node_1337,line,220kV,line_168,354.08
edge_01187,node_1337,node_1338,line,220kV,line_168,225.59
edge_01188,node_1338,node_1339,line,220kV,line_168,376.85
edge_01189,node_1339,node_1340,line,220kV,line_168,296.3
edge_01190,node_1340,node_1341,line,220kV,line_168,201.18
edge_01191,node_1341,node_1342,line,220kV,line_168,162.37
edge_01192,node_1342,node_1343,line,220kV,line_168,235.86
edge_01193,node_1343,node_1344,line,220kV,line_168,139.71
edge_01194,node_1344,node_1345,line,220kV,line_168,144.57
edge_01195,node_1346,node_1347,line,220kV,line_169,101.41
edge_01196,node_1347,node_1348,line,220kV,line_169,102.42
edge_01197,node_1348,node_1349,line,220kV,line_169,174.66
edge_01198,node_1349,node_1350,line,220kV,line_169,261.23
edge_01199,node_1350,node_1351,line,220kV,line_169,212.33
edge_01200,node_1351,node_1352,line,220kV,line_169,246.72
edge_01201,node_1352,node_1353,line,220kV,line_169,254.66
edge_01202,node_1353,node_1354,line,220kV,line_169,222.01
edge_01203,node_1354,node_1355,line,220kV,line_169,38.76
edge_01204,node_1356,node_1357,line,220kV,line_170,88.89
edge_01205,node_1357,node_1358,line,220kV,line_170,92.81
edge_01206,node_1358,node_1359,line,220kV,line_170,102.92
edge_01207,node_1359,node_1360,line,220kV,line_170,99.72
edge_01208,node_1360,node_1361,line,220kV,line_170,90.13
edge_01209,node_1361,node_1362,line,220kV,line_170,148.16
edge_01210,node_1362,node_1363,line,220kV,line_170,89.0
edge_01211,node_1363,node_1364,line,220kV,line_170,72.63
edge_01212,node_1364,node_1365,line,220kV,line_170,117.11
edge_01213,node_1365,node_1366,line,220kV,line_170,184.66
edge_01214,node_1366,node_1367,line,220kV,line_170,92.48
edge_01215,node_1367,node_1368,line,220kV,line_170,108.53
edge_01216,node_1368,node_1369,line,220kV,line_170,33.27
edge_01217,node_1369,node_1370,line,220kV,line_170,67.83
edge_01218,node_1370,node_1371,line,220kV,line_170,97.61
edge_01219,node_1371,node_1372,line,220kV,line_170,50.38
edge_01220,node_1372,node_1373,line,220kV,line_170,101.67
edge_01221,node_1373,node_1374,line,220kV,line_170,74.3
edge_01222,node_1374,node_1375,line,220kV,line_170,25.25
edge_01223,node_1375,node_1376,line,220kV,line_170,108.46
edge_01224,node_1376,node_1377,line,220kV,line_170,107.02
edge_01225,node_1377,node_1378,line,220kV,line_170,116.15
edge_01226,node_1378,node_1379,line,220kV,line_170,139.9
edge_01227,node_1379,node_1380,line,220kV,line_170,149.53
edge_01228,node_1380,node_1381,line,220kV,line_170,104.3
edge_01229,node_1381,node_1382,line,220kV,line_170,147.65
edge_01230,node_1382,node_1383,line,220kV,line_170,88.73
edge_01231,node_1383,node_1384,line,220kV,line_170,75.89
edge_01232,node_1384,node_1385,line,220kV,line_170,94.93
edge_01233,node_1385,node_1386,line,220kV,line_170,112.27
edge_01234,node_1386,node_1387,line,220kV,line_170,125.8
edge_01235,node_1387,node_1388,line,220kV,line_170,137.18
edge_01236,node_1388,node_1389,line,220kV,line_170,173.19
edge_01237,node_1389,node_1390,line,220kV,line_170,95.25
edge_01238,node_1390,node_1391,line,220kV,line_170,85.38
edge_01239,node_1391,node_1392,line,220kV,line_170,146.32
edge_01240,node_1392,node_1393,line,220kV,line_170,39.36
edge_01241,node_1393,node_1394,line,220kV,line_170,38.56
edge_01242,node_1394,node_1395,line,220kV,line_170,87.02
edge_01243,node_1395,node_1396,line,220kV,line_170,89.15
edge_01244,node_1396,node_1397,line,220kV,line_170,119.99
edge_01245,node_1397,node_1398,line,220kV,line_170,123.11
edge_01246,node_1398,node_1399,line,220kV,line_170,174.26
edge_01247,node_1399,node_1400,line,220kV,line_170,127.29
edge_01248,node_1400,node_1401,line,220kV,line_170,108.81
edge_01249,node_1401,node_1402,line,220kV,line_170,116.19
edge_01250,node_1402,node_1403,line,220kV,line_170,121.3
edge_01251,node_1403,node_1404,line,220kV,line_170,124.58
edge_01252,node_1404,node_1405,line,220kV,line_170,182.58
edge_01253,node_1405,node_1406,line,220kV,line_170,96.55
edge_01254,node_1406,node_1407,line,220kV,line_170,171.1
edge_01255,node_1407,node_1408,line,220kV,line_170,102.54
edge_01256,node_1408,node_1409,line,220kV,line_170,109.71
edge_01257,node_1409,node_1410,line,220kV,line_170,126.44
edge_01258,node_1410,node_1411,line,220kV,line_170,122.23
edge_01259,node_1411,node_1412,line,220kV,line_170,192.76
edge_01260,node_1412,node_1413,line,220kV,line_170,148.36
edge_01261,node_1413,node_1414,line,220kV,line_170,48.55
edge_01262,node_1414,node_1415,line,220kV,line_170,33.14
edge_01263,node_1415,node_1416,line,220kV,line_170,99.79
edge_01264,node_1416,node_1417,line,220kV,line_170,130.36
edge_01265,node_1417,node_1418,line,220kV,line_170,21.54
edge_01266,node_1346,node_1419,line,220kV,line_171,65.84
edge_01267,node_1419,node_1420,line,220kV,line_171,276.69
edge_01268,node_1420,node_1421,line,220kV,line_171,326.76
edge_01269,node_1421,node_1422,line,220kV,line_171,261.28
edge_01270,node_1422,node_1423,line,220kV,line_171,246.73
edge_01271,node_1423,node_1424,line,220kV,line_171,10.13
edge_01272,node_1424,node_1425,line,220kV,line_171,38.43
edge_01273,node_1425,node_1426,line,220kV,line_171,317.48
edge_01274,node_1426,node_1427,line,220kV,line_171,21.96
edge_01275,node_1428,node_1429,line,220kV,line_172,355.33
edge_01276,node_1429,node_1430,line,220kV,line_172,283.41
edge_01277,node_1430,node_1431,line,220kV,line_172,279.16
edge_01278,node_1431,node_1432,line,220kV,line_172,238.41
edge_01279,node_1432,node_1433,line,220kV,line_172,231.13
edge_01280,node_1433,node_1434,line,220kV,line_172,160.05
edge_01281,node_1434,node_1435,line,220kV,line_172,344.76
edge_01282,node_1435,node_1436,line,220kV,line_172,38.94
edge_01283,node_1436,node_1437,line,220kV,line_172,45.5
edge_01284,node_1437,node_1438,line,220kV,line_172,310.1
edge_01285,node_1438,node_1439,line,220kV,line_172,292.26
edge_01286,node_1439,node_1440,line,220kV,line_172,160.65
edge_01287,node_1440,node_1441,line,220kV,line_172,292.07
edge_01288,node_1441,node_1442,line,220kV,line_172,318.74
edge_01289,node_1442,node_1443,line,220kV,line_172,302.41
edge_01290,node_1443,node_1444,line,220kV,line_172,174.97
edge_01291,node_1444,node_1445,line,220kV,line_172,269.88
edge_01292,node_1445,node_1446,line,220kV,line_172,273.94
edge_01293,node_1446,node_1447,line,220kV,line_172,259.42
edge_01294,node_1447,node_1448,line,220kV,line_172,218.36
edge_01295,node_1448,node_1449,line,220kV,line_172,259.48
edge_01296,node_1449,node_1450,line,220kV,line_172,291.47
edge_01297,node_1450,node_1451,line,220kV,line_172,358.25
edge_01298,node_1451,node_1452,line,220kV,line_172,294.89
edge_01299,node_1452,node_1453,line,220kV,line_172,290.97
edge_01300,node_1453,node_1454,line,220kV,line_172,296.21
edge_01301,node_1454,node_1455,line,220kV,line_172,225.15
edge_01302,node_1455,node_1456,line,220kV,line_172,258.78
edge_01303,node_1456,node_1457,line,220kV,line_172,254.86
edge_01304,node_1457,node_1458,line,220kV,line_172,306.2
edge_01305,node_1458,node_1459,line,220kV,line_172,290.24
edge_01306,node_1459,node_1460,line,220kV,line_172,290.52
edge_01307,node_1460,node_1461,line,220kV,line_172,263.67
edge_01308,node_1461,node_1462,line,220kV,line_172,325.05
edge_01309,node_1462,node_1463,line,220kV,line_172,293.02
edge_01310,node_1463,node_1464,line,220kV,line_172,307.34
edge_01311,node_1464,node_1465,line,220kV,line_172,287.32
edge_01312,node_1465,node_1466,line,220kV,line_172,323.63
edge_01313,node_1466,node_1467,line,220kV,line_172,291.24
edge_01314,node_1467,node_1468,line,220kV,line_172,343.74
edge_01315,node_1468,node_1469,line,220kV,line_172,320.4
edge_01316,node_1469,node_1470,line,220kV,line_172,281.24
edge_01317,node_1470,node_1471,line,220kV,line_172,327.18
edge_01318,node_1471,node_1472,line,220kV,line_172,275.98
edge_01319,node_1472,node_1473,line,220kV,line_172,261.76
edge_01320,node_1473,node_1474,line,220kV,line_172,251.28
edge_01321,node_1474,node_1475,line,220kV,line_172,104.55
edge_01322,node_1475,node_1476,line,220kV,line_172,152.6
edge_01323,node_1476,node_1477,line,220kV,line_172,174.16
edge_01324,node_1477,node_1478,line,220kV,line_172,76.57
edge_01325,node_1478,node_1479,line,220kV,line_172,238.37
edge_01326,node_1479,node_1480,line,220kV,line_172,345.92
edge_01327,node_1480,node_1481,line,220kV,line_172,191.53
edge_01328,node_1481,node_1482,line,220kV,line_172,220.54
edge_01329,node_1482,node_1483,line,220kV,line_172,43.16
edge_01330,node_1483,node_1484,line,220kV,line_172,191.73
edge_01331,node_1484,node_1485,line,220kV,line_172,241.82
edge_01332,node_1485,node_1486,line,220kV,line_172,204.59
edge_01333,node_1486,node_1487,line,220kV,line_172,258.85
edge_01334,node_1487,node_1488,line,220kV,line_172,213.64
edge_01335,node_1488,node_1489,line,220kV,line_172,142.01
edge_01336,node_1489,node_1490,line,220kV,line_172,331.63
edge_01337,node_1490,node_1491,line,220kV,line_172,235.47
edge_01338,node_1491,node_1492,line,220kV,line_172,201.37
edge_01339,node_1492,node_1493,line,220kV,line_172,235.23
edge_01340,node_1493,node_1494,line,220kV,line_172,316.87
edge_01341,node_1494,node_1495,line,220kV,line_172,150.89
edge_01342,node_1495,node_1496,line,220kV,line_172,80.99
edge_01343,node_1496,node_1497,line,220kV,line_172,236.54
edge_01344,node_1497,node_1498,line,220kV,line_172,292.69
edge_01345,node_1498,node_1499,line,220kV,line_172,271.94
edge_01346,node_1499,node_1500,line,220kV,line_172,296.9
edge_01347,node_1500,node_1501,line,220kV,line_172,241.99
edge_01348,node_1501,node_1502,line,220kV,line_172,255.91
edge_01349,node_1502,node_1503,line,220kV,line_172,295.94
edge_01350,node_1503,node_1504,line,220kV,line_172,324.99
edge_01351,node_1504,node_1505,line,220kV,line_172,219.61
edge_01352,node_1505,node_1506,line,220kV,line_172,538.33
edge_01353,node_1506,node_1507,line,220kV,line_172,324.81
edge_01354,node_1507,node_1508,line,220kV,line_172,323.21
edge_01355,node_1508,node_1509,line,220kV,line_172,269.24
edge_01356,node_1509,node_1510,line,220kV,line_172,298.52
edge_01357,node_1510,node_1511,line,220kV,line_172,305.59
edge_01358,node_1511,node_1512,line,220kV,line_172,10.46
edge_01359,node_1512,node_1513,line,220kV,line_172,97.86
edge_01360,node_1513,node_1514,line,220kV,line_172,146.64
edge_01361,node_1514,node_1515,line,220kV,line_172,120.98
edge_01362,node_1515,node_1516,line,220kV,line_172,123.26
edge_01363,node_1516,node_1517,line,220kV,line_172,334.51
edge_01364,node_1517,node_1518,line,220kV,line_172,198.51
edge_01365,node_1518,node_1519,line,220kV,line_172,249.28
edge_01366,node_1519,node_1520,line,220kV,line_172,156.69
edge_01367,node_1520,node_1521,line,220kV,line_172,23.87
edge_01368,node_1521,node_1522,line,220kV,line_172,90.35
edge_01369,node_1522,node_1523,line,220kV,line_172,294.45
edge_01370,node_1523,node_1524,line,220kV,line_172,265.31
edge_01371,node_1524,node_1525,line,220kV,line_172,301.09
edge_01372,node_1525,node_1526,line,220kV,line_172,270.49
edge_01373,node_1526,node_1527,line,220kV,line_172,297.64
edge_01374,node_1527,node_1528,line,220kV,line_172,209.59
edge_01375,node_1528,node_1529,line,220kV,line_172,297.69
edge_01376,node_1529,node_1530,line,220kV,line_172,212.9
edge_01377,node_1530,node_1531,line,220kV,line_172,216.38
edge_01378,node_1531,node_1532,line,220kV,line_172,308.59
edge_01379,node_1532,node_1533,line,220kV,line_172,94.19
edge_01380,node_1533,node_1534,line,220kV,line_172,320.95
edge_01381,node_1534,node_1535,line,220kV,line_172,254.05
edge_01382,node_1535,node_1536,line,220kV,line_172,281.76
edge_01383,node_1536,node_1537,line,220kV,line_172,353.04
edge_01384,node_1537,node_1538,line,220kV,line_172,312.16
edge_01385,node_1538,node_1539,line,220kV,line_172,23.57
edge_01386,node_1539,node_1540,line,220kV,line_172,326.64
edge_01387,node_1540,node_1541,line,220kV,line_172,287.91
edge_01388,node_1541,node_1542,line,220kV,line_172,248.0
edge_01389,node_1542,node_1543,line,220kV,line_172,300.55
edge_01390,node_1543,node_1544,line,220kV,line_172,248.0
edge_01391,node_1544,node_1545,line,220kV,line_172,252.59
edge_01392,node_1545,node_1546,line,220kV,line_172,351.93
edge_01393,node_1546,node_1547,line,220kV,line_172,211.6
edge_01394,node_1547,node_1548,line,220kV,line_172,212.84
edge_01395,node_1548,node_1549,line,220kV,line_172,291.74
edge_01396,node_1549,node_1550,line,220kV,line_172,316.48
edge_01397,node_1550,node_1551,line,220kV,line_172,380.82
edge_01398,node_1551,node_1552,line,220kV,line_172,221.14
edge_01399,node_1552,node_1553,line,220kV,line_172,293.43
edge_01400,node_1553,node_1554,line,220kV,line_172,302.16
edge_01401,node_1554,node_1555,line,220kV,line_172,220.5
edge_01402,node_1555,node_1556,line,220kV,line_172,252.16
edge_01403,node_1556,node_1557,line,220kV,line_172,233.79
edge_01404,node_1557,node_1558,line,220kV,line_172,250.51
edge_01405,node_1558,node_1559,line,220kV,line_172,430.12
edge_01406,node_1559,node_1560,line,220kV,line_172,219.96
edge_01407,node_1560,node_1561,line,220kV,line_172,229.37
edge_01408,node_1561,node_1562,line,220kV,line_172,135.8
edge_01409,node_1562,node_1563,line,220kV,line_172,315.21
edge_01410,node_1563,node_1564,line,220kV,line_172,196.31
edge_01411,node_1564,node_1565,line,220kV,line_172,376.41
edge_01412,node_1565,node_1566,line,220kV,line_172,179.81
edge_01413,node_1566,node_1567,line,220kV,line_172,227.73
edge_01414,node_1567,node_1568,line,220kV,line_172,169.88
edge_01415,node_1568,node_1569,line,220kV,line_172,142.65
edge_01416,node_1569,node_1570,line,220kV,line_172,142.91
edge_01417,node_1570,node_1571,line,220kV,line_172,230.93
edge_01418,node_1571,node_1572,line,220kV,line_172,162.85
edge_01419,node_1572,node_1573,line,220kV,line_172,249.86
edge_01420,node_1573,node_1574,line,220kV,line_172,235.48
edge_01421,node_1574,node_1575,line,220kV,line_172,166.52
edge_01422,node_1575,node_1576,line,220kV,line_172,190.94
edge_01423,node_1576,node_1577,line,220kV,line_172,76.35
edge_01424,node_1577,node_1578,line,220kV,line_172,272.58
edge_01425,node_1578,node_1579,line,220kV,line_172,234.44
edge_01426,node_1579,node_1580,line,220kV,line_172,234.17
edge_01427,node_1580,node_1581,line,220kV,line_172,260.19
edge_01428,node_1581,node_1582,line,220kV,line_172,173.84
edge_01429,node_1582,node_1583,line,220kV,line_172,207.37
edge_01430,node_1583,node_1584,line,220kV,line_172,249.81
edge_01431,node_1584,node_1585,line,220kV,line_172,264.65
edge_01432,node_1585,node_1586,line,220kV,line_172,244.81
edge_01433,node_1586,node_1587,line,220kV,line_172,313.12
edge_01434,node_1587,node_1588,line,220kV,line_172,332.06
edge_01435,node_1588,node_1589,line,220kV,line_172,357.37
edge_01436,node_1589,node_1590,line,220kV,line_172,306.08
edge_01437,node_1590,node_1591,line,220kV,line_172,182.66
edge_01438,node_1591,node_1592,line,220kV,line_172,320.56
edge_01439,node_1592,node_1593,line,220kV,line_172,344.88
edge_01440,node_1593,node_1594,line,220kV,line_172,242.45
edge_01441,node_1594,node_1595,line,220kV,line_172,313.39
edge_01442,node_1595,node_1596,line,220kV,line_172,362.63
edge_01443,node_1596,node_1597,line,220kV,line_172,284.0
edge_01444,node_1597,node_1598,line,220kV,line_172,235.69
edge_01445,node_1598,node_1599,line,220kV,line_172,219.33
edge_01446,node_1599,node_1600,line,220kV,line_172,226.56
edge_01447,node_1600,node_1601,line,220kV,line_172,246.42
edge_01448,node_1601,node_1602,line,220kV,line_172,169.87
edge_01449,node_1602,node_1603,line,220kV,line_172,286.1
edge_01450,node_1603,node_1604,line,220kV,line_172,280.11
edge_01451,node_1604,node_1605,line,220kV,line_172,150.89
edge_01452,node_1605,node_1606,line,220kV,line_172,252.28
edge_01453,node_1606,node_1607,line,220kV,line_172,31.45
edge_01454,node_1607,node_1608,line,220kV,line_172,48.04
edge_01455,node_1608,node_1609,line,220kV,line_172,199.91
edge_01456,node_1609,node_1610,line,220kV,line_172,51.82
edge_01457,node_1610,node_1611,line,220kV,line_172,45.91
edge_01458,node_1611,node_1612,line,220kV,line_172,151.59
edge_01459,node_1612,node_1613,line,220kV,line_172,320.49
edge_01460,node_1613,node_1614,line,220kV,line_172,60.83
edge_01461,node_1614,node_1615,line,220kV,line_172,41.89
edge_01462,node_1615,node_1616,line,220kV,line_172,63.34
edge_01463,node_1617,node_1618,line,220kV,line_173,210.77
edge_01464,node_1618,node_1619,line,220kV,line_173,186.3
edge_01465,node_1619,node_1620,line,220kV,line_173,295.87
edge_01466,node_1620,node_1621,line,220kV,line_173,250.02
edge_01467,node_1621,node_1622,line,220kV,line_173,276.56
edge_01468,node_1622,node_1623,line,220kV,line_173,175.47
edge_01469,node_1623,node_1624,line,220kV,line_173,202.43
edge_01470,node_1624,node_1625,line,220kV,line_173,217.03
edge_01471,node_1625,node_1626,line,220kV,line_173,247.92
edge_01472,node_1626,node_1627,line,220kV,line_173,259.42
edge_01473,node_1627,node_1628,line,220kV,line_173,267.35
edge_01474,node_1628,node_1629,line,220kV,line_173,299.56
edge_01475,node_1629,node_1630,line,220kV,line_173,246.09
edge_01476,node_1630,node_1631,line,220kV,line_173,145.29
edge_01477,node_1631,node_1632,line,220kV,line_173,113.43
edge_01478,node_1632,node_1633,line,220kV,line_173,194.64
edge_01479,node_1633,node_1634,line,220kV,line_173,69.48
edge_01480,node_1634,node_1635,line,220kV,line_173,314.29
edge_01481,node_1635,node_1636,line,220kV,line_173,206.55
edge_01482,node_1636,node_1637,line,220kV,line_173,36.43
edge_01483,node_1637,node_1638,line,220kV,line_173,187.91
edge_01484,node_1638,node_1639,line,220kV,line_173,303.34
edge_01485,node_1639,node_1640,line,220kV,line_173,322.0
edge_01486,node_1640,node_1641,line,220kV,line_173,180.5
edge_01487,node_1641,node_1642,line,220kV,line_173,109.85
edge_01488,node_1642,node_1643,line,220kV,line_173,170.36
edge_01489,node_1643,node_1644,line,220kV,line_173,140.76
edge_01490,node_1644,node_1645,line,220kV,line_173,93.05
edge_01491,node_1646,node_1647,line,220kV,line_174,40.21
edge_01492,node_1647,node_1648,line,220kV,line_174,120.14
edge_01493,node_1648,node_1649,line,220kV,line_174,130.23
edge_01494,node_1649,node_1650,line,220kV,line_174,147.71
edge_01495,node_1650,node_1651,line,220kV,line_174,146.58
edge_01496,node_1651,node_1652,line,220kV,line_174,155.66
edge_01497,node_1652,node_1653,line,220kV,line_174,147.1
edge_01498,node_1653,node_1654,line,220kV,line_174,136.69
edge_01499,node_1654,node_1655,line,220kV,line_174,80.49
edge_01500,node_1655,node_1656,line,220kV,line_174,141.73
edge_01501,node_1656,node_1657,line,220kV,line_174,111.89
edge_01502,node_1657,node_1658,line,220kV,line_174,141.56
edge_01503,node_1658,node_1659,line,220kV,line_174,93.6
edge_01504,node_1659,node_1660,line,220kV,line_174,166.49
edge_01505,node_1660,node_1661,line,220kV,line_174,72.41
edge_01506,node_1661,node_1662,line,220kV,line_174,47.02
edge_01507,node_1662,node_1663,line,220kV,line_174,107.22
edge_01508,node_1663,node_1664,line,220kV,line_174,126.59
edge_01509,node_1664,node_1665,line,220kV,line_174,144.26
edge_01510,node_1665,node_1666,line,220kV,line_174,150.52
edge_01511,node_1666,node_1667,line,220kV,line_174,148.28
edge_01512,node_1667,node_1668,line,220kV,line_174,139.96
edge_01513,node_1668,node_1669,line,220kV,line_174,136.18
edge_01514,node_1669,node_1670,line,220kV,line_174,140.54
edge_01515,node_1670,node_1671,line,220kV,line_174,139.52
edge_01516,node_1671,node_1672,line,220kV,line_174,156.74
edge_01517,node_1672,node_1673,line,220kV,line_174,147.32
edge_01518,node_1673,node_1674,line,220kV,line_174,109.14
edge_01519,node_1674,node_1675,line,220kV,line_174,172.61
edge_01520,node_1675,node_1676,line,220kV,line_174,84.01
edge_01521,node_1676,node_1677,line,220kV,line_174,132.7
edge_01522,node_1677,node_1678,line,220kV,line_174,134.1
edge_01523,node_1678,node_1679,line,220kV,line_174,297.48
edge_01524,node_1679,node_1680,line,220kV,line_174,107.92
edge_01525,node_1680,node_1681,line,220kV,line_174,159.11
edge_01526,node_1681,node_1682,line,220kV,line_174,156.63
edge_01527,node_1682,node_1683,line,220kV,line_174,142.16
edge_01528,node_1683,node_1684,line,220kV,line_174,152.14
edge_01529,node_1684,node_1685,line,220kV,line_174,149.98
edge_01530,node_1685,node_1686,line,220kV,line_174,135.96
edge_01531,node_1686,node_1687,line,220kV,line_174,143.6
edge_01532,node_1687,node_1688,line,220kV,line_174,176.72
edge_01533,node_1688,node_1689,line,220kV,line_174,182.16
edge_01534,node_1689,node_1690,line,220kV,line_174,162.31
edge_01535,node_1690,node_1691,line,220kV,line_174,95.88
edge_01536,node_1691,node_1692,line,220kV,line_174,176.67
edge_01537,node_1692,node_1693,line,220kV,line_174,119.8
edge_01538,node_1693,node_1694,line,220kV,line_174,121.47
edge_01539,node_1694,node_1695,line,220kV,line_174,151.62
edge_01540,node_1695,node_1696,line,220kV,line_174,148.99
edge_01541,node_1696,node_1697,line,220kV,line_174,174.3
edge_01542,node_1697,node_1698,line,220kV,line_174,107.98
edge_01543,node_1698,node_1699,line,220kV,line_174,139.31
edge_01544,node_1699,node_1700,line,220kV,line_174,130.52
edge_01545,node_1700,node_1701,line,220kV,line_174,150.92
edge_01546,node_1701,node_1702,line,220kV,line_174,131.4
edge_01547,node_1702,node_1703,line,220kV,line_174,155.37
edge_01548,node_1703,node_1704,line,220kV,line_174,128.3
edge_01549,node_1704,node_1705,line,220kV,line_174,168.99
edge_01550,node_1705,node_1706,line,220kV,line_174,334.93
edge_01551,node_1706,node_1707,line,220kV,line_174,152.16
edge_01552,node_1707,node_1708,line,220kV,line_174,155.04
edge_01553,node_1708,node_1709,line,220kV,line_174,158.26
edge_01554,node_1709,node_1710,line,220kV,line_174,115.13
edge_01555,node_1710,node_1711,line,220kV,line_174,158.77
edge_01556,node_1711,node_1712,line,220kV,line_174,127.72
edge_01557,node_1712,node_1713,line,220kV,line_174,129.48
edge_01558,node_1714,node_1715,line,220kV,line_175,359.63
edge_01559,node_1715,node_1716,line,220kV,line_175,188.83
edge_01560,node_1716,node_1717,line,220kV,line_175,251.14
edge_01561,node_1717,node_1718,line,220kV,line_175,45.22
edge_01562,node_1718,node_1719,line,220kV,line_175,185.54
edge_01563,node_1720,node_1721,line,220kV,line_176,44.71
edge_01564,node_1721,node_1722,line,220kV,line_176,64.91
edge_01565,node_1723,node_1724,line,220kV,line_177,46.39
edge_01566,node_1724,node_1725,line,220kV,line_177,180.88
edge_01567,node_1725,node_1726,line,220kV,line_177,259.29
edge_01568,node_1726,node_1727,line,220kV,line_177,343.25
edge_01569,node_1727,node_1728,line,220kV,line_177,425.49
edge_01570,node_1728,node_1729,line,220kV,line_177,318.05
edge_01571,node_1729,node_1730,line,220kV,line_177,325.39
edge_01572,node_1730,node_1731,line,220kV,line_177,407.98
edge_01573,node_1731,node_1732,line,220kV,line_177,124.53
edge_01574,node_1732,node_1733,line,220kV,line_177,181.61
edge_01575,node_1733,node_1734,line,220kV,line_177,308.67
edge_01576,node_1734,node_1735,line,220kV,line_177,335.09
edge_01577,node_1735,node_1736,line,220kV,line_177,359.42
edge_01578,node_1736,node_1737,line,220kV,line_177,380.09
edge_01579,node_1737,node_1738,line,220kV,line_177,360.22
edge_01580,node_1738,node_1739,line,220kV,line_177,349.51
edge_01581,node_1739,node_1740,line,220kV,line_177,349.53
edge_01582,node_1740,node_1741,line,220kV,line_177,327.75
edge_01583,node_1741,node_1742,line,220kV,line_177,307.05
edge_01584,node_1742,node_1743,line,220kV,line_177,323.58
edge_01585,node_1743,node_1744,line,220kV,line_177,313.19
edge_01586,node_1744,node_1745,line,220kV,line_177,313.1
edge_01587,node_1745,node_1746,line,220kV,line_177,294.8
edge_01588,node_1746,node_1747,line,220kV,line_177,350.24
edge_01589,node_1747,node_1748,line,220kV,line_177,400.81
edge_01590,node_1748,node_1749,line,220kV,line_177,380.29
edge_01591,node_1749,node_1750,line,220kV,line_177,355.17
edge_01592,node_1750,node_1751,line,220kV,line_177,393.35
edge_01593,node_1751,node_1752,line,220kV,line_177,316.17
edge_01594,node_1752,node_1753,line,220kV,line_177,405.47
edge_01595,node_1753,node_1754,line,220kV,line_177,352.42
edge_01596,node_1754,node_1755,line,220kV,line_177,387.44
edge_01597,node_1755,node_1756,line,220kV,line_177,366.24
edge_01598,node_1756,node_1757,line,220kV,line_177,353.89
edge_01599,node_1757,node_1758,line,220kV,line_177,347.18
edge_01600,node_1758,node_1759,line,220kV,line_177,324.37
edge_01601,node_1759,node_1760,line,220kV,line_177,308.9
edge_01602,node_1760,node_1761,line,220kV,line_177,296.57
edge_01603,node_1761,node_1762,line,220kV,line_177,326.61
edge_01604,node_1762,node_1763,line,220kV,line_177,176.9
edge_01605,node_1763,node_1764,line,220kV,line_177,368.73
edge_01606,node_1764,node_1765,line,220kV,line_177,322.76
edge_01607,node_1765,node_1766,line,220kV,line_177,326.73
edge_01608,node_1766,node_1767,line,220kV,line_177,390.43
edge_01609,node_1767,node_1768,line,220kV,line_177,341.61
edge_01610,node_1768,node_1769,line,220kV,line_177,255.25
edge_01611,node_1769,node_1770,line,220kV,line_177,48.39
edge_01612,node_1770,node_1771,line,220kV,line_177,123.33
edge_01613,node_1771,node_1772,line,220kV,line_177,300.0
edge_01614,node_1772,node_1773,line,220kV,line_177,296.21
edge_01615,node_1773,node_1774,line,220kV,line_177,318.82
edge_01616,node_1774,node_1775,line,220kV,line_177,449.46
edge_01617,node_1775,node_1776,line,220kV,line_177,503.88
edge_01618,node_1776,node_1777,line,220kV,line_177,265.29
edge_01619,node_1777,node_1778,line,220kV,line_177,288.25
edge_01620,node_1778,node_1779,line,220kV,line_177,338.66
edge_01621,node_1780,node_1781,line,220kV,line_178,260.14
edge_01622,node_1781,node_1782,line,220kV,line_178,317.49
edge_01623,node_1782,node_1783,line,220kV,line_178,388.09
edge_01624,node_1783,node_1784,line,220kV,line_178,329.75
edge_01625,node_1784,node_1785,line,220kV,line_178,329.91
edge_01626,node_1785,node_1786,line,220kV,line_178,158.01
edge_01627,node_1786,node_1787,line,220kV,line_178,55.81
edge_01628,node_1787,node_1788,line,220kV,line_178,341.63
edge_01629,node_1788,node_1789,line,220kV,line_178,362.72
edge_01630,node_1789,node_1790,line,220kV,line_178,295.56
edge_01631,node_1790,node_1791,line,220kV,line_178,282.78
edge_01632,node_1791,node_1792,line,220kV,line_178,282.74
edge_01633,node_1792,node_1793,line,220kV,line_178,265.17
edge_01634,node_1793,node_1794,line,220kV,line_178,313.87
edge_01635,node_1794,node_1795,line,220kV,line_178,372.65
edge_01636,node_1795,node_1796,line,220kV,line_178,296.19
edge_01637,node_1796,node_1797,line,220kV,line_178,319.52
edge_01638,node_1797,node_1798,line,220kV,line_178,34.96
edge_01639,node_1798,node_1799,line,220kV,line_178,234.83
edge_01640,node_1799,node_1800,line,220kV,line_178,357.63
edge_01641,node_1800,node_1801,line,220kV,line_178,359.28
edge_01642,node_1801,node_1802,line,220kV,line_178,326.72
edge_01643,node_1802,node_1803,line,220kV,line_178,398.55
edge_01644,node_1803,node_1804,line,220kV,line_178,290.65
edge_01645,node_1804,node_1805,line,220kV,line_178,331.05
edge_01646,node_1805,node_1806,line,220kV,line_178,178.54
edge_01647,node_1806,node_1807,line,220kV,line_178,28.17
edge_01648,node_1807,node_1808,line,220kV,line_178,12.64
edge_01649,node_1808,node_1809,line,220kV,line_178,414.18
edge_01650,node_1809,node_1810,line,220kV,line_178,297.46
edge_01651,node_1810,node_1811,line,220kV,line_178,250.11
edge_01652,node_1811,node_1812,line,220kV,line_178,279.35
edge_01653,node_1812,node_1813,line,220kV,line_178,436.19
edge_01654,node_1813,node_1814,line,220kV,line_178,45.03
edge_01655,node_1814,node_1815,line,220kV,line_178,168.22
edge_01656,node_1815,node_1816,line,220kV,line_178,241.71
edge_01657,node_1816,node_1817,line,220kV,line_178,373.27
edge_01658,node_1817,node_1818,line,220kV,line_178,461.63
edge_01659,node_1818,node_1819,line,220kV,line_178,371.18
edge_01660,node_1819,node_1820,line,220kV,line_178,272.71
edge_01661,node_1820,node_1821,line,220kV,line_178,269.89
edge_01662,node_1821,node_1822,line,220kV,line_178,364.31
edge_01663,node_1822,node_1823,line,220kV,line_178,279.09
edge_01664,node_1823,node_1824,line,220kV,line_178,351.25
edge_01665,node_1824,node_1825,line,220kV,line_178,154.5
edge_01666,node_1825,node_1826,line,220kV,line_178,178.62
edge_01667,node_1826,node_1827,line,220kV,line_178,163.78
edge_01668,node_1827,node_1828,line,220kV,line_178,497.46
edge_01669,node_1828,node_1829,line,220kV,line_178,47.69
edge_01670,node_1829,node_1830,line,220kV,line_178,47.01
edge_01671,node_1831,node_1832,line,220kV,line_179,240.24
edge_01672,node_1832,node_1833,line,220kV,line_179,145.88
edge_01673,node_1833,node_1834,line,220kV,line_179,237.28
edge_01674,node_1834,node_1835,line,220kV,line_179,274.25
edge_01675,node_1835,node_1836,line,220kV,line_179,279.24
edge_01676,node_1836,node_1837,line,220kV,line_179,293.11
edge_01677,node_1837,node_1838,line,220kV,line_179,355.11
edge_01678,node_1838,node_1839,line,220kV,line_179,237.17
edge_01679,node_1839,node_1840,line,220kV,line_179,296.23
edge_01680,node_1840,node_1841,line,220kV,line_179,493.1
edge_01681,node_1842,node_1843,line,220kV,line_180,23.88
edge_01682,node_1843,node_1844,line,220kV,line_180,230.37
edge_01683,node_1844,node_1845,line,220kV,line_180,357.51
edge_01684,node_1845,node_1846,line,220kV,line_180,76.09
edge_01685,node_1846,node_1847,line,220kV,line_180,198.82
edge_01686,node_1847,node_1848,line,220kV,line_180,200.08
edge_01687,node_1848,node_1849,line,220kV,line_180,101.33
edge_01688,node_1849,node_1850,line,220kV,line_180,96.77
edge_01689,node_1850,node_1851,line,220kV,line_180,128.95
edge_01690,node_1851,node_1852,line,220kV,line_180,123.48
edge_01691,node_1852,node_1853,line,220kV,line_180,85.12
edge_01692,node_1853,node_1854,line,220kV,line_180,216.69
edge_01693,node_1854,node_1855,line,220kV,line_180,105.95
edge_01694,node_1855,node_1856,line,220kV,line_180,121.35
edge_01695,node_1856,node_1857,line,220kV,line_180,166.61
edge_01696,node_1857,node_1858,line,220kV,line_180,35.14
edge_01697,node_1858,node_1859,line,220kV,line_180,81.54
edge_01698,node_1859,node_1860,line,220kV,line_180,77.19
edge_01699,node_1860,node_1861,line,220kV,line_180,217.05
edge_01700,node_1861,node_1862,line,220kV,line_180,138.28
edge_01701,node_1862,node_1863,line,220kV,line_180,43.39
edge_01702,node_1863,node_1864,line,220kV,line_180,112.65
edge_01703,node_1864,node_1865,line,220kV,line_180,190.59
edge_01704,node_1865,node_1866,line,220kV,line_180,112.0
edge_01705,node_1866,node_1867,line,220kV,line_180,88.86
edge_01706,node_1867,node_1868,line,220kV,line_180,123.0
edge_01707,node_1868,node_1869,line,220kV,line_180,120.02
edge_01708,node_1869,node_1870,line,220kV,line_180,35.17
edge_01709,node_1870,node_1871,line,220kV,line_180,140.29
edge_01710,node_1871,node_1872,line,220kV,line_180,72.28
edge_01711,node_1872,node_1873,line,220kV,line_180,161.62
edge_01712,node_1873,node_1874,line,220kV,line_180,132.35
edge_01713,node_1874,node_1875,line,220kV,line_180,141.09
edge_01714,node_1875,node_1876,line,220kV,line_180,111.13
edge_01715,node_1876,node_1877,line,220kV,line_180,88.36
edge_01716,node_1877,node_1878,line,220kV,line_180,181.85
edge_01717,node_1878,node_1879,line,220kV,line_180,161.03
edge_01718,node_1879,node_1880,line,220kV,line_180,235.13
edge_01719,node_1880,node_1881,line,220kV,line_180,176.53
edge_01720,node_1881,node_1882,line,220kV,line_180,157.52
edge_01721,node_1882,node_1883,line,220kV,line_180,133.62
edge_01722,node_1883,node_1884,line,220kV,line_180,150.41
edge_01723,node_1884,node_1885,line,220kV,line_180,176.83
edge_01724,node_1885,node_1886,line,220kV,line_180,148.5
edge_01725,node_1886,node_1887,line,220kV,line_180,122.9
edge_01726,node_1887,node_1888,line,220kV,line_180,125.37
edge_01727,node_1888,node_1889,line,220kV,line_180,160.9
edge_01728,node_1889,node_1890,line,220kV,line_180,170.47
edge_01729,node_1890,node_1891,line,220kV,line_180,189.47
edge_01730,node_1891,node_1892,line,220kV,line_180,149.61
edge_01731,node_1892,node_1893,line,220kV,line_180,157.74
edge_01732,node_1893,node_1894,line,220kV,line_180,178.38
edge_01733,node_1894,node_1895,line,220kV,line_180,100.79
edge_01734,node_1895,node_1896,line,220kV,line_180,149.33
edge_01735,node_1896,node_1897,line,220kV,line_180,162.77
edge_01736,node_1897,node_1898,line,220kV,line_180,102.36
edge_01737,node_1898,node_1899,line,220kV,line_180,137.9
edge_01738,node_1899,node_1900,line,220kV,line_180,118.06
edge_01739,node_1900,node_1901,line,220kV,line_180,95.02
edge_01740,node_1901,node_1902,line,220kV,line_180,87.08
edge_01741,node_1902,node_1903,line,220kV,line_180,114.71
edge_01742,node_1903,node_1904,line,220kV,line_180,138.54
edge_01743,node_1904,node_1905,line,220kV,line_180,141.54
edge_01744,node_1905,node_1906,line,220kV,line_180,144.7
edge_01745,node_1906,node_1907,line,220kV,line_180,102.86
edge_01746,node_1907,node_1908,line,220kV,line_180,171.61
edge_01747,node_1909,node_1910,line,220kV,line_181,42.2
edge_01748,node_1910,node_1911,line,220kV,line_181,241.26
edge_01749,node_1911,node_1912,line,220kV,line_181,441.67
edge_01750,node_1912,node_1913,line,220kV,line_181,240.83
edge_01751,node_1913,node_1914,line,220kV,line_181,319.89
edge_01752,node_1914,node_1915,line,220kV,line_181,184.39
edge_01753,node_1915,node_1916,line,220kV,line_181,233.82
edge_01754,node_1916,node_1917,line,220kV,line_181,258.39
edge_01755,node_1917,node_1918,line,220kV,line_181,121.58
edge_01756,node_1918,node_1919,line,220kV,line_181,163.64
edge_01757,node_1919,node_1920,line,220kV,line_181,225.73
edge_01758,node_1920,node_1921,line,220kV,line_181,342.41
edge_01759,node_1921,node_1922,line,220kV,line_181,197.63
edge_01760,node_1922,node_1923,line,220kV,line_181,327.62
edge_01761,node_1923,node_1924,line,220kV,line_181,258.25
edge_01762,node_1924,node_1925,line,220kV,line_181,228.79
edge_01763,node_1925,node_1926,line,220kV,line_181,387.36
edge_01764,node_1926,node_1927,line,220kV,line_181,308.77
edge_01765,node_1927,node_1928,line,220kV,line_181,341.74
edge_01766,node_1928,node_1929,line,220kV,line_181,131.04
edge_01767,node_1929,node_1930,line,220kV,line_181,238.81
edge_01768,node_1930,node_1931,line,220kV,line_181,281.53
edge_01769,node_1931,node_1932,line,220kV,line_181,301.88
edge_01770,node_1932,node_1933,line,220kV,line_181,151.97
edge_01771,node_1933,node_1934,line,220kV,line_181,452.86
edge_01772,node_1934,node_1935,line,220kV,line_181,314.67
edge_01773,node_1935,node_1936,line,220kV,line_181,244.41
edge_01774,node_1936,node_1937,line,220kV,line_181,207.43
edge_01775,node_1937,node_1938,line,220kV,line_181,225.09
edge_01776,node_1938,node_1939,line,220kV,line_181,286.36
edge_01777,node_1939,node_1940,line,220kV,line_181,253.51
edge_01778,node_1940,node_1941,line,220kV,line_181,298.14
edge_01779,node_1941,node_1942,line,220kV,line_181,237.38
edge_01780,node_1942,node_1943,line,220kV,line_181,231.99
edge_01781,node_1943,node_1944,line,220kV,line_181,237.0
edge_01782,node_1944,node_1945,line,220kV,line_181,169.09
edge_01783,node_1945,node_1946,line,220kV,line_181,244.96
edge_01784,node_1946,node_1947,line,220kV,line_181,301.85
edge_01785,node_1947,node_1948,line,220kV,line_181,322.27
edge_01786,node_1948,node_1949,line,220kV,line_181,260.14
edge_01787,node_1949,node_1950,line,220kV,line_181,204.54
edge_01788,node_1950,node_1951,line,220kV,line_181,271.23
edge_01789,node_1951,node_1952,line,220kV,line_181,333.77
edge_01790,node_1952,node_1953,line,220kV,line_181,249.61
edge_01791,node_1953,node_1954,line,220kV,line_181,255.85
edge_01792,node_1954,node_1955,line,220kV,line_181,214.04
edge_01793,node_1955,node_1956,line,220kV,line_181,345.31
edge_01794,node_1956,node_1957,line,220kV,line_181,192.08
edge_01795,node_1957,node_1958,line,220kV,line_181,111.84
edge_01796,node_1959,node_1960,line,220kV,line_182,76.02
edge_01797,node_1960,node_1961,line,220kV,line_182,46.85
edge_01798,node_1961,node_1962,line,220kV,line_182,110.34
edge_01799,node_1962,node_1963,line,220kV,line_182,342.86
edge_01800,node_1963,node_1964,line,220kV,line_182,278.25
edge_01801,node_1964,node_1965,line,220kV,line_182,292.41
edge_01802,node_1965,node_1966,line,220kV,line_182,157.48
edge_01803,node_1966,node_1967,line,220kV,line_182,112.0
edge_01804,node_1967,node_1968,line,220kV,line_182,180.98
edge_01805,node_1968,node_1969,line,220kV,line_182,85.6
edge_01806,node_1969,node_1970,line,220kV,line_182,402.24
edge_01807,node_1970,node_1971,line,220kV,line_182,294.24
edge_01808,node_1971,node_1972,line,220kV,line_182,64.95
edge_01809,node_1972,node_1973,line,220kV,line_182,53.62
edge_01810,node_1973,node_1974,line,220kV,line_182,25.54
edge_01811,node_1974,node_1975,line,220kV,line_182,149.78
edge_01812,node_1975,node_1976,line,220kV,line_182,160.22
edge_01813,node_1976,node_1977,line,220kV,line_182,152.73
edge_01814,node_1977,node_1978,line,220kV,line_182,233.38
edge_01815,node_1978,node_1979,line,220kV,line_182,360.95
edge_01816,node_1979,node_1980,line,220kV,line_182,276.86
edge_01817,node_1980,node_1981,line,220kV,line_182,247.53
edge_01818,node_1981,node_1982,line,220kV,line_182,368.24
edge_01819,node_1982,node_1983,line,220kV,line_182,219.47
edge_01820,node_1983,node_1984,line,220kV,line_182,281.59
edge_01821,node_1984,node_1985,line,220kV,line_182,302.91
edge_01822,node_1985,node_1986,line,220kV,line_182,258.14
edge_01823,node_1986,node_1987,line,220kV,line_182,101.6
edge_01824,node_1987,node_1988,line,220kV,line_182,36.39
edge_01825,node_1988,node_1989,line,220kV,line_182,129.74
edge_01826,node_1989,node_1990,line,220kV,line_182,79.92
edge_01827,node_1990,node_1991,line,220kV,line_182,78.37
edge_01828,node_1991,node_1992,line,220kV,line_182,40.16
edge_01829,node_1992,node_1993,line,220kV,line_182,285.46
edge_01830,node_1993,node_1994,line,220kV,line_182,261.33
edge_01831,node_1994,node_1995,line,220kV,line_182,281.63
edge_01832,node_1995,node_1996,line,220kV,line_182,273.85
edge_01833,node_1996,node_1997,line,220kV,line_182,283.52
edge_01834,node_1997,node_1998,line,220kV,line_182,259.72
edge_01835,node_1998,node_1999,line,220kV,line_182,255.08
edge_01836,node_1999,node_2000,line,220kV,line_182,241.13
edge_01837,node_2000,node_2001,line,220kV,line_182,246.36
edge_01838,node_2001,node_2002,line,220kV,line_182,219.01
edge_01839,node_2002,node_2003,line,220kV,line_182,335.99
edge_01840,node_2003,node_2004,line,220kV,line_182,183.76
edge_01841,node_2004,node_2005,line,220kV,line_182,272.64
edge_01842,node_2005,node_2006,line,220kV,line_182,329.08
edge_01843,node_2006,node_2007,line,220kV,line_182,246.22
edge_01844,node_2007,node_2008,line,220kV,line_182,279.02
edge_01845,node_2008,node_2009,line,220kV,line_182,37.14
edge_01846,node_2010,node_2011,line,220kV,line_183,99.98
edge_01847,node_2011,node_2012,line,220kV,line_183,225.27
edge_01848,node_2012,node_2013,line,220kV,line_183,150.24
edge_01849,node_2013,node_2014,line,220kV,line_183,99.66
edge_01850,node_2014,node_2015,line,220kV,line_183,202.36
edge_01851,node_2015,node_2016,line,220kV,line_183,160.7
edge_01852,node_2016,node_2017,line,220kV,line_183,280.22
edge_01853,node_2017,node_2018,line,220kV,line_183,168.27
edge_01854,node_2018,node_2019,line,220kV,line_183,217.8
edge_01855,node_2019,node_2020,line,220kV,line_183,145.88
edge_01856,node_2020,node_2021,line,220kV,line_183,228.79
edge_01857,node_2021,node_2022,line,220kV,line_183,326.41
edge_01858,node_2022,node_2023,line,220kV,line_183,203.79
edge_01859,node_2023,node_2024,line,220kV,line_183,51.53
edge_01860,node_2024,node_2025,line,220kV,line_183,6.83
edge_01861,node_2025,node_2026,line,220kV,line_183,57.39
edge_01862,node_2026,node_2027,line,220kV,line_183,288.29
edge_01863,node_2027,node_2028,line,220kV,line_183,248.42
edge_01864,node_2028,node_2029,line,220kV,line_183,176.84
edge_01865,node_2029,node_2030,line,220kV,line_183,8.97
edge_01866,node_2030,node_2031,line,220kV,line_183,229.88
edge_01867,node_2031,node_2032,line,220kV,line_183,263.37
edge_01868,node_2032,node_2033,line,220kV,line_183,142.29
edge_01869,node_2033,node_2034,line,220kV,line_183,272.89
edge_01870,node_2034,node_2035,line,220kV,line_183,234.76
edge_01871,node_2035,node_2036,line,220kV,line_183,219.46
edge_01872,node_2036,node_2037,line,220kV,line_183,201.19
edge_01873,node_2037,node_2038,line,220kV,line_183,25.04
edge_01874,node_2038,node_2039,line,220kV,line_183,78.21
edge_01875,node_2040,node_2041,line,220kV,line_184,80.46
edge_01876,node_2041,node_2042,line,220kV,line_184,267.8
edge_01877,node_2042,node_2043,line,220kV,line_184,152.09
edge_01878,node_2043,node_2044,line,220kV,line_184,116.67
edge_01879,node_2044,node_2045,line,220kV,line_184,133.86
edge_01880,node_2045,node_2046,line,220kV,line_184,47.83
edge_01881,node_2046,node_2047,line,220kV,line_184,78.37
edge_01882,node_2047,node_2048,line,220kV,line_184,169.27
edge_01883,node_2048,node_2049,line,220kV,line_184,137.82
edge_01884,node_2049,node_2050,line,220kV,line_184,237.28
edge_01885,node_2050,node_2051,line,220kV,line_184,256.79
edge_01886,node_2051,node_2052,line,220kV,line_184,232.14
edge_01887,node_2052,node_2053,line,220kV,line_184,246.47
edge_01888,node_2054,node_2055,line,220kV,line_185,286.36
edge_01889,node_2055,node_2056,line,220kV,line_185,265.04
edge_01890,node_2056,node_2057,line,220kV,line_185,39.61
edge_01891,node_2057,node_2058,line,220kV,line_185,195.62
edge_01892,node_2058,node_2059,line,220kV,line_185,41.82
edge_01893,node_2059,node_2060,line,220kV,line_185,292.83
edge_01894,node_2060,node_2061,line,220kV,line_185,168.21
edge_01895,node_2061,node_2062,line,220kV,line_185,434.8
edge_01896,node_2062,node_2063,line,220kV,line_185,224.03
edge_01897,node_2063,node_2064,line,220kV,line_185,286.92
edge_01898,node_2064,node_2065,line,220kV,line_185,176.09
edge_01899,node_2065,node_2066,line,220kV,line_185,187.76
edge_01900,node_2066,node_2067,line,220kV,line_185,203.35
edge_01901,node_2067,node_2068,line,220kV,line_185,171.07
edge_01902,node_2068,node_2069,line,220kV,line_185,141.66
edge_01903,node_2070,node_2071,line,220kV,line_186,60.43
edge_01904,node_2071,node_2072,line,220kV,line_186,156.4
edge_01905,node_2072,node_2073,line,220kV,line_186,83.73
edge_01906,node_2073,node_2074,line,220kV,line_186,63.57
edge_01907,node_2074,node_2075,line,220kV,line_186,177.6
edge_01908,node_2075,node_2076,line,220kV,line_186,179.18
edge_01909,node_2076,node_2077,line,220kV,line_186,197.92
edge_01910,node_2077,node_2078,line,220kV,line_186,195.23
edge_01911,node_2078,node_2079,line,220kV,line_186,203.82
edge_01912,node_2079,node_2080,line,220kV,line_186,175.64
edge_01913,node_2080,node_2081,line,220kV,line_186,131.84
edge_01914,node_2081,node_2082,line,220kV,line_186,55.78
edge_01915,node_2082,node_2083,line,220kV,line_186,182.04
edge_01916,node_2083,node_2084,line,220kV,line_186,164.75
edge_01917,node_2084,node_2085,line,220kV,line_186,164.03
edge_01918,node_2085,node_2086,line,220kV,line_186,171.17
edge_01919,node_2086,node_2087,line,220kV,line_186,165.75
edge_01920,node_2087,node_2088,line,220kV,line_186,147.83
edge_01921,node_2088,node_2089,line,220kV,line_186,199.9
edge_01922,node_2089,node_2090,line,220kV,line_186,159.66
edge_01923,node_2091,node_2092,line,220kV,line_187,287.04
edge_01924,node_2092,node_2093,line,220kV,line_187,302.53
edge_01925,node_2093,node_2094,line,220kV,line_187,89.12
edge_01926,node_2094,node_2095,line,220kV,line_187,116.71
edge_01927,node_2095,node_2096,line,220kV,line_187,41.96
edge_01928,node_2096,node_2097,line,220kV,line_187,30.07
edge_01929,node_2097,node_2098,line,220kV,line_187,250.88
edge_01930,node_2098,node_2099,line,220kV,line_187,181.14
edge_01931,node_2099,node_2100,line,220kV,line_187,407.49
edge_01932,node_2100,node_2101,line,220kV,line_187,244.62
edge_01933,node_2101,node_2102,line,220kV,line_187,14.55
edge_01934,node_2102,node_2103,line,220kV,line_187,166.15
edge_01935,node_2103,node_2104,line,220kV,line_187,110.71
edge_01936,node_2104,node_2105,line,220kV,line_187,172.53
edge_01937,node_2105,node_2106,line,220kV,line_187,228.09
edge_01938,node_2106,node_2107,line,220kV,line_187,139.47
edge_01939,node_2107,node_2108,line,220kV,line_187,99.5
edge_01940,node_2108,node_2109,line,220kV,line_187,97.79
edge_01941,node_2109,node_2110,line,220kV,line_187,60.44
edge_01942,node_2110,node_2111,line,220kV,line_187,80.02
edge_01943,node_2070,node_2112,line,220kV,line_188,67.27
edge_01944,node_2112,node_2113,line,220kV,line_188,161.22
edge_01945,node_2113,node_2114,line,220kV,line_188,144.54
edge_01946,node_2114,node_2115,line,220kV,line_188,176.75
edge_01947,node_2115,node_2116,line,220kV,line_188,181.52
edge_01948,node_2116,node_2117,line,220kV,line_188,197.58
edge_01949,node_2117,node_2118,line,220kV,line_188,118.27
edge_01950,node_2118,node_2119,line,220kV,line_188,38.25
edge_01951,node_2119,node_2120,line,220kV,line_188,24.98
edge_01952,node_2120,node_2121,line,220kV,line_188,218.53
edge_01953,node_2121,node_2122,line,220kV,line_188,175.71
edge_01954,node_2122,node_2123,line,220kV,line_188,185.63
edge_01955,node_2123,node_2124,line,220kV,line_188,182.13
edge_01956,node_2124,node_2125,line,220kV,line_188,178.63
edge_01957,node_2125,node_2126,line,220kV,line_188,60.97
edge_01958,node_2126,node_2127,line,220kV,line_188,94.25
edge_01959,node_2127,node_2128,line,220kV,line_188,162.93
edge_01960,node_2128,node_2129,line,220kV,line_188,125.8
edge_01961,node_2129,node_2130,line,220kV,line_188,189.91
edge_01962,node_2130,node_2131,line,220kV,line_188,194.34
edge_01963,node_2131,node_2090,line,220kV,line_188,169.97
edge_01964,node_2132,node_2133,line,220kV,line_189,134.54
edge_01965,node_2133,node_2134,line,220kV,line_190,53.17
edge_01966,node_2134,node_2135,line,220kV,line_190,87.17
edge_01967,node_2136,node_2137,line,220kV,line_191,135.46
edge_01968,node_2137,node_2138,line,220kV,line_191,441.59
edge_01969,node_2138,node_2139,line,220kV,line_191,521.54
edge_01970,node_2139,node_2140,line,220kV,line_191,262.61
edge_01971,node_2140,node_2141,line,220kV,line_191,430.3
edge_01972,node_2141,node_2142,line,220kV,line_191,164.67
edge_01973,node_2142,node_2143,line,220kV,line_191,145.62
edge_01974,node_2143,node_2144,line,220kV,line_191,241.7
edge_01975,node_2145,node_2146,line,220kV,line_192,79.72
edge_01976,node_2146,node_2147,line,220kV,line_192,134.79
edge_01977,node_2147,node_2148,line,220kV,line_192,174.58
edge_01978,node_2148,node_2149,line,220kV,line_192,363.7
edge_01979,node_2149,node_2150,line,220kV,line_192,199.93
edge_01980,node_2150,node_2151,line,220kV,line_192,256.32
edge_01981,node_2151,node_2152,line,220kV,line_192,156.83
edge_01982,node_2152,node_2153,line,220kV,line_192,188.88
edge_01983,node_2153,node_2154,line,220kV,line_192,181.15
edge_01984,node_2154,node_2155,line,220kV,line_192,177.27
edge_01985,node_2155,node_2156,line,220kV,line_192,192.05
edge_01986,node_2156,node_2157,line,220kV,line_192,188.9
edge_01987,node_2157,node_2158,line,220kV,line_192,106.99
edge_01988,node_2158,node_2159,line,220kV,line_192,195.34
edge_01989,node_2159,node_2160,line,220kV,line_192,185.73
edge_01990,node_2160,node_2161,line,220kV,line_192,145.93
edge_01991,node_2161,node_2162,line,220kV,line_192,169.5
edge_01992,node_2162,node_2163,line,220kV,line_192,260.14
edge_01993,node_2163,node_2164,line,220kV,line_192,287.47
edge_01994,node_2164,node_2165,line,220kV,line_192,24.91
edge_01995,node_2165,node_2166,line,220kV,line_192,95.17
edge_01996,node_2166,node_2167,line,220kV,line_192,154.85
edge_01997,node_2167,node_2168,line,220kV,line_192,222.15
edge_01998,node_2168,node_2169,line,220kV,line_192,131.86
edge_01999,node_2169,node_2170,line,220kV,line_192,180.57
edge_02000,node_2170,node_2171,line,220kV,line_192,199.0
edge_02001,node_2171,node_2172,line,220kV,line_192,182.5
edge_02002,node_2172,node_2173,line,220kV,line_192,194.41
edge_02003,node_2173,node_2174,line,220kV,line_192,155.51
edge_02004,node_2174,node_2175,line,220kV,line_192,125.24
edge_02005,node_2175,node_2176,line,220kV,line_192,100.77
edge_02006,node_2176,node_2177,line,220kV,line_192,193.88
edge_02007,node_2177,node_2178,line,220kV,line_192,176.08
edge_02008,node_2178,node_2179,line,220kV,line_192,32.16
edge_02009,node_2145,node_2180,line,220kV,line_193,75.91
edge_02010,node_2180,node_2181,line,220kV,line_193,157.26
edge_02011,node_2181,node_2182,line,220kV,line_193,158.72
edge_02012,node_2182,node_2183,line,220kV,line_193,356.99
edge_02013,node_2183,node_2184,line,220kV,line_193,255.16
edge_02014,node_2184,node_2185,line,220kV,line_193,176.2
edge_02015,node_2185,node_2186,line,220kV,line_193,188.61
edge_02016,node_2186,node_2187,line,220kV,line_193,183.07
edge_02017,node_2187,node_2188,line,220kV,line_193,186.61
edge_02018,node_2188,node_2189,line,220kV,line_193,176.0
edge_02019,node_2189,node_2190,line,220kV,line_193,184.44
edge_02020,node_2190,node_2191,line,220kV,line_193,148.42
edge_02021,node_2191,node_2192,line,220kV,line_193,150.85
edge_02022,node_2192,node_2193,line,220kV,line_193,185.82
edge_02023,node_2193,node_2194,line,220kV,line_193,15.13
edge_02024,node_2194,node_2195,line,220kV,line_193,207.66
edge_02025,node_2195,node_2196,line,220kV,line_193,152.11
edge_02026,node_2196,node_2197,line,220kV,line_193,157.27
edge_02027,node_2197,node_2198,line,220kV,line_193,275.26
edge_02028,node_2198,node_2199,line,220kV,line_193,152.68
edge_02029,node_2199,node_2200,line,220kV,line_193,148.93
edge_02030,node_2200,node_2201,line,220kV,line_193,64.46
edge_02031,node_2201,node_2202,line,220kV,line_193,30.33
edge_02032,node_2202,node_2203,line,220kV,line_193,158.36
edge_02033,node_2203,node_2204,line,220kV,line_193,196.49
edge_02034,node_2204,node_2205,line,220kV,line_193,114.13
edge_02035,node_2205,node_2206,line,220kV,line_193,196.85
edge_02036,node_2206,node_2207,line,220kV,line_193,178.63
edge_02037,node_2207,node_2208,line,220kV,line_193,179.54
edge_02038,node_2208,node_2209,line,220kV,line_193,201.25
edge_02039,node_2209,node_2210,line,220kV,line_193,110.38
edge_02040,node_2210,node_2211,line,220kV,line_193,53.38
edge_02041,node_2211,node_2212,line,220kV,line_193,126.37
edge_02042,node_2212,node_2213,line,220kV,line_193,109.88
edge_02043,node_2213,node_2214,line,220kV,line_193,182.14
edge_02044,node_2214,node_2215,line,220kV,line_193,178.85
edge_02045,node_2215,node_2179,line,220kV,line_193,38.52
edge_02046,node_2216,node_2217,line,220kV,line_194,38.01
edge_02047,node_2217,node_2218,line,220kV,line_194,73.89
edge_02048,node_2218,node_2219,line,220kV,line_194,271.41
edge_02049,node_2219,node_2220,line,220kV,line_194,176.33
edge_02050,node_2220,node_2221,line,220kV,line_194,146.33
edge_02051,node_2221,node_2222,line,220kV,line_194,176.85
edge_02052,node_2222,node_2223,line,220kV,line_194,89.12
edge_02053,node_2179,node_2224,line,220kV,line_195,127.74
edge_02054,node_2224,node_2090,line,220kV,line_195,141.07
edge_02055,node_2046,node_2225,line,220kV,line_196,30.2
edge_02056,node_2225,node_2226,line,220kV,line_196,132.8
edge_02057,node_2226,node_2133,line,220kV,line_196,60.56
edge_02058,node_2227,node_2228,line,220kV,line_197,49.19
edge_02059,node_2228,node_2229,line,220kV,line_197,158.29
edge_02060,node_2230,node_2231,line,220kV,line_198,353.66
edge_02061,node_2231,node_2232,line,220kV,line_198,319.08
edge_02062,node_2232,node_2070,line,220kV,line_198,572.76
edge_02063,node_0036,node_0037,line,220kV,line_199,77.96
edge_02064,node_0037,node_0038,line,220kV,line_199,155.39
edge_02065,node_0038,node_0039,line,220kV,line_199,59.08
edge_02066,node_0039,node_0040,line,220kV,line_199,35.63
edge_02067,node_0040,node_0041,line,220kV,line_199,18.89
edge_02068,node_0041,node_0036,line,220kV,line_199,119.75
edge_02069,node_0036,node_0042,line,220kV,line_199,8.55
edge_02070,node_2233,node_2234,line,220kV,line_200,135.0
edge_02071,node_2234,node_2235,line,220kV,line_200,181.15
edge_02072,node_2235,node_2236,line,220kV,line_200,109.51
edge_02073,node_2236,node_2237,line,220kV,line_200,138.55
edge_02074,node_2237,node_2238,line,220kV,line_200,130.02
edge_02075,node_2239,node_2240,line,220kV,line_201,29.79
edge_02076,node_2240,node_2241,line,220kV,line_201,289.36
edge_02077,node_2241,node_2242,line,220kV,line_201,308.26
edge_02078,node_2242,node_2243,line,220kV,line_201,337.29
edge_02079,node_2243,node_2244,line,220kV,line_201,102.19
edge_02080,node_2245,node_2246,line,220kV,line_202,169.05
edge_02081,node_2246,node_2247,line,220kV,line_202,42.4
edge_02082,node_2247,node_2248,line,220kV,line_202,43.59
edge_02083,node_2248,node_2249,line,220kV,line_202,38.08
edge_02084,node_2249,node_2250,line,220kV,line_202,220.52
edge_02085,node_2250,node_2251,line,220kV,line_202,199.92
edge_02086,node_2251,node_2252,line,220kV,line_202,42.53
edge_02087,node_2253,node_2254,line,220kV,line_203,64.94
edge_02088,node_2254,node_2255,line,220kV,line_203,98.26
edge_02089,node_2255,node_2256,line,220kV,line_203,118.79
edge_02090,node_2256,node_2257,line,220kV,line_203,170.94
edge_02091,node_2257,node_2258,line,220kV,line_203,123.95
edge_02092,node_2258,node_2259,line,220kV,line_203,97.89
edge_02093,node_2259,node_2260,line,220kV,line_203,223.03
edge_02094,node_2260,node_2261,line,220kV,line_203,125.9
edge_02095,node_2262,node_2263,line,220kV,line_204,137.69
edge_02096,node_2263,node_2264,line,220kV,line_204,195.82
edge_02097,node_2264,node_2265,line,220kV,line_204,206.06
edge_02098,node_2265,node_2266,line,220kV,line_204,33.12
edge_02099,node_2266,node_2267,line,220kV,line_204,172.16
edge_02100,node_2267,node_2268,line,220kV,line_204,174.44
edge_02101,node_2268,node_2269,line,220kV,line_204,148.05
edge_02102,node_2269,node_2270,line,220kV,line_204,246.84
edge_02103,node_2270,node_2271,line,220kV,line_204,218.62
edge_02104,node_2271,node_2272,line,220kV,line_204,212.56
edge_02105,node_2272,node_2273,line,220kV,line_204,179.59
edge_02106,node_2273,node_2274,line,220kV,line_204,171.54
edge_02107,node_2274,node_2275,line,220kV,line_204,176.3
edge_02108,node_2275,node_2276,line,220kV,line_204,190.25
edge_02109,node_2276,node_2277,line,220kV,line_204,208.72
edge_02110,node_2277,node_2278,line,220kV,line_204,202.65
edge_02111,node_2278,node_2279,line,220kV,line_204,199.24
edge_02112,node_2279,node_2280,line,220kV,line_204,206.16
edge_02113,node_2280,node_2281,line,220kV,line_204,192.14
edge_02114,node_2281,node_2282,line,220kV,line_204,184.88
edge_02115,node_2282,node_2283,line,220kV,line_204,217.19
edge_02116,node_2283,node_2284,line,220kV,line_204,167.46
edge_02117,node_2284,node_2285,line,220kV,line_204,185.2
edge_02118,node_2285,node_2286,line,220kV,line_204,173.58
edge_02119,node_2286,node_2287,line,220kV,line_204,168.66
edge_02120,node_2287,node_2288,line,220kV,line_204,178.62
edge_02121,node_2288,node_2289,line,220kV,line_204,202.99
edge_02122,node_2289,node_2290,line,220kV,line_204,145.81
edge_02123,node_2290,node_2291,line,220kV,line_204,319.83
edge_02124,node_2291,node_2292,line,220kV,line_204,182.22
edge_02125,node_2292,node_2293,line,220kV,line_204,207.4
edge_02126,node_2293,node_2294,line,220kV,line_204,202.0
edge_02127,node_2294,node_2295,line,220kV,line_204,182.77
edge_02128,node_2295,node_2296,line,220kV,line_204,212.15
edge_02129,node_2296,node_2297,line,220kV,line_204,199.1
edge_02130,node_2297,node_2298,line,220kV,line_204,131.57
edge_02131,node_2298,node_2299,line,220kV,line_204,178.2
edge_02132,node_2299,node_2300,line,220kV,line_204,240.96
edge_02133,node_2300,node_2301,line,220kV,line_204,201.59
edge_02134,node_2301,node_2302,line,220kV,line_204,197.8
edge_02135,node_2302,node_2303,line,220kV,line_204,199.94
edge_02136,node_2303,node_2304,line,220kV,line_204,219.45
edge_02137,node_2304,node_2305,line,220kV,line_204,184.57
edge_02138,node_2305,node_2306,line,220kV,line_204,202.44
edge_02139,node_2306,node_2307,line,220kV,line_204,205.95
edge_02140,node_2307,node_2308,line,220kV,line_204,209.33
edge_02141,node_2308,node_2309,line,220kV,line_204,193.34
edge_02142,node_2309,node_2310,line,220kV,line_204,222.46
edge_02143,node_2310,node_2311,line,220kV,line_204,202.15
edge_02144,node_2311,node_2312,line,220kV,line_204,211.44
edge_02145,node_2312,node_2313,line,220kV,line_204,165.93
edge_02146,node_2313,node_2314,line,220kV,line_204,80.01
edge_02147,node_2314,node_2315,line,220kV,line_204,97.38
edge_02148,node_2315,node_2316,line,220kV,line_204,161.85
edge_02149,node_2316,node_2317,line,220kV,line_204,252.27
edge_02150,node_2317,node_2318,line,220kV,line_204,146.7
edge_02151,node_2318,node_2319,line,220kV,line_204,62.25
edge_02152,node_2319,node_2320,line,220kV,line_204,141.19
edge_02153,node_2320,node_2321,line,220kV,line_204,164.42
edge_02154,node_2321,node_2322,line,220kV,line_204,207.3
edge_02155,node_2322,node_2323,line,220kV,line_204,154.82
edge_02156,node_2323,node_2324,line,220kV,line_204,202.77
edge_02157,node_2324,node_2325,line,220kV,line_204,76.3
edge_02158,node_2325,node_2326,line,220kV,line_204,40.57
edge_02159,node_2326,node_2327,line,220kV,line_204,55.07
edge_02160,node_2327,node_2328,line,220kV,line_204,12.48
edge_02161,node_2328,node_2329,line,220kV,line_204,201.32
edge_02162,node_2330,node_2331,line,220kV,line_205,279.61
edge_02163,node_2331,node_2332,line,220kV,line_205,291.56
edge_02164,node_2332,node_2333,line,220kV,line_205,307.58
edge_02165,node_2333,node_2334,line,220kV,line_205,283.18
edge_02166,node_2334,node_2335,line,220kV,line_205,299.45
edge_02167,node_2335,node_2336,line,220kV,line_205,225.37
edge_02168,node_2336,node_2337,line,220kV,line_205,200.76
edge_02169,node_2337,node_2338,line,220kV,line_205,241.87
edge_02170,node_2338,node_2339,line,220kV,line_205,250.09
edge_02171,node_2339,node_2340,line,220kV,line_205,289.46
edge_02172,node_2340,node_2341,line,220kV,line_205,265.75
edge_02173,node_2341,node_2342,line,220kV,line_205,268.3
edge_02174,node_2342,node_2343,line,220kV,line_205,163.89
edge_02175,node_2343,node_2344,line,220kV,line_205,218.47
edge_02176,node_2344,node_2345,line,220kV,line_205,218.17
edge_02177,node_2345,node_2346,line,220kV,line_205,51.79
edge_02178,node_2346,node_2347,line,220kV,line_205,206.79
edge_02179,node_2347,node_2348,line,220kV,line_205,285.33
edge_02180,node_2348,node_2349,line,220kV,line_205,290.6
edge_02181,node_2349,node_2350,line,220kV,line_205,200.26
edge_02182,node_2350,node_2351,line,220kV,line_205,60.05
edge_02183,node_2351,node_2352,line,220kV,line_205,195.25
edge_02184,node_2352,node_2353,line,220kV,line_205,266.39
edge_02185,node_2353,node_2354,line,220kV,line_205,254.65
edge_02186,node_2354,node_2355,line,220kV,line_205,209.61
edge_02187,node_2355,node_2356,line,220kV,line_205,372.91
edge_02188,node_2356,node_2357,line,220kV,line_205,274.23
edge_02189,node_2357,node_2358,line,220kV,line_205,241.53
edge_02190,node_2358,node_2359,line,220kV,line_205,40.41
edge_02191,node_2359,node_2360,line,220kV,line_205,281.06
edge_02192,node_2360,node_2361,line,220kV,line_205,227.01
edge_02193,node_2361,node_2362,line,220kV,line_205,4.41
edge_02194,node_2362,node_2363,line,220kV,line_205,259.71
edge_02195,node_2363,node_2364,line,220kV,line_205,305.67
edge_02196,node_2364,node_2365,line,220kV,line_205,281.15
edge_02197,node_2365,node_2366,line,220kV,line_205,160.18
edge_02198,node_2366,node_2367,line,220kV,line_205,67.16
edge_02199,node_2367,node_2368,line,220kV,line_205,191.79
edge_02200,node_2368,node_2369,line,220kV,line_205,259.6
edge_02201,node_2369,node_2370,line,220kV,line_205,271.3
edge_02202,node_2370,node_2371,line,220kV,line_205,225.65
edge_02203,node_2371,node_2372,line,220kV,line_205,185.17
edge_02204,node_2372,node_2373,line,220kV,line_205,78.65
edge_02205,node_2373,node_2374,line,220kV,line_205,144.28
edge_02206,node_2374,node_2375,line,220kV,line_205,116.11
edge_02207,node_2375,node_2376,line,220kV,line_205,226.64
edge_02208,node_2376,node_2377,line,220kV,line_205,224.96
edge_02209,node_2377,node_2378,line,220kV,line_205,266.28
edge_02210,node_2378,node_2379,line,220kV,line_205,260.16
edge_02211,node_2379,node_2380,line,220kV,line_205,265.13
edge_02212,node_2380,node_2381,line,220kV,line_205,281.67
edge_02213,node_2381,node_2382,line,220kV,line_205,97.09
edge_02214,node_2382,node_2383,line,220kV,line_205,112.58
edge_02215,node_2383,node_2384,line,220kV,line_205,123.96
edge_02216,node_2385,node_2386,line,220kV,line_206,323.97
edge_02217,node_2386,node_1841,line,220kV,line_206,288.55
edge_02218,node_2387,node_2388,line,220kV,line_207,177.32
edge_02219,node_2388,node_2389,line,220kV,line_207,208.08
edge_02220,node_2390,node_2391,line,220kV,line_208,47.24
edge_02221,node_2391,node_2392,line,220kV,line_208,42.71
edge_02222,node_2392,node_2393,line,220kV,line_208,87.96
edge_02223,node_2393,node_2394,line,220kV,line_208,327.48
edge_02224,node_2394,node_2395,line,220kV,line_208,23.88
edge_02225,node_2395,node_2396,line,220kV,line_208,263.43
edge_02226,node_2396,node_2397,line,220kV,line_208,283.31
edge_02227,node_2397,node_2398,line,220kV,line_208,330.13
edge_02228,node_2398,node_2399,line,220kV,line_208,287.37
edge_02229,node_2399,node_2400,line,220kV,line_208,340.19
edge_02230,node_2400,node_2401,line,220kV,line_208,249.29
edge_02231,node_2401,node_2402,line,220kV,line_208,309.7
edge_02232,node_2402,node_2403,line,220kV,line_208,297.41
edge_02233,node_2403,node_2404,line,220kV,line_208,287.43
edge_02234,node_2404,node_2405,line,220kV,line_208,356.4
edge_02235,node_2405,node_2406,line,220kV,line_208,347.3
edge_02236,node_2406,node_2407,line,220kV,line_208,263.95
edge_02237,node_2407,node_2408,line,220kV,line_208,300.7
edge_02238,node_2408,node_2409,line,220kV,line_208,363.73
edge_02239,node_2409,node_2410,line,220kV,line_208,303.71
edge_02240,node_2410,node_2411,line,220kV,line_208,248.42
edge_02241,node_2411,node_2412,line,220kV,line_208,274.68
edge_02242,node_2412,node_2413,line,220kV,line_208,379.29
edge_02243,node_2413,node_2414,line,220kV,line_208,412.12
edge_02244,node_2414,node_2415,line,220kV,line_208,336.49
edge_02245,node_2415,node_2416,line,220kV,line_208,360.28
edge_02246,node_2416,node_2417,line,220kV,line_208,248.31
edge_02247,node_2417,node_2418,line,220kV,line_208,280.07
edge_02248,node_2418,node_2419,line,220kV,line_208,297.15
edge_02249,node_2419,node_2420,line,220kV,line_208,332.55
edge_02250,node_2420,node_2421,line,220kV,line_208,286.29
edge_02251,node_2421,node_2422,line,220kV,line_208,276.64
edge_02252,node_2422,node_2423,line,220kV,line_208,319.57
edge_02253,node_2423,node_2424,line,220kV,line_208,278.15
edge_02254,node_2424,node_2425,line,220kV,line_208,360.68
edge_02255,node_2425,node_2426,line,220kV,line_208,340.05
edge_02256,node_2426,node_2427,line,220kV,line_208,244.34
edge_02257,node_2427,node_2428,line,220kV,line_208,322.0
edge_02258,node_2428,node_2429,line,220kV,line_208,372.59
edge_02259,node_2429,node_2430,line,220kV,line_208,260.13
edge_02260,node_2430,node_2431,line,220kV,line_208,371.71
edge_02261,node_2431,node_2432,line,220kV,line_208,245.47
edge_02262,node_2432,node_2433,line,220kV,line_208,160.75
edge_02263,node_2433,node_2434,line,220kV,line_208,168.81
edge_02264,node_2434,node_2435,line,220kV,line_208,26.12
edge_02265,node_2435,node_2436,line,220kV,line_208,277.12
edge_02266,node_2436,node_2437,line,220kV,line_208,334.95
edge_02267,node_2437,node_2438,line,220kV,line_208,174.93
edge_02268,node_2438,node_2439,line,220kV,line_208,134.22
edge_02269,node_2439,node_2440,line,220kV,line_208,308.83
edge_02270,node_2440,node_2441,line,220kV,line_208,96.54
edge_02271,node_2441,node_2442,line,220kV,line_208,97.42
edge_02272,node_2442,node_2443,line,220kV,line_208,315.33
edge_02273,node_2443,node_2444,line,220kV,line_208,359.22
edge_02274,node_2444,node_2445,line,220kV,line_208,300.9
edge_02275,node_2445,node_2446,line,220kV,line_208,308.73
edge_02276,node_2446,node_2447,line,220kV,line_208,272.14
edge_02277,node_2447,node_2448,line,220kV,line_208,272.98
edge_02278,node_2448,node_2449,line,220kV,line_208,318.12
edge_02279,node_2449,node_2450,line,220kV,line_208,211.74
edge_02280,node_2450,node_2451,line,220kV,line_208,6.22
edge_02281,node_2451,node_2452,line,220kV,line_208,79.29
edge_02282,node_2453,node_2454,line,220kV,line_209,315.75
edge_02283,node_2454,node_1782,line,220kV,line_209,308.59
edge_02284,node_1782,node_2455,line,220kV,line_209,86.87
edge_02285,node_2455,node_2456,line,220kV,line_209,319.22
edge_02286,node_2456,node_2457,line,220kV,line_209,317.91
edge_02287,node_2457,node_2458,line,220kV,line_209,365.05
edge_02288,node_2458,node_2459,line,220kV,line_209,232.79
edge_02289,node_2459,node_2460,line,220kV,line_209,300.11
edge_02290,node_2460,node_2461,line,220kV,line_209,106.68
edge_02291,node_2461,node_2462,line,220kV,line_209,220.72
edge_02292,node_2462,node_2463,line,220kV,line_209,313.47
edge_02293,node_2463,node_2464,line,220kV,line_209,8.02
edge_02294,node_2464,node_2465,line,220kV,line_209,280.34
edge_02295,node_2465,node_2466,line,220kV,line_209,337.52
edge_02296,node_2466,node_2467,line,220kV,line_209,282.91
edge_02297,node_2467,node_2468,line,220kV,line_209,294.9
edge_02298,node_2468,node_2469,line,220kV,line_209,298.84
edge_02299,node_2469,node_2470,line,220kV,line_209,289.04
edge_02300,node_2470,node_2471,line,220kV,line_209,352.26
edge_02301,node_2471,node_2472,line,220kV,line_209,270.49
edge_02302,node_2472,node_2473,line,220kV,line_209,294.31
edge_02303,node_2473,node_2474,line,220kV,line_209,310.46
edge_02304,node_2474,node_2475,line,220kV,line_209,278.44
edge_02305,node_2475,node_2476,line,220kV,line_209,274.62
edge_02306,node_2476,node_2477,line,220kV,line_209,296.66
edge_02307,node_2477,node_2478,line,220kV,line_209,293.96
edge_02308,node_2478,node_2479,line,220kV,line_209,323.97
edge_02309,node_2479,node_2480,line,220kV,line_209,280.07
edge_02310,node_2480,node_2481,line,220kV,line_209,371.7
edge_02311,node_2481,node_2482,line,220kV,line_209,306.67
edge_02312,node_2482,node_2483,line,220kV,line_209,300.36
edge_02313,node_2483,node_2484,line,220kV,line_209,327.32
edge_02314,node_2484,node_2485,line,220kV,line_209,378.45
edge_02315,node_2485,node_2486,line,220kV,line_209,272.63
edge_02316,node_2486,node_2487,line,220kV,line_209,420.7
edge_02317,node_2487,node_2488,line,220kV,line_209,307.75
edge_02318,node_2488,node_2489,line,220kV,line_209,288.06
edge_02319,node_2489,node_2490,line,220kV,line_209,285.94
edge_02320,node_2490,node_2491,line,220kV,line_209,260.87
edge_02321,node_2491,node_2492,line,220kV,line_209,297.09
edge_02322,node_2492,node_2493,line,220kV,line_209,302.28
edge_02323,node_2493,node_2494,line,220kV,line_209,304.13
edge_02324,node_2494,node_2495,line,220kV,line_209,371.69
edge_02325,node_2495,node_2496,line,220kV,line_209,258.12
edge_02326,node_2496,node_2497,line,220kV,line_209,113.64
edge_02327,node_2497,node_2498,line,220kV,line_209,147.31
edge_02328,node_2498,node_2499,line,220kV,line_209,279.98
edge_02329,node_2499,node_2500,line,220kV,line_209,196.31
edge_02330,node_2500,node_2501,line,220kV,line_209,66.26
edge_02331,node_2501,node_2502,line,220kV,line_209,46.78
edge_02332,node_2503,node_2504,line,220kV,line_210,200.15
edge_02333,node_2504,node_2505,line,220kV,line_210,24.36
edge_02334,node_2505,node_2506,line,220kV,line_210,215.02
edge_02335,node_2506,node_2507,line,220kV,line_210,328.57
edge_02336,node_2507,node_2508,line,220kV,line_210,142.5
edge_02337,node_2508,node_2509,line,220kV,line_210,79.8
edge_02338,node_2509,node_2510,line,220kV,line_210,131.93
edge_02339,node_2510,node_2511,line,220kV,line_210,279.92
edge_02340,node_2511,node_2512,line,220kV,line_210,222.13
edge_02341,node_2512,node_2513,line,220kV,line_210,197.33
edge_02342,node_2513,node_2514,line,220kV,line_210,201.22
edge_02343,node_2514,node_2515,line,220kV,line_210,211.16
edge_02344,node_2515,node_2516,line,220kV,line_210,134.13
edge_02345,node_2516,node_2517,line,220kV,line_210,129.15
edge_02346,node_2517,node_2518,line,220kV,line_210,339.23
edge_02347,node_2519,node_2520,line,220kV,line_211,39.71
edge_02348,node_2520,node_2521,line,220kV,line_211,120.18
edge_02349,node_2521,node_2522,line,220kV,line_211,149.21
edge_02350,node_2522,node_2523,line,220kV,line_211,147.37
edge_02351,node_2523,node_2524,line,220kV,line_211,160.93
edge_02352,node_2524,node_2525,line,220kV,line_211,147.99
edge_02353,node_2525,node_2526,line,220kV,line_211,153.2
edge_02354,node_2526,node_2527,line,220kV,line_211,156.19
edge_02355,node_2527,node_2528,line,220kV,line_211,156.91
edge_02356,node_2528,node_2529,line,220kV,line_211,152.34
edge_02357,node_2453,node_2530,line,220kV,line_212,350.21
edge_02358,node_2530,node_2531,line,220kV,line_212,318.16
edge_02359,node_2531,node_2532,line,220kV,line_212,318.7
edge_02360,node_2532,node_2533,line,220kV,line_212,168.08
edge_02361,node_2533,node_2534,line,220kV,line_212,215.05
edge_02362,node_2534,node_2535,line,220kV,line_212,498.89
edge_02363,node_2535,node_2536,line,220kV,line_212,4.55
edge_02364,node_2536,node_2537,line,220kV,line_212,316.39
edge_02365,node_2537,node_2538,line,220kV,line_212,83.53
edge_02366,node_2538,node_2539,line,220kV,line_212,74.77
edge_02367,node_2539,node_2540,line,220kV,line_212,162.2
edge_02368,node_2541,node_2542,line,220kV,line_213,302.25
edge_02369,node_2542,node_2543,line,220kV,line_213,331.48
edge_02370,node_1841,node_2544,line,220kV,line_214,79.74
edge_02371,node_2544,node_2545,line,220kV,line_214,172.61
edge_02372,node_2545,node_2546,line,220kV,line_214,194.86
edge_02373,node_2546,node_2547,line,220kV,line_214,319.57
edge_02374,node_2547,node_2548,line,220kV,line_214,301.1
edge_02375,node_2548,node_2549,line,220kV,line_214,316.74
edge_02376,node_2549,node_2550,line,220kV,line_214,268.67
edge_02377,node_2550,node_2551,line,220kV,line_214,119.89
edge_02378,node_2551,node_2552,line,220kV,line_214,288.66
edge_02379,node_2552,node_2553,line,220kV,line_214,151.51
edge_02380,node_2553,node_2554,line,220kV,line_214,270.73
edge_02381,node_2554,node_2555,line,220kV,line_214,321.81
edge_02382,node_2555,node_2556,line,220kV,line_214,316.13
edge_02383,node_2556,node_2557,line,220kV,line_214,305.75
edge_02384,node_2557,node_2558,line,220kV,line_214,244.51
edge_02385,node_2558,node_2559,line,220kV,line_214,256.25
edge_02386,node_2559,node_2560,line,220kV,line_214,279.19
edge_02387,node_2560,node_2561,line,220kV,line_214,384.27
edge_02388,node_2561,node_2562,line,220kV,line_214,221.67
edge_02389,node_2562,node_2563,line,220kV,line_214,143.93
edge_02390,node_2563,node_2564,line,220kV,line_214,355.5
edge_02391,node_2564,node_2565,line,220kV,line_214,306.19
edge_02392,node_2565,node_2566,line,220kV,line_214,259.55
edge_02393,node_2566,node_2567,line,220kV,line_214,318.91
edge_02394,node_2567,node_2568,line,220kV,line_214,316.88
edge_02395,node_2568,node_2569,line,220kV,line_214,319.81
edge_02396,node_2569,node_2570,line,220kV,line_214,374.54
edge_02397,node_2570,node_2571,line,220kV,line_214,297.91
edge_02398,node_2571,node_2572,line,220kV,line_214,287.69
edge_02399,node_2572,node_2573,line,220kV,line_214,29.78
edge_02400,node_2573,node_2574,line,220kV,line_214,39.97
edge_02401,node_2574,node_2575,line,220kV,line_214,165.65
edge_02402,node_2575,node_2576,line,220kV,line_214,270.6
edge_02403,node_2576,node_2577,line,220kV,line_214,246.25
edge_02404,node_2577,node_2578,line,220kV,line_214,234.52
edge_02405,node_2578,node_2579,line,220kV,line_214,242.14
edge_02406,node_2579,node_2580,line,220kV,line_214,226.01
edge_02407,node_2580,node_2581,line,220kV,line_214,296.22
edge_02408,node_2581,node_2582,line,220kV,line_214,287.98
edge_02409,node_2582,node_2583,line,220kV,line_214,282.73
edge_02410,node_2584,node_2585,line,220kV,line_215,63.36
edge_02411,node_2585,node_2586,line,220kV,line_215,88.86
edge_02412,node_2586,node_2587,line,220kV,line_215,103.07
edge_02413,node_2587,node_2588,line,220kV,line_215,119.84
edge_02414,node_2588,node_2589,line,220kV,line_215,128.88
edge_02415,node_2589,node_2590,line,220kV,line_215,138.2
edge_02416,node_2590,node_2591,line,220kV,line_215,112.21
edge_02417,node_2592,node_2593,line,220kV,line_216,54.38
edge_02418,node_2593,node_2594,line,220kV,line_216,83.44
edge_02419,node_2594,node_2595,line,220kV,line_216,95.31
edge_02420,node_2595,node_2596,line,220kV,line_216,93.45
edge_02421,node_2596,node_2597,line,220kV,line_216,131.66
edge_02422,node_2597,node_2598,line,220kV,line_216,120.14
edge_02423,node_2598,node_2584,line,220kV,line_216,143.73
edge_02424,node_2584,node_2599,line,220kV,line_216,175.44
edge_02425,node_2599,node_2600,line,220kV,line_216,200.27
edge_02426,node_2600,node_2601,line,220kV,line_216,253.03
edge_02427,node_2601,node_2602,line,220kV,line_216,204.08
edge_02428,node_2602,node_2603,line,220kV,line_216,250.95
edge_02429,node_2603,node_2604,line,220kV,line_216,288.02
edge_02430,node_2604,node_2605,line,220kV,line_216,298.55
edge_02431,node_2605,node_2606,line,220kV,line_216,270.08
edge_02432,node_2606,node_2607,line,220kV,line_216,244.83
edge_02433,node_2607,node_2608,line,220kV,line_216,272.36
edge_02434,node_2608,node_2609,line,220kV,line_216,265.92
edge_02435,node_2609,node_2610,line,220kV,line_216,256.95
edge_02436,node_2610,node_2611,line,220kV,line_216,247.84
edge_02437,node_2611,node_2612,line,220kV,line_216,154.16
edge_02438,node_2612,node_2613,line,220kV,line_216,55.33
edge_02439,node_2613,node_2614,line,220kV,line_216,6.73
edge_02440,node_2614,node_2615,line,220kV,line_216,58.06
edge_02441,node_2615,node_2616,line,220kV,line_216,287.71
edge_02442,node_2616,node_2617,line,220kV,line_216,126.61
edge_02443,node_2617,node_2618,line,220kV,line_216,179.7
edge_02444,node_2618,node_2619,line,220kV,line_216,130.85
edge_02445,node_2619,node_2620,line,220kV,line_216,308.36
edge_02446,node_2620,node_2621,line,220kV,line_216,259.92
edge_02447,node_2621,node_2622,line,220kV,line_216,267.27
edge_02448,node_2622,node_2623,line,220kV,line_216,214.36
edge_02449,node_2623,node_2624,line,220kV,line_216,272.58
edge_02450,node_2624,node_2625,line,220kV,line_216,270.0
edge_02451,node_2625,node_2626,line,220kV,line_216,258.32
edge_02452,node_2626,node_2627,line,220kV,line_216,315.88
edge_02453,node_2627,node_2628,line,220kV,line_216,226.25
edge_02454,node_2628,node_2629,line,220kV,line_216,278.12
edge_02455,node_2629,node_2630,line,220kV,line_216,279.56
edge_02456,node_2630,node_2631,line,220kV,line_216,204.72
edge_02457,node_2631,node_2632,line,220kV,line_216,44.87
edge_02458,node_2632,node_2633,line,220kV,line_216,296.11
edge_02459,node_2633,node_2634,line,220kV,line_216,319.6
edge_02460,node_2634,node_2635,line,220kV,line_216,246.24
edge_02461,node_2635,node_2636,line,220kV,line_216,48.7
edge_02462,node_2636,node_2637,line,220kV,line_216,254.13
edge_02463,node_2637,node_2638,line,220kV,line_216,221.84
edge_02464,node_2638,node_2639,line,220kV,line_216,283.49
edge_02465,node_2639,node_2640,line,220kV,line_216,248.65
edge_02466,node_2640,node_2641,line,220kV,line_216,315.43
edge_02467,node_2641,node_2642,line,220kV,line_216,278.12
edge_02468,node_2642,node_2643,line,220kV,line_216,287.3
edge_02469,node_2643,node_2644,line,220kV,line_216,217.81
edge_02470,node_2644,node_2645,line,220kV,line_216,175.11
edge_02471,node_2645,node_2646,line,220kV,line_216,138.56
edge_02472,node_2646,node_2647,line,220kV,line_216,312.37
edge_02473,node_2647,node_2648,line,220kV,line_216,166.58
edge_02474,node_2649,node_2650,line,220kV,line_217,32.87
edge_02475,node_2650,node_2651,line,220kV,line_217,44.28
edge_02476,node_2651,node_2652,line,220kV,line_217,59.7
edge_02477,node_2652,node_2653,line,220kV,line_217,96.41
edge_02478,node_2653,node_2654,line,220kV,line_217,116.28
edge_02479,node_2654,node_2655,line,220kV,line_217,138.92
edge_02480,node_2655,node_2656,line,220kV,line_217,73.92
edge_02481,node_2656,node_2657,line,220kV,line_217,94.4
edge_02482,node_2657,node_2658,line,220kV,line_217,88.45
edge_02483,node_2658,node_2659,line,220kV,line_217,81.2
edge_02484,node_2659,node_2660,line,220kV,line_217,96.56
edge_02485,node_2660,node_2661,line,220kV,line_217,105.0
edge_02486,node_2661,node_2662,line,220kV,line_217,145.9
edge_02487,node_2662,node_2663,line,220kV,line_217,136.59
edge_02488,node_2663,node_2664,line,220kV,line_217,87.43
edge_02489,node_2664,node_2665,line,220kV,line_217,214.17
edge_02490,node_2665,node_2666,line,220kV,line_217,130.23
edge_02491,node_2666,node_2667,line,220kV,line_217,293.7
edge_02492,node_2667,node_2668,line,220kV,line_217,48.08
edge_02493,node_2668,node_2669,line,220kV,line_217,92.38
edge_02494,node_2669,node_2670,line,220kV,line_217,20.64
edge_02495,node_2670,node_2671,line,220kV,line_217,119.62
edge_02496,node_2671,node_2672,line,220kV,line_217,101.15
edge_02497,node_2672,node_2673,line,220kV,line_217,86.87
edge_02498,node_2673,node_2674,line,220kV,line_217,121.87
edge_02499,node_2674,node_2675,line,220kV,line_217,121.56
edge_02500,node_2675,node_2676,line,220kV,line_217,129.11
edge_02501,node_2676,node_2677,line,220kV,line_217,119.77
edge_02502,node_2677,node_2678,line,220kV,line_217,124.68
edge_02503,node_2678,node_2679,line,220kV,line_217,122.21
edge_02504,node_2679,node_2680,line,220kV,line_217,50.62
edge_02505,node_2680,node_2681,line,220kV,line_217,78.17
edge_02506,node_2681,node_2682,line,220kV,line_217,66.05
edge_02507,node_2682,node_2683,line,220kV,line_217,37.91
edge_02508,node_1722,node_2684,line,220kV,line_218,66.43
edge_02509,node_2684,node_2685,line,220kV,line_218,44.16
edge_02510,node_2686,node_2687,line,220kV,line_219,24.83
edge_02511,node_2687,node_2688,line,220kV,line_219,163.85
edge_02512,node_2688,node_1779,line,220kV,line_219,192.26
edge_02513,node_1345,node_2689,line,220kV,line_220,37.8
edge_02514,node_2689,node_2690,line,220kV,line_220,85.19
edge_02515,node_2690,node_2691,line,220kV,line_220,25.0
edge_02516,node_1722,node_2692,line,220kV,line_221,132.07
edge_02517,node_2692,node_2693,line,220kV,line_221,183.01
edge_02518,node_2693,node_2694,line,220kV,line_221,311.8
edge_02519,node_2694,node_2695,line,220kV,line_221,290.56
edge_02520,node_2695,node_2696,line,220kV,line_221,237.45
edge_02521,node_2696,node_2697,line,220kV,line_221,164.21
edge_02522,node_2697,node_2698,line,220kV,line_221,191.66
edge_02523,node_2698,node_2699,line,220kV,line_221,221.3
edge_02524,node_2699,node_2700,line,220kV,line_221,169.8
edge_02525,node_2700,node_2701,line,220kV,line_221,30.27
edge_02526,node_2701,node_2702,line,220kV,line_221,179.41
edge_02527,node_2702,node_2703,line,220kV,line_221,210.59
edge_02528,node_2704,node_2705,line,220kV,line_222,13.41
edge_02529,node_2705,node_2686,line,220kV,line_222,24.0
edge_02530,node_2686,node_2691,line,220kV,line_222,141.88
edge_02531,node_2691,node_2706,line,220kV,line_222,28.5
edge_02532,node_2706,node_2707,line,220kV,line_222,38.7
edge_02533,node_1779,node_2708,line,220kV,line_223,197.88
edge_02534,node_2708,node_2709,line,220kV,line_223,163.54
edge_02535,node_2709,node_2705,line,220kV,line_223,24.64
edge_02536,node_2706,node_2710,line,220kV,line_224,25.59
edge_02537,node_2710,node_2711,line,220kV,line_224,82.86
edge_02538,node_2711,node_1345,line,220kV,line_224,41.57
edge_02539,node_2712,node_2709,line,220kV,line_225,14.83
edge_02540,node_2709,node_2687,line,220kV,line_225,24.41
edge_02541,node_2687,node_2690,line,220kV,line_225,141.54
edge_02542,node_2690,node_2710,line,220kV,line_225,28.4
edge_02543,node_2710,node_2713,line,220kV,line_225,37.87
edge_02544,node_2714,node_2715,line,220kV,line_226,181.53
edge_02545,node_2716,node_2717,line,220kV,line_227,78.96
edge_02546,node_2717,node_2718,line,220kV,line_227,212.15
edge_02547,node_2718,node_2719,line,220kV,line_227,310.22
edge_02548,node_2719,node_2720,line,220kV,line_227,166.03
edge_02549,node_2720,node_2721,line,220kV,line_227,211.58
edge_02550,node_2721,node_2722,line,220kV,line_227,222.52
edge_02551,node_2722,node_2723,line,220kV,line_227,200.56
edge_02552,node_2723,node_2724,line,220kV,line_227,193.07
edge_02553,node_2724,node_2725,line,220kV,line_227,79.76
edge_02554,node_2725,node_2726,line,220kV,line_227,50.53
edge_02555,node_2726,node_2727,line,220kV,line_227,77.0
edge_02556,node_2727,node_2728,line,220kV,line_227,81.9
edge_02557,node_2728,node_2729,line,220kV,line_227,118.21
edge_02558,node_2729,node_2730,line,220kV,line_227,58.54
edge_02559,node_2730,node_2731,line,220kV,line_227,80.01
edge_02560,node_2731,node_2732,line,220kV,line_227,34.88
edge_02561,node_2732,node_2733,line,220kV,line_227,251.18
edge_02562,node_2734,node_2735,line,220kV,line_228,19.59
edge_02563,node_2735,node_2736,line,220kV,line_228,21.26
edge_02564,node_2736,node_2737,line,220kV,line_228,24.16
edge_02565,node_2737,node_2738,line,220kV,line_228,22.88
edge_02566,node_2738,node_2739,line,220kV,line_228,9.89
edge_02567,node_2739,node_2740,line,220kV,line_228,26.01
edge_02568,node_2740,node_2741,line,220kV,line_228,28.36
edge_02569,node_2741,node_2742,line,220kV,line_228,22.13
edge_02570,node_2742,node_2743,line,220kV,line_228,37.22
edge_02571,node_2743,node_2744,line,220kV,line_228,23.62
edge_02572,node_2739,node_2745,line,220kV,line_229,17.74
edge_02573,node_2745,node_2746,line,220kV,line_229,34.45
edge_02574,node_2746,node_2747,line,220kV,line_229,23.49
edge_02575,node_2747,node_2748,line,220kV,line_229,21.73
edge_02576,node_2748,node_2749,line,220kV,line_229,48.38
edge_02577,node_2749,node_2750,line,220kV,line_229,21.29
edge_02578,node_2750,node_2751,line,220kV,line_229,18.09
edge_02579,node_2751,node_2752,line,220kV,line_229,5.47
edge_02580,node_2752,node_2753,line,220kV,line_229,10.6
edge_02581,node_2753,node_2754,line,220kV,line_229,24.76
edge_02582,node_2754,node_2755,line,220kV,line_229,29.63
edge_02583,node_2756,node_2757,line,220kV,line_230,28.08
edge_02584,node_2757,node_2758,line,220kV,line_230,60.68
edge_02585,node_2758,node_2759,line,220kV,line_230,40.05
edge_02586,node_2759,node_2760,line,220kV,line_230,60.62
edge_02587,node_2760,node_2761,line,220kV,line_230,75.53
edge_02588,node_2761,node_2762,line,220kV,line_230,43.96
edge_02589,node_2752,node_2763,line,220kV,line_231,25.72
edge_02590,node_2763,node_2764,line,220kV,line_231,32.61
edge_02591,node_2765,node_2766,line,220kV,line_232,31.51
edge_02592,node_2766,node_2767,line,220kV,line_232,39.38
edge_02593,node_2767,node_2768,line,220kV,line_232,39.57
edge_02594,node_2768,node_2769,line,220kV,line_232,17.39
edge_02595,node_2769,node_2770,line,220kV,line_232,26.43
edge_02596,node_2770,node_2771,line,220kV,line_232,22.82
edge_02597,node_2771,node_2744,line,220kV,line_232,25.98
edge_02598,node_2744,node_2772,line,220kV,line_232,21.01
edge_02599,node_2772,node_2773,line,220kV,line_232,24.36
edge_02600,node_2773,node_2774,line,220kV,line_232,41.07
edge_02601,node_2774,node_2775,line,220kV,line_232,15.08
edge_02602,node_2775,node_2776,line,220kV,line_232,21.59
edge_02603,node_2776,node_2777,line,220kV,line_232,20.3
edge_02604,node_2777,node_2778,line,220kV,line_232,31.69
edge_02605,node_2779,node_2780,line,220kV,line_233,30.06
edge_02606,node_2780,node_2781,line,220kV,line_233,21.88
edge_02607,node_2781,node_2782,line,220kV,line_233,16.07
edge_02608,node_2782,node_2783,line,220kV,line_233,61.59
edge_02609,node_2783,node_2784,line,220kV,line_233,52.76
edge_02610,node_2784,node_2785,line,220kV,line_233,6.14
edge_02611,node_2786,node_2787,line,220kV,line_234,28.85
edge_02612,node_2787,node_2734,line,220kV,line_234,27.49
edge_02613,node_2764,node_2788,line,220kV,line_235,19.02
edge_02614,node_2788,node_2789,line,220kV,line_235,25.61
edge_02615,node_2789,node_2790,line,220kV,line_235,48.26
edge_02616,node_2790,node_2791,line,220kV,line_235,30.4
edge_02617,node_2791,node_2792,line,220kV,line_235,30.17
edge_02618,node_2792,node_2793,line,220kV,line_235,30.15
edge_02619,node_2793,node_2736,line,220kV,line_235,20.98
edge_02620,node_2736,node_2794,line,220kV,line_235,27.79
edge_02621,node_2794,node_2795,line,220kV,line_235,22.58
edge_02622,node_2764,node_2796,line,220kV,line_236,104.72
edge_02623,node_2796,node_2797,line,220kV,line_236,34.12
edge_02624,node_2797,node_2798,line,220kV,line_236,22.77
edge_02625,node_2798,node_2799,line,220kV,line_236,8.14
edge_02626,node_2800,node_2801,line,220kV,line_237,44.68
edge_02627,node_2801,node_2802,line,220kV,line_237,22.85
edge_02628,node_2802,node_2803,line,220kV,line_237,31.61
edge_02629,node_2803,node_2804,line,220kV,line_237,42.63
edge_02630,node_2804,node_2756,line,220kV,line_237,49.45
edge_02631,node_2805,node_2806,line,220kV,line_238,219.81
edge_02632,node_2806,node_2807,line,220kV,line_238,94.26
edge_02633,node_2807,node_2808,line,220kV,line_238,130.75
edge_02634,node_2808,node_2809,line,220kV,line_238,42.19
edge_02635,node_2809,node_2810,line,220kV,line_238,313.49
edge_02636,node_2810,node_2811,line,220kV,line_238,285.79
edge_02637,node_2811,node_2812,line,220kV,line_238,398.35
edge_02638,node_2812,node_2813,line,220kV,line_238,77.14
edge_02639,node_2813,node_2814,line,220kV,line_238,101.1
edge_02640,node_2814,node_2815,line,220kV,line_238,18.85
edge_02641,node_2815,node_2816,line,220kV,line_238,178.68
edge_02642,node_2816,node_2817,line,220kV,line_238,242.51
edge_02643,node_2817,node_2818,line,220kV,line_238,241.88
edge_02644,node_2818,node_2819,line,220kV,line_238,190.92
edge_02645,node_2819,node_2820,line,220kV,line_238,195.57
edge_02646,node_2820,node_2821,line,220kV,line_238,77.47
edge_02647,node_2821,node_2822,line,220kV,line_238,201.19
edge_02648,node_2822,node_2823,line,220kV,line_238,50.83
edge_02649,node_2823,node_2824,line,220kV,line_238,92.07
edge_02650,node_2824,node_2825,line,220kV,line_238,103.17
edge_02651,node_2825,node_2826,line,220kV,line_238,239.66
edge_02652,node_2826,node_2827,line,220kV,line_238,240.26
edge_02653,node_2827,node_2828,line,220kV,line_238,90.36
edge_02654,node_2828,node_2829,line,220kV,line_238,184.86
edge_02655,node_2829,node_2830,line,220kV,line_238,140.52
edge_02656,node_2830,node_2831,line,220kV,line_238,64.75
edge_02657,node_2831,node_2832,line,220kV,line_238,64.64
edge_02658,node_2833,node_2834,line,220kV,line_239,51.71
edge_02659,node_2834,node_2835,line,220kV,line_239,11.58
edge_02660,node_2835,node_2836,line,220kV,line_239,29.14
edge_02661,node_2836,node_2837,line,220kV,line_239,6.21
edge_02662,node_2837,node_2838,line,220kV,line_239,27.81
edge_02663,node_2838,node_2839,line,220kV,line_239,18.38
edge_02664,node_2839,node_2840,line,220kV,line_239,13.08
edge_02665,node_2840,node_2841,line,220kV,line_239,6.5
edge_02666,node_2841,node_2842,line,220kV,line_239,22.86
edge_02667,node_2842,node_2843,line,220kV,line_239,34.45
edge_02668,node_2843,node_2844,line,220kV,line_239,9.73
edge_02669,node_2844,node_2845,line,220kV,line_239,23.83
edge_02670,node_2845,node_2846,line,220kV,line_239,46.39
edge_02671,node_2846,node_2847,line,220kV,line_239,29.89
edge_02672,node_2847,node_2848,line,220kV,line_239,46.55
edge_02673,node_1959,node_2849,line,220kV,line_240,296.13
edge_02674,node_2849,node_2850,line,220kV,line_240,275.48
edge_02675,node_2850,node_2851,line,220kV,line_240,148.71
edge_02676,node_2851,node_2852,line,220kV,line_240,69.71
edge_02677,node_2852,node_2853,line,220kV,line_240,269.05
edge_02678,node_2853,node_2854,line,220kV,line_240,229.44
edge_02679,node_2854,node_2855,line,220kV,line_240,168.47
edge_02680,node_2855,node_2856,line,220kV,line_240,97.14
edge_02681,node_2856,node_2857,line,220kV,line_240,194.85
edge_02682,node_2857,node_2858,line,220kV,line_240,150.05
edge_02683,node_2858,node_2859,line,220kV,line_240,79.63
edge_02684,node_2860,node_2861,line,220kV,line_241,142.27
edge_02685,node_2861,node_2862,line,220kV,line_241,135.32
edge_02686,node_2862,node_2863,line,220kV,line_241,280.38
edge_02687,node_2863,node_2864,line,220kV,line_241,295.89
edge_02688,node_2864,node_1427,line,220kV,line_241,326.68
edge_02689,node_1427,node_2865,line,220kV,line_241,308.4
edge_02690,node_2865,node_2866,line,220kV,line_241,279.45
edge_02691,node_2866,node_2867,line,220kV,line_241,302.48
edge_02692,node_2867,node_2868,line,220kV,line_241,273.0
edge_02693,node_2868,node_2869,line,220kV,line_241,267.73
edge_02694,node_2869,node_2870,line,220kV,line_241,298.27
edge_02695,node_2870,node_2871,line,220kV,line_241,376.94
edge_02696,node_2871,node_2872,line,220kV,line_241,142.92
edge_02697,node_2872,node_2873,line,220kV,line_241,191.3
edge_02698,node_2873,node_2874,line,220kV,line_241,346.27
edge_02699,node_2874,node_2875,line,220kV,line_241,268.06
edge_02700,node_2875,node_2876,line,220kV,line_241,342.27
edge_02701,node_2876,node_2877,line,220kV,line_242,300.58
edge_02702,node_2877,node_2878,line,220kV,line_242,198.22
edge_02703,node_2878,node_2879,line,220kV,line_242,80.02
edge_02704,node_2879,node_2880,line,220kV,line_242,211.54
edge_02705,node_2880,node_2881,line,220kV,line_242,277.05
edge_02706,node_2881,node_2882,line,220kV,line_242,263.51
edge_02707,node_2882,node_2883,line,220kV,line_242,355.51
edge_02708,node_2883,node_2884,line,220kV,line_242,304.34
edge_02709,node_2884,node_2885,line,220kV,line_242,308.44
edge_02710,node_2885,node_2886,line,220kV,line_242,281.26
edge_02711,node_2886,node_2887,line,220kV,line_242,245.26
edge_02712,node_2887,node_2888,line,220kV,line_242,345.34
edge_02713,node_2888,node_2889,line,220kV,line_242,283.51
edge_02714,node_2889,node_2890,line,220kV,line_242,48.25
edge_02715,node_2890,node_2891,line,220kV,line_242,269.5
edge_02716,node_2891,node_2892,line,220kV,line_242,383.6
edge_02717,node_2892,node_2893,line,220kV,line_242,258.41
edge_02718,node_2893,node_2894,line,220kV,line_242,308.08
edge_02719,node_2894,node_2895,line,220kV,line_242,371.91
edge_02720,node_2895,node_2896,line,220kV,line_242,250.03
edge_02721,node_2896,node_2897,line,220kV,line_242,47.52
edge_02722,node_2897,node_2898,line,220kV,line_242,78.53
edge_02723,node_2898,node_2899,line,220kV,line_242,124.38
edge_02724,node_2899,node_2900,line,220kV,line_242,63.53
edge_02725,node_2900,node_2901,line,220kV,line_242,37.74
edge_02726,node_2901,node_2902,line,220kV,line_242,371.34
edge_02727,node_2902,node_2903,line,220kV,line_242,258.95
edge_02728,node_2903,node_2904,line,220kV,line_242,123.71
edge_02729,node_2904,node_2905,line,220kV,line_242,244.48
edge_02730,node_2905,node_2906,line,220kV,line_242,234.47
edge_02731,node_2906,node_2907,line,220kV,line_242,329.26
edge_02732,node_2907,node_2908,line,220kV,line_242,192.89
edge_02733,node_2908,node_2909,line,220kV,line_242,190.38
edge_02734,node_2909,node_2910,line,220kV,line_242,208.93
edge_02735,node_2910,node_2911,line,220kV,line_242,305.88
edge_02736,node_2911,node_2912,line,220kV,line_242,299.12
edge_02737,node_2912,node_2913,line,220kV,line_242,305.33
edge_02738,node_2913,node_2914,line,220kV,line_242,287.86
edge_02739,node_2914,node_2915,line,220kV,line_242,23.07
edge_02740,node_2915,node_2916,line,220kV,line_242,108.45
edge_02741,node_2916,node_2917,line,220kV,line_242,75.96
edge_02742,node_2917,node_2918,line,220kV,line_242,151.62
edge_02743,node_2918,node_2919,line,220kV,line_242,162.65
edge_02744,node_2919,node_2920,line,220kV,line_242,132.9
edge_02745,node_2920,node_2921,line,220kV,line_242,15.71
edge_02746,node_2921,node_2922,line,220kV,line_242,247.43
edge_02747,node_2922,node_2923,line,220kV,line_242,259.38
edge_02748,node_2923,node_2924,line,220kV,line_242,131.04
edge_02749,node_2924,node_2925,line,220kV,line_242,72.16
edge_02750,node_2925,node_2926,line,220kV,line_242,79.42
edge_02751,node_2926,node_2927,line,220kV,line_242,350.15
edge_02752,node_2927,node_2928,line,220kV,line_242,107.38
edge_02753,node_2929,node_2930,line,220kV,line_243,404.07
edge_02754,node_2930,node_2931,line,220kV,line_243,135.55
edge_02755,node_2931,node_2932,line,220kV,line_243,155.42
edge_02756,node_2932,node_2933,line,220kV,line_243,532.86
edge_02757,node_2933,node_2934,line,220kV,line_243,142.41
edge_02758,node_2934,node_2935,line,220kV,line_243,40.61
edge_02759,node_2935,node_2936,line,220kV,line_243,209.21
edge_02760,node_2936,node_2937,line,220kV,line_243,226.06
edge_02761,node_2937,node_2938,line,220kV,line_243,299.83
edge_02762,node_2938,node_2939,line,220kV,line_243,304.53
edge_02763,node_2939,node_2940,line,220kV,line_243,288.89
edge_02764,node_2940,node_2941,line,220kV,line_243,189.93
edge_02765,node_2941,node_2942,line,220kV,line_243,119.64
edge_02766,node_2942,node_2943,line,220kV,line_243,359.94
edge_02767,node_2943,node_2944,line,220kV,line_243,288.45
edge_02768,node_2944,node_2945,line,220kV,line_243,309.92
edge_02769,node_2945,node_2946,line,220kV,line_243,345.65
edge_02770,node_2946,node_2947,line,220kV,line_243,286.26
edge_02771,node_2947,node_2948,line,220kV,line_243,203.07
edge_02772,node_2948,node_2949,line,220kV,line_243,124.88
edge_02773,node_2949,node_2950,line,220kV,line_243,303.04
edge_02774,node_2950,node_2951,line,220kV,line_243,357.77
edge_02775,node_2951,node_2952,line,220kV,line_243,318.21
edge_02776,node_2952,node_2953,line,220kV,line_243,267.16
edge_02777,node_2953,node_2954,line,220kV,line_243,121.07
edge_02778,node_2954,node_2955,line,220kV,line_243,320.96
edge_02779,node_2955,node_2956,line,220kV,line_243,362.7
edge_02780,node_2956,node_2957,line,220kV,line_243,331.6
edge_02781,node_2957,node_2958,line,220kV,line_243,279.37
edge_02782,node_2958,node_2959,line,220kV,line_243,365.74
edge_02783,node_2959,node_2960,line,220kV,line_243,336.4
edge_02784,node_2960,node_2961,line,220kV,line_243,341.08
edge_02785,node_2961,node_2962,line,220kV,line_243,314.99
edge_02786,node_2962,node_2963,line,220kV,line_243,189.76
edge_02787,node_2963,node_2964,line,220kV,line_243,133.86
edge_02788,node_2964,node_2965,line,220kV,line_243,343.44
edge_02789,node_2965,node_2966,line,220kV,line_243,292.84
edge_02790,node_2966,node_2967,line,220kV,line_243,304.74
edge_02791,node_2967,node_2968,line,220kV,line_243,218.22
edge_02792,node_2968,node_2969,line,220kV,line_243,90.54
edge_02793,node_2969,node_2970,line,220kV,line_243,52.93
edge_02794,node_2970,node_2971,line,220kV,line_243,323.78
edge_02795,node_2971,node_2972,line,220kV,line_243,289.97
edge_02796,node_2972,node_2973,line,220kV,line_243,265.24
edge_02797,node_2973,node_2252,line,220kV,line_243,314.26
edge_02798,node_2252,node_2974,line,220kV,line_243,281.12
edge_02799,node_2974,node_2975,line,220kV,line_243,59.48
edge_02800,node_2976,node_2977,line,220kV,line_244,119.68
edge_02801,node_2977,node_2978,line,220kV,line_244,201.67
edge_02802,node_2978,node_2979,line,220kV,line_244,160.81
edge_02803,node_2979,node_2980,line,220kV,line_244,130.72
edge_02804,node_2981,node_2982,line,220kV,line_245,17.25
edge_02805,node_2982,node_2983,line,220kV,line_245,41.11
edge_02806,node_2983,node_2984,line,220kV,line_245,166.6
edge_02807,node_2984,node_2985,line,220kV,line_245,189.33
edge_02808,node_2985,node_2986,line,220kV,line_245,260.03
edge_02809,node_2986,node_2987,line,220kV,line_245,236.51
edge_02810,node_2987,node_2988,line,220kV,line_245,196.08
edge_02811,node_2988,node_2989,line,220kV,line_245,185.61
edge_02812,node_2989,node_2990,line,220kV,line_245,294.65
edge_02813,node_2990,node_2991,line,220kV,line_245,146.32
edge_02814,node_2992,node_2993,line,220kV,line_246,19.05
edge_02815,node_2993,node_2994,line,220kV,line_246,135.68
edge_02816,node_2994,node_2995,line,220kV,line_246,235.75
edge_02817,node_2995,node_2996,line,220kV,line_246,227.0
edge_02818,node_2996,node_2997,line,220kV,line_246,216.41
edge_02819,node_2997,node_2998,line,220kV,line_246,221.87
edge_02820,node_2998,node_2999,line,220kV,line_246,270.29
edge_02821,node_2999,node_3000,line,220kV,line_246,256.17
edge_02822,node_3000,node_3001,line,220kV,line_246,241.18
edge_02823,node_3001,node_3002,line,220kV,line_246,295.76
edge_02824,node_2592,node_2384,line,220kV,line_247,92.58
edge_02825,node_3003,node_3004,line,220kV,line_248,210.69
edge_02826,node_3004,node_3005,line,220kV,line_248,186.07
edge_02827,node_3005,node_3006,line,220kV,line_248,474.46
edge_02828,node_3006,node_3007,line,220kV,line_248,740.1
edge_02829,node_3007,node_3008,line,220kV,line_248,26.27
edge_02830,node_3008,node_3009,line,220kV,line_248,64.88
edge_02831,node_3009,node_3010,line,220kV,line_248,236.1
edge_02832,node_3010,node_3011,line,220kV,line_248,426.03
edge_02833,node_3011,node_3012,line,220kV,line_248,384.92
edge_02834,node_3012,node_3013,line,220kV,line_248,57.32
edge_02835,node_3013,node_3014,line,220kV,line_248,133.54
edge_02836,node_3015,node_3016,line,220kV,line_249,211.25
edge_02837,node_3016,node_2991,line,220kV,line_249,233.4
edge_02838,node_3017,node_3018,line,220kV,line_250,22.68
edge_02839,node_3018,node_3019,line,220kV,line_250,132.75
edge_02840,node_3019,node_3020,line,220kV,line_250,143.78
edge_02841,node_3021,node_3022,line,220kV,line_251,336.15
edge_02842,node_3022,node_3023,line,220kV,line_251,718.85
edge_02843,node_3023,node_3024,line,220kV,line_251,175.13
edge_02844,node_3024,node_3025,line,220kV,line_251,225.01
edge_02845,node_3025,node_3026,line,220kV,line_251,216.57
edge_02846,node_3026,node_3027,line,220kV,line_251,79.39
edge_02847,node_3028,node_3029,line,220kV,line_252,57.24
edge_02848,node_3029,node_3030,line,220kV,line_252,36.67
edge_02849,node_3030,node_3031,line,220kV,line_252,74.82
edge_02850,node_3031,node_3032,line,220kV,line_252,277.41
edge_02851,node_3032,node_3033,line,220kV,line_252,280.48
edge_02852,node_3033,node_3034,line,220kV,line_252,315.51
edge_02853,node_3034,node_3035,line,220kV,line_252,247.07
edge_02854,node_3035,node_3036,line,220kV,line_252,350.76
edge_02855,node_3036,node_3037,line,220kV,line_252,302.94
edge_02856,node_3037,node_3038,line,220kV,line_252,297.04
edge_02857,node_3038,node_3039,line,220kV,line_252,315.65
edge_02858,node_3039,node_3040,line,220kV,line_252,285.73
edge_02859,node_3040,node_3041,line,220kV,line_252,257.29
edge_02860,node_3041,node_3042,line,220kV,line_252,276.98
edge_02861,node_3042,node_3043,line,220kV,line_252,276.01
edge_02862,node_3043,node_3044,line,220kV,line_252,226.21
edge_02863,node_3044,node_3045,line,220kV,line_252,211.75
edge_02864,node_3045,node_3046,line,220kV,line_252,236.34
edge_02865,node_3046,node_3047,line,220kV,line_252,257.68
edge_02866,node_3047,node_3048,line,220kV,line_252,248.15
edge_02867,node_3048,node_3049,line,220kV,line_252,248.22
edge_02868,node_3049,node_3050,line,220kV,line_252,297.28
edge_02869,node_3050,node_3051,line,220kV,line_252,252.73
edge_02870,node_3051,node_3052,line,220kV,line_252,243.46
edge_02871,node_3052,node_3053,line,220kV,line_252,209.95
edge_02872,node_3053,node_3054,line,220kV,line_252,248.32
edge_02873,node_3054,node_3055,line,220kV,line_252,269.95
edge_02874,node_3055,node_3056,line,220kV,line_252,149.9
edge_02875,node_3056,node_3057,line,220kV,line_252,294.18
edge_02876,node_3057,node_3058,line,220kV,line_252,219.37
edge_02877,node_3058,node_3059,line,220kV,line_252,216.45
edge_02878,node_3059,node_3060,line,220kV,line_252,308.22
edge_02879,node_3060,node_3061,line,220kV,line_252,287.85
edge_02880,node_3061,node_3062,line,220kV,line_252,209.52
edge_02881,node_3062,node_3063,line,220kV,line_252,288.52
edge_02882,node_3063,node_3064,line,220kV,line_252,232.58
edge_02883,node_3064,node_3065,line,220kV,line_252,257.63
edge_02884,node_3065,node_3066,line,220kV,line_252,231.18
edge_02885,node_3066,node_3067,line,220kV,line_252,246.52
edge_02886,node_3067,node_3068,line,220kV,line_252,29.18
edge_02887,node_3069,node_3070,line,220kV,line_253,53.38
edge_02888,node_3070,node_3071,line,220kV,line_253,109.33
edge_02889,node_3071,node_3072,line,220kV,line_253,33.04
edge_02890,node_3072,node_3017,line,220kV,line_253,157.39
edge_02891,node_3017,node_3073,line,220kV,line_253,276.75
edge_02892,node_3073,node_3074,line,220kV,line_253,269.62
edge_02893,node_3074,node_3075,line,220kV,line_253,316.31
edge_02894,node_3075,node_3076,line,220kV,line_253,283.2
edge_02895,node_3076,node_3077,line,220kV,line_253,281.07
edge_02896,node_3077,node_3078,line,220kV,line_253,162.69
edge_02897,node_3078,node_3079,line,220kV,line_253,271.68
edge_02898,node_3079,node_3080,line,220kV,line_253,248.35
edge_02899,node_3080,node_3081,line,220kV,line_253,172.4
edge_02900,node_3081,node_3082,line,220kV,line_253,190.78
edge_02901,node_3082,node_3083,line,220kV,line_253,252.7
edge_02902,node_3083,node_3084,line,220kV,line_253,254.84
edge_02903,node_3084,node_3085,line,220kV,line_253,238.93
edge_02904,node_3085,node_3086,line,220kV,line_253,245.44
edge_02905,node_3086,node_3087,line,220kV,line_253,257.87
edge_02906,node_3087,node_3088,line,220kV,line_253,254.79
edge_02907,node_3088,node_3089,line,220kV,line_253,209.4
edge_02908,node_3089,node_3090,line,220kV,line_253,293.16
edge_02909,node_3090,node_3091,line,220kV,line_253,256.27
edge_02910,node_3091,node_3092,line,220kV,line_253,225.62
edge_02911,node_3092,node_3093,line,220kV,line_253,334.33
edge_02912,node_3093,node_3094,line,220kV,line_253,221.63
edge_02913,node_3094,node_3095,line,220kV,line_253,265.6
edge_02914,node_3095,node_3096,line,220kV,line_253,280.59
edge_02915,node_3096,node_3097,line,220kV,line_253,252.2
edge_02916,node_3097,node_3098,line,220kV,line_253,288.54
edge_02917,node_3098,node_3099,line,220kV,line_253,277.85
edge_02918,node_3099,node_3100,line,220kV,line_253,300.75
edge_02919,node_3100,node_3101,line,220kV,line_253,238.97
edge_02920,node_3101,node_3102,line,220kV,line_253,238.67
edge_02921,node_3102,node_3103,line,220kV,line_253,256.45
edge_02922,node_3103,node_3104,line,220kV,line_253,50.87
edge_02923,node_3104,node_3105,line,220kV,line_253,226.85
edge_02924,node_3105,node_3106,line,220kV,line_253,275.22
edge_02925,node_3106,node_3107,line,220kV,line_253,216.98
edge_02926,node_3107,node_3108,line,220kV,line_253,295.92
edge_02927,node_3108,node_3109,line,220kV,line_253,223.61
edge_02928,node_3109,node_3110,line,220kV,line_253,194.26
edge_02929,node_3110,node_3111,line,220kV,line_253,30.23
edge_02930,node_3112,node_3113,line,220kV,line_254,287.92
edge_02931,node_3113,node_3114,line,220kV,line_254,289.95
edge_02932,node_3114,node_3115,line,220kV,line_254,295.94
edge_02933,node_3115,node_3116,line,220kV,line_254,68.79
edge_02934,node_3116,node_3117,line,220kV,line_254,158.59
edge_02935,node_3117,node_3118,line,220kV,line_254,338.0
edge_02936,node_3118,node_3119,line,220kV,line_254,262.19
edge_02937,node_3119,node_3120,line,220kV,line_254,321.74
edge_02938,node_3120,node_3121,line,220kV,line_254,320.01
edge_02939,node_3121,node_3122,line,220kV,line_254,314.08
edge_02940,node_3122,node_3123,line,220kV,line_254,103.31
edge_02941,node_3123,node_3124,line,220kV,line_254,216.24
edge_02942,node_3124,node_3125,line,220kV,line_254,355.34
edge_02943,node_3125,node_3126,line,220kV,line_254,243.94
edge_02944,node_3126,node_3127,line,220kV,line_254,341.4
edge_02945,node_3127,node_3128,line,220kV,line_254,38.68
edge_02946,node_3128,node_3129,line,220kV,line_254,45.23
edge_02947,node_3129,node_3130,line,220kV,line_254,234.94
edge_02948,node_3130,node_3131,line,220kV,line_254,356.89
edge_02949,node_3131,node_1646,line,220kV,line_254,360.9
edge_02950,node_1646,node_3132,line,220kV,line_254,342.87
edge_02951,node_3132,node_3133,line,220kV,line_254,209.07
edge_02952,node_3133,node_3134,line,220kV,line_254,127.41
edge_02953,node_3134,node_3135,line,220kV,line_254,312.87
edge_02954,node_3135,node_3136,line,220kV,line_254,384.41
edge_02955,node_3136,node_3137,line,220kV,line_254,329.92
edge_02956,node_3137,node_3138,line,220kV,line_254,316.56
edge_02957,node_3138,node_3139,line,220kV,line_254,343.27
edge_02958,node_3139,node_3140,line,220kV,line_254,1159.42
edge_02959,node_3140,node_3141,line,220kV,line_254,267.91
edge_02960,node_3141,node_3142,line,220kV,line_254,356.77
edge_02961,node_3142,node_3143,line,220kV,line_254,322.85
edge_02962,node_3143,node_3144,line,220kV,line_254,330.27
edge_02963,node_3144,node_3145,line,220kV,line_254,150.85
edge_02964,node_3145,node_3146,line,220kV,line_254,272.97
edge_02965,node_3146,node_3147,line,220kV,line_254,348.99
edge_02966,node_3147,node_3148,line,220kV,line_254,260.72
edge_02967,node_3148,node_3149,line,220kV,line_254,270.72
edge_02968,node_3149,node_3150,line,220kV,line_254,247.58
edge_02969,node_3150,node_3151,line,220kV,line_254,210.48
edge_02970,node_3151,node_3152,line,220kV,line_254,338.34
edge_02971,node_3152,node_3153,line,220kV,line_254,139.22
edge_02972,node_3153,node_3154,line,220kV,line_254,104.11
edge_02973,node_3154,node_3155,line,220kV,line_254,247.41
edge_02974,node_3155,node_3156,line,220kV,line_254,125.87
edge_02975,node_3157,node_3158,line,220kV,line_255,27.27
edge_02976,node_3158,node_3159,line,220kV,line_255,202.44
edge_02977,node_3159,node_3160,line,220kV,line_255,198.21
edge_02978,node_3160,node_3161,line,220kV,line_255,265.05
edge_02979,node_3161,node_3162,line,220kV,line_255,281.03
edge_02980,node_3162,node_3163,line,220kV,line_255,280.5
edge_02981,node_3163,node_3164,line,220kV,line_255,290.66
edge_02982,node_3165,node_3166,line,220kV,line_256,173.78
edge_02983,node_3166,node_3167,line,220kV,line_256,153.18
edge_02984,node_3167,node_3168,line,220kV,line_256,167.56
edge_02985,node_3168,node_3169,line,220kV,line_256,257.86
edge_02986,node_3169,node_3170,line,220kV,line_256,154.11
edge_02987,node_3170,node_3171,line,220kV,line_256,200.22
edge_02988,node_3171,node_3172,line,220kV,line_256,260.81
edge_02989,node_3172,node_3173,line,220kV,line_256,220.27
edge_02990,node_3173,node_3174,line,220kV,line_256,91.83
edge_02991,node_3174,node_3175,line,220kV,line_256,92.17
edge_02992,node_3176,node_3177,line,220kV,line_257,97.21
edge_02993,node_3177,node_3178,line,220kV,line_257,58.31
edge_02994,node_3178,node_3179,line,220kV,line_257,77.04
edge_02995,node_3179,node_3180,line,220kV,line_257,168.41
edge_02996,node_3180,node_3181,line,220kV,line_257,206.91
edge_02997,node_3181,node_3182,line,220kV,line_257,45.58
edge_02998,node_3182,node_3183,line,220kV,line_257,60.04
edge_02999,node_3183,node_3184,line,220kV,line_257,163.56
edge_03000,node_3184,node_3185,line,220kV,line_257,241.4
edge_03001,node_3185,node_3186,line,220kV,line_257,66.02
edge_03002,node_3186,node_3187,line,220kV,line_257,261.98
edge_03003,node_3187,node_3188,line,220kV,line_257,77.41
edge_03004,node_3188,node_3189,line,220kV,line_257,359.73
edge_03005,node_3189,node_3190,line,220kV,line_257,133.12
edge_03006,node_3190,node_3191,line,220kV,line_257,68.51
edge_03007,node_3191,node_3192,line,220kV,line_257,85.77
edge_03008,node_3192,node_3193,line,220kV,line_257,176.56
edge_03009,node_3193,node_3194,line,220kV,line_257,277.88
edge_03010,node_3194,node_3195,line,220kV,line_257,191.14
edge_03011,node_3195,node_3196,line,220kV,line_257,24.36
edge_03012,node_3196,node_3197,line,220kV,line_257,205.94
edge_03013,node_3197,node_3198,line,220kV,line_257,163.72
edge_03014,node_3198,node_3199,line,220kV,line_257,21.82
edge_03015,node_3199,node_3200,line,220kV,line_257,171.03
edge_03016,node_3200,node_3201,line,220kV,line_257,178.03
edge_03017,node_3201,node_3202,line,220kV,line_257,211.89
edge_03018,node_3202,node_3203,line,220kV,line_257,111.21
edge_03019,node_3203,node_3204,line,220kV,line_257,149.06
edge_03020,node_3204,node_3205,line,220kV,line_257,87.99
edge_03021,node_3205,node_3206,line,220kV,line_257,178.48
edge_03022,node_3206,node_3207,line,220kV,line_257,139.9
edge_03023,node_3207,node_3208,line,220kV,line_257,6.86
edge_03024,node_3208,node_3209,line,220kV,line_257,50.25
edge_03025,node_3209,node_3210,line,220kV,line_257,69.6
edge_03026,node_3210,node_3211,line,220kV,line_257,180.91
edge_03027,node_3211,node_3212,line,220kV,line_257,181.06
edge_03028,node_3212,node_3213,line,220kV,line_257,504.14
edge_03029,node_3213,node_3214,line,220kV,line_257,232.77
edge_03030,node_3214,node_3215,line,220kV,line_257,200.55
edge_03031,node_3215,node_3216,line,220kV,line_257,271.27
edge_03032,node_3216,node_3217,line,220kV,line_257,252.69
edge_03033,node_3217,node_3218,line,220kV,line_257,216.26
edge_03034,node_3218,node_3219,line,220kV,line_257,242.94
edge_03035,node_3219,node_3220,line,220kV,line_257,243.81
edge_03036,node_3220,node_3221,line,220kV,line_257,243.13
edge_03037,node_3221,node_3222,line,220kV,line_257,256.54
edge_03038,node_3222,node_3223,line,220kV,line_257,228.85
edge_03039,node_3223,node_3111,line,220kV,line_257,62.83
edge_03040,node_3224,node_3225,line,220kV,line_258,65.54
edge_03041,node_3225,node_3226,line,220kV,line_258,148.37
edge_03042,node_3226,node_3227,line,220kV,line_258,131.11
edge_03043,node_3227,node_3228,line,220kV,line_258,139.4
edge_03044,node_3228,node_3229,line,220kV,line_258,42.59
edge_03045,node_3229,node_3230,line,220kV,line_258,77.77
edge_03046,node_3230,node_3231,line,220kV,line_258,122.0
edge_03047,node_3231,node_3232,line,220kV,line_258,141.5
edge_03048,node_3232,node_3233,line,220kV,line_258,142.72
edge_03049,node_3233,node_3234,line,220kV,line_258,121.25
edge_03050,node_3234,node_3235,line,220kV,line_258,125.65
edge_03051,node_3235,node_3236,line,220kV,line_258,129.75
edge_03052,node_3236,node_3237,line,220kV,line_258,120.22
edge_03053,node_3237,node_3238,line,220kV,line_258,219.7
edge_03054,node_3238,node_3239,line,220kV,line_258,11.34
edge_03055,node_3239,node_3240,line,220kV,line_258,170.69
edge_03056,node_2975,node_3241,line,220kV,line_259,252.24
edge_03057,node_3241,node_3242,line,220kV,line_260,120.74
edge_03058,node_3242,node_2860,line,220kV,line_260,159.3
edge_03059,node_2975,node_1355,line,220kV,line_261,115.71
edge_03060,node_1355,node_3241,line,220kV,line_261,138.5
edge_03061,node_3243,node_3244,line,220kV,line_262,36.41
edge_03062,node_3244,node_3245,line,220kV,line_262,138.46
edge_03063,node_3245,node_3246,line,220kV,line_262,179.75
edge_03064,node_3246,node_3247,line,220kV,line_262,22.38
edge_03065,node_3247,node_3248,line,220kV,line_262,336.54
edge_03066,node_3248,node_3249,line,220kV,line_262,281.9
edge_03067,node_3249,node_3250,line,220kV,line_262,369.46
edge_03068,node_3250,node_3251,line,220kV,line_262,171.37
edge_03069,node_3251,node_1346,line,220kV,line_262,109.1
edge_03070,node_3252,node_3253,line,220kV,line_263,115.58
edge_03071,node_3253,node_3254,line,220kV,line_263,72.37
edge_03072,node_3254,node_3255,line,220kV,line_263,75.64
edge_03073,node_3255,node_3256,line,220kV,line_263,258.03
edge_03074,node_3256,node_3257,line,220kV,line_263,62.85
edge_03075,node_3257,node_3258,line,220kV,line_263,43.72
edge_03076,node_3258,node_3259,line,220kV,line_263,105.04
edge_03077,node_3259,node_3260,line,220kV,line_263,162.81
edge_03078,node_3260,node_3261,line,220kV,line_263,167.85
edge_03079,node_3261,node_3262,line,220kV,line_263,128.26
edge_03080,node_3262,node_3263,line,220kV,line_263,238.18
edge_03081,node_3263,node_3264,line,220kV,line_263,141.07
edge_03082,node_3264,node_3265,line,220kV,line_263,133.41
edge_03083,node_3265,node_3266,line,220kV,line_263,356.78
edge_03084,node_3266,node_3267,line,220kV,line_263,209.84
edge_03085,node_3267,node_3268,line,220kV,line_263,84.6
edge_03086,node_3269,node_3270,line,220kV,line_264,224.37
edge_03087,node_3270,node_3271,line,220kV,line_264,215.05
edge_03088,node_3271,node_3272,line,220kV,line_264,215.3
edge_03089,node_3272,node_3273,line,220kV,line_264,139.71
edge_03090,node_3273,node_3274,line,220kV,line_264,269.18
edge_03091,node_3274,node_3275,line,220kV,line_264,233.63
edge_03092,node_3275,node_3276,line,220kV,line_264,244.29
edge_03093,node_3276,node_3277,line,220kV,line_264,231.91
edge_03094,node_3277,node_3278,line,220kV,line_264,79.41
edge_03095,node_3278,node_3279,line,220kV,line_264,68.47
edge_03096,node_3279,node_3280,line,220kV,line_264,94.27
edge_03097,node_3280,node_3281,line,220kV,line_264,83.69
edge_03098,node_3281,node_3282,line,220kV,line_264,91.6
edge_03099,node_3282,node_3283,line,220kV,line_264,129.74
edge_03100,node_3283,node_3284,line,220kV,line_264,185.29
edge_03101,node_3284,node_3285,line,220kV,line_264,250.91
edge_03102,node_3285,node_3286,line,220kV,line_264,237.88
edge_03103,node_3287,node_3288,line,220kV,line_265,382.26
edge_03104,node_3288,node_3289,line,220kV,line_265,261.99
edge_03105,node_3289,node_3290,line,220kV,line_265,168.75
edge_03106,node_3290,node_3291,line,220kV,line_265,146.82
edge_03107,node_3291,node_3292,line,220kV,line_265,154.95
edge_03108,node_3292,node_3293,line,220kV,line_265,168.75
edge_03109,node_3293,node_3294,line,220kV,line_265,146.66
edge_03110,node_3294,node_3295,line,220kV,line_265,164.17
edge_03111,node_3295,node_3296,line,220kV,line_265,9.83
edge_03112,node_3296,node_3297,line,220kV,line_265,147.55
edge_03113,node_3297,node_3298,line,220kV,line_265,95.39
edge_03114,node_3298,node_3299,line,220kV,line_265,66.98
edge_03115,node_3299,node_3300,line,220kV,line_265,169.94
edge_03116,node_3300,node_3301,line,220kV,line_265,100.74
edge_03117,node_3301,node_3302,line,220kV,line_265,117.8
edge_03118,node_3302,node_3303,line,220kV,line_265,183.52
edge_03119,node_3303,node_3304,line,220kV,line_265,210.23
edge_03120,node_3304,node_3305,line,220kV,line_265,285.36
edge_03121,node_3306,node_3307,line,220kV,line_266,279.08
edge_03122,node_3027,node_3308,line,220kV,line_267,64.89
edge_03123,node_3309,node_2991,line,220kV,line_268,74.67
edge_03124,node_3310,node_3311,line,220kV,line_269,306.3
edge_03125,node_3312,node_3313,line,220kV,line_270,92.26
edge_03126,node_3313,node_3314,line,220kV,line_270,58.78
edge_03127,node_3314,node_3315,line,220kV,line_270,242.28
edge_03128,node_3315,node_3316,line,220kV,line_270,138.96
edge_03129,node_3316,node_3317,line,220kV,line_270,79.89
edge_03130,node_3317,node_3318,line,220kV,line_270,204.14
edge_03131,node_3318,node_3319,line,220kV,line_270,50.1
edge_03132,node_3319,node_3320,line,220kV,line_270,159.91
edge_03133,node_3320,node_3321,line,220kV,line_270,26.97
edge_03134,node_3321,node_3322,line,220kV,line_270,206.12
edge_03135,node_3322,node_3323,line,220kV,line_270,98.4
edge_03136,node_3323,node_3324,line,220kV,line_270,78.18
edge_03137,node_3324,node_3325,line,220kV,line_270,198.17
edge_03138,node_3325,node_3326,line,220kV,line_270,365.57
edge_03139,node_3326,node_3327,line,220kV,line_270,150.38
edge_03140,node_3327,node_3328,line,220kV,line_270,185.17
edge_03141,node_3328,node_3329,line,220kV,line_270,11.83
edge_03142,node_3329,node_3330,line,220kV,line_270,273.17
edge_03143,node_3330,node_3331,line,220kV,line_270,178.43
edge_03144,node_3331,node_3332,line,220kV,line_270,20.52
edge_03145,node_3332,node_3333,line,220kV,line_270,44.43
edge_03146,node_3333,node_3334,line,220kV,line_270,120.44
edge_03147,node_3334,node_3335,line,220kV,line_270,355.86
edge_03148,node_3335,node_3336,line,220kV,line_270,30.01
edge_03149,node_3336,node_3337,line,220kV,line_270,37.51
edge_03150,node_3337,node_3338,line,220kV,line_270,264.06
edge_03151,node_3338,node_3339,line,220kV,line_270,153.47
edge_03152,node_3339,node_3340,line,220kV,line_270,132.28
edge_03153,node_2519,node_3341,line,220kV,line_271,126.99
edge_03154,node_3341,node_3342,line,220kV,line_271,38.9
edge_03155,node_3342,node_3343,line,220kV,line_271,248.56
edge_03156,node_2583,node_3344,line,220kV,line_272,266.16
edge_03157,node_3344,node_2992,line,220kV,line_272,25.53
edge_03158,node_2992,node_3345,line,220kV,line_272,300.79
edge_03159,node_3345,node_3346,line,220kV,line_272,266.78
edge_03160,node_3346,node_3347,line,220kV,line_272,317.04
edge_03161,node_3347,node_3348,line,220kV,line_272,358.13
edge_03162,node_3348,node_3349,line,220kV,line_272,263.62
edge_03163,node_3349,node_3350,line,220kV,line_272,303.06
edge_03164,node_3350,node_3351,line,220kV,line_272,330.75
edge_03165,node_3351,node_3352,line,220kV,line_272,229.32
edge_03166,node_3352,node_3353,line,220kV,line_272,259.61
edge_03167,node_3353,node_3354,line,220kV,line_272,82.25
edge_03168,node_3354,node_3355,line,220kV,line_272,37.61
edge_03169,node_3355,node_3356,line,220kV,line_272,6.57
edge_03170,node_3356,node_3357,line,220kV,line_272,208.74
edge_03171,node_3357,node_3358,line,220kV,line_272,215.49
edge_03172,node_3358,node_3359,line,220kV,line_272,68.07
edge_03173,node_3359,node_3360,line,220kV,line_272,97.66
edge_03174,node_3360,node_3361,line,220kV,line_272,272.65
edge_03175,node_3361,node_3362,line,220kV,line_272,256.55
edge_03176,node_3362,node_3363,line,220kV,line_272,297.31
edge_03177,node_3363,node_3364,line,220kV,line_272,286.54
edge_03178,node_3364,node_3365,line,220kV,line_272,64.88
edge_03179,node_3365,node_3157,line,220kV,line_272,161.37
edge_03180,node_3157,node_3366,line,220kV,line_272,203.14
edge_03181,node_3366,node_3367,line,220kV,line_272,75.85
edge_03182,node_3367,node_3368,line,220kV,line_272,349.08
edge_03183,node_3368,node_3369,line,220kV,line_272,55.09
edge_03184,node_3369,node_3370,line,220kV,line_272,31.69
edge_03185,node_3370,node_3371,line,220kV,line_272,165.38
edge_03186,node_3371,node_3372,line,220kV,line_272,337.06
edge_03187,node_3372,node_3373,line,220kV,line_272,419.52
edge_03188,node_3373,node_3374,line,220kV,line_272,270.45
edge_03189,node_3374,node_3375,line,220kV,line_272,301.08
edge_03190,node_3375,node_3376,line,220kV,line_272,273.34
edge_03191,node_3376,node_3377,line,220kV,line_272,342.86
edge_03192,node_3377,node_3378,line,220kV,line_272,303.37
edge_03193,node_3378,node_3379,line,220kV,line_272,285.27
edge_03194,node_3379,node_2592,line,220kV,line_272,63.78
edge_03195,node_3380,node_3381,line,220kV,line_273,157.01
edge_03196,node_3381,node_3382,line,220kV,line_273,162.2
edge_03197,node_3382,node_2519,line,220kV,line_273,157.26
edge_03198,node_3253,node_3383,line,220kV,line_274,48.21
edge_03199,node_3383,node_3384,line,220kV,line_274,52.95
edge_03200,node_3384,node_3385,line,220kV,line_274,45.97
edge_03201,node_3027,node_3386,line,220kV,line_275,78.72
edge_03202,node_3386,node_3387,line,220kV,line_275,142.81
edge_03203,node_3387,node_3388,line,220kV,line_275,289.81
edge_03204,node_3388,node_3389,line,220kV,line_275,258.52
edge_03205,node_3389,node_3390,line,220kV,line_275,145.3
edge_03206,node_3390,node_3391,line,220kV,line_275,358.27
edge_03207,node_3391,node_3392,line,220kV,line_275,280.78
edge_03208,node_3392,node_3393,line,220kV,line_275,151.01
edge_03209,node_3394,node_3395,line,220kV,line_276,168.01
edge_03210,node_3395,node_3396,line,220kV,line_276,120.09
edge_03211,node_3396,node_3397,line,220kV,line_276,244.38
edge_03212,node_3397,node_3398,line,220kV,line_276,209.06
edge_03213,node_3398,node_3399,line,220kV,line_276,197.59
edge_03214,node_3399,node_3400,line,220kV,line_276,166.0
edge_03215,node_3400,node_3401,line,220kV,line_276,188.78
edge_03216,node_3401,node_3402,line,220kV,line_276,287.46
edge_03217,node_3402,node_3403,line,220kV,line_276,227.97
edge_03218,node_3403,node_3404,line,220kV,line_276,191.04
edge_03219,node_3404,node_3405,line,220kV,line_276,52.89
edge_03220,node_3405,node_3406,line,220kV,line_276,178.14
edge_03221,node_3406,node_3407,line,220kV,line_276,135.71
edge_03222,node_3407,node_3408,line,220kV,line_276,194.7
edge_03223,node_3408,node_3409,line,220kV,line_276,218.36
edge_03224,node_3409,node_3410,line,220kV,line_276,114.42
edge_03225,node_3410,node_3411,line,220kV,line_276,198.71
edge_03226,node_3411,node_3412,line,220kV,line_276,73.78
edge_03227,node_3413,node_3414,line,220kV,line_277,289.9
edge_03228,node_3414,node_3415,line,220kV,line_277,230.55
edge_03229,node_3415,node_3416,line,220kV,line_277,247.17
edge_03230,node_3416,node_3417,line,220kV,line_277,278.58
edge_03231,node_3417,node_3418,line,220kV,line_277,500.18
edge_03232,node_3418,node_3419,line,220kV,line_277,124.47
edge_03233,node_3419,node_3420,line,220kV,line_277,296.63
edge_03234,node_3420,node_3421,line,220kV,line_277,84.12
edge_03235,node_3421,node_3422,line,220kV,line_277,20.88
edge_03236,node_3423,node_3424,line,220kV,line_278,33.02
edge_03237,node_3424,node_3425,line,220kV,line_278,94.3
edge_03238,node_3425,node_3426,line,220kV,line_278,291.55
edge_03239,node_3426,node_3427,line,220kV,line_278,127.89
edge_03240,node_3427,node_3428,line,220kV,line_278,499.2
edge_03241,node_3428,node_3429,line,220kV,line_278,276.68
edge_03242,node_3429,node_3430,line,220kV,line_278,242.04
edge_03243,node_3430,node_3431,line,220kV,line_278,267.47
edge_03244,node_3431,node_3432,line,220kV,line_278,247.46
edge_03245,node_3433,node_3434,line,220kV,line_279,137.12
edge_03246,node_3434,node_3435,line,220kV,line_279,222.88
edge_03247,node_3435,node_3436,line,220kV,line_279,80.47
edge_03248,node_3437,node_3438,line,220kV,line_280,150.06
edge_03249,node_3438,node_3439,line,220kV,line_280,10.37
edge_03250,node_3439,node_3440,line,220kV,line_280,329.71
edge_03251,node_3440,node_3441,line,220kV,line_280,72.83
edge_03252,node_3441,node_3442,line,220kV,line_280,168.98
edge_03253,node_3442,node_3443,line,220kV,line_280,242.55
edge_03254,node_3444,node_3445,line,220kV,line_281,260.18
edge_03255,node_3445,node_3446,line,220kV,line_281,151.17
edge_03256,node_3446,node_3447,line,220kV,line_281,94.97
edge_03257,node_3447,node_3448,line,220kV,line_281,321.35
edge_03258,node_3448,node_3449,line,220kV,line_281,344.21
edge_03259,node_3449,node_3450,line,220kV,line_281,322.86
edge_03260,node_3450,node_3451,line,220kV,line_281,371.21
edge_03261,node_3451,node_3452,line,220kV,line_281,289.82
edge_03262,node_3452,node_3453,line,220kV,line_281,328.28
edge_03263,node_3453,node_3454,line,220kV,line_281,219.36
edge_03264,node_3454,node_3455,line,220kV,line_281,140.49
edge_03265,node_3455,node_3456,line,220kV,line_281,307.61
edge_03266,node_3456,node_3457,line,220kV,line_281,333.78
edge_03267,node_3457,node_3458,line,220kV,line_281,351.12
edge_03268,node_3458,node_3459,line,220kV,line_281,188.76
edge_03269,node_3459,node_3460,line,220kV,line_281,365.18
edge_03270,node_3460,node_3461,line,220kV,line_281,301.73
edge_03271,node_3461,node_3462,line,220kV,line_281,136.07
edge_03272,node_3462,node_3463,line,220kV,line_281,310.68
edge_03273,node_3464,node_3465,line,220kV,line_282,297.0
edge_03274,node_3465,node_3466,line,220kV,line_282,138.53
edge_03275,node_3466,node_3467,line,220kV,line_282,81.83
edge_03276,node_3468,node_3469,line,220kV,line_283,125.31
edge_03277,node_3469,node_3470,line,220kV,line_283,73.28
edge_03278,node_3470,node_3471,line,220kV,line_283,140.38
edge_03279,node_3471,node_3472,line,220kV,line_283,199.01
edge_03280,node_3472,node_3473,line,220kV,line_283,242.73
edge_03281,node_3473,node_3474,line,220kV,line_283,163.94
edge_03282,node_3474,node_3475,line,220kV,line_283,127.21
edge_03283,node_3475,node_3476,line,220kV,line_283,260.95
edge_03284,node_3476,node_3477,line,220kV,line_283,168.16
edge_03285,node_3477,node_3478,line,220kV,line_283,232.76
edge_03286,node_3478,node_3479,line,220kV,line_283,149.6
edge_03287,node_3479,node_3480,line,220kV,line_283,209.49
edge_03288,node_3480,node_3481,line,220kV,line_283,357.06
edge_03289,node_3481,node_3482,line,220kV,line_283,239.58
edge_03290,node_3482,node_2053,line,220kV,line_283,209.72
edge_03291,node_3483,node_3484,line,220kV,line_284,38.26
edge_03292,node_3485,node_3486,line,220kV,line_285,299.56
edge_03293,node_3486,node_3112,line,220kV,line_285,329.0
edge_03294,node_2384,node_3487,line,220kV,line_286,75.86
edge_03295,node_3487,node_3485,line,220kV,line_286,202.62
edge_03296,node_3002,node_3165,line,220kV,line_287,53.83
edge_03297,node_3488,node_3165,line,220kV,line_288,29.17
edge_03298,node_3489,node_3002,line,220kV,line_289,17.43
edge_03299,node_3490,node_3491,line,220kV,line_290,27.59
edge_03300,node_3175,node_3491,line,220kV,line_291,56.12
edge_03301,node_3490,node_3175,line,220kV,line_292,82.47
edge_03302,node_2632,node_2992,line,220kV,line_293,80.5
edge_03303,node_2976,node_3492,line,220kV,line_294,28.75
edge_03304,node_3492,node_3493,line,220kV,line_294,28.08
edge_03305,node_3494,node_3495,line,220kV,line_295,112.0
edge_03306,node_3495,node_3496,line,220kV,line_295,94.78
edge_03307,node_3496,node_3497,line,220kV,line_295,208.27
edge_03308,node_3497,node_2980,line,220kV,line_295,40.09
edge_03309,node_3498,node_3499,line,220kV,line_296,86.3
edge_03310,node_3499,node_3500,line,220kV,line_296,185.1
edge_03311,node_3500,node_3501,line,220kV,line_296,64.67
edge_03312,node_3502,node_3503,line,220kV,line_297,43.98
edge_03313,node_3503,node_3504,line,220kV,line_297,46.03
edge_03314,node_3504,node_3505,line,220kV,line_297,158.72
edge_03315,node_3505,node_2980,line,220kV,line_297,37.78
edge_03316,node_3490,node_3506,line,220kV,line_298,39.0
edge_03317,node_3506,node_3507,line,220kV,line_298,57.12
edge_03318,node_3507,node_3508,line,220kV,line_298,156.0
edge_03319,node_3508,node_2976,line,220kV,line_298,246.17
edge_03320,node_3509,node_3510,line,220kV,line_299,44.16
edge_03321,node_3510,node_3511,line,220kV,line_299,117.97
edge_03322,node_3512,node_3513,line,220kV,line_300,154.79
edge_03323,node_3513,node_3514,line,220kV,line_300,69.6
edge_03324,node_3514,node_3515,line,220kV,line_300,51.44
edge_03325,node_0492,node_3516,line,220kV,line_301,20.45
edge_03326,node_3516,node_3517,line,220kV,line_301,184.53
edge_03327,node_3517,node_3518,line,220kV,line_301,177.07
edge_03328,node_3518,node_3519,line,220kV,line_301,314.01
edge_03329,node_3519,node_3520,line,220kV,line_301,460.75
edge_03330,node_3520,node_3521,line,220kV,line_301,352.67
edge_03331,node_3521,node_3014,line,220kV,line_301,412.05
edge_03332,node_3522,node_3523,line,220kV,line_302,152.31
edge_03333,node_3523,node_3524,line,220kV,line_302,160.05
edge_03334,node_3524,node_3525,line,220kV,line_302,119.22
edge_03335,node_3525,node_3526,line,220kV,line_302,158.77
edge_03336,node_3526,node_3527,line,220kV,line_302,58.82
edge_03337,node_3527,node_3528,line,220kV,line_302,133.27
edge_03338,node_3528,node_3529,line,220kV,line_302,130.64
edge_03339,node_3529,node_3530,line,220kV,line_302,144.65
edge_03340,node_3530,node_3531,line,220kV,line_302,131.38
edge_03341,node_3531,node_3532,line,220kV,line_302,240.65
edge_03342,node_3532,node_3533,line,220kV,line_302,140.98
edge_03343,node_3533,node_3534,line,220kV,line_302,139.48
edge_03344,node_3534,node_3535,line,220kV,line_302,171.29
edge_03345,node_3535,node_3536,line,220kV,line_302,79.24
edge_03346,node_3536,node_3537,line,220kV,line_302,139.46
edge_03347,node_3537,node_3538,line,220kV,line_302,280.79
edge_03348,node_3538,node_3539,line,220kV,line_302,160.32
edge_03349,node_3539,node_3540,line,220kV,line_302,189.34
edge_03350,node_3540,node_3541,line,220kV,line_302,267.09
edge_03351,node_3541,node_3542,line,220kV,line_302,122.74
edge_03352,node_3542,node_3543,line,220kV,line_302,120.12
edge_03353,node_3543,node_3544,line,220kV,line_302,146.55
edge_03354,node_3544,node_3545,line,220kV,line_302,142.54
edge_03355,node_3545,node_3546,line,220kV,line_302,23.33
edge_03356,node_3547,node_3548,line,220kV,line_303,74.95
edge_03357,node_3548,node_3549,line,220kV,line_303,249.04
edge_03358,node_3549,node_3550,line,220kV,line_303,249.84
edge_03359,node_3550,node_3551,line,220kV,line_303,339.57
edge_03360,node_3551,node_3552,line,220kV,line_303,356.82
edge_03361,node_3552,node_3553,line,220kV,line_303,335.95
edge_03362,node_3553,node_3554,line,220kV,line_303,308.56
edge_03363,node_3554,node_3555,line,220kV,line_303,290.53
edge_03364,node_3555,node_3556,line,220kV,line_303,336.35
edge_03365,node_3556,node_3557,line,220kV,line_303,330.14
edge_03366,node_3557,node_3558,line,220kV,line_303,304.06
edge_03367,node_3558,node_3559,line,220kV,line_303,319.85
edge_03368,node_3559,node_3560,line,220kV,line_303,334.66
edge_03369,node_3560,node_3561,line,220kV,line_303,279.34
edge_03370,node_3561,node_3562,line,220kV,line_303,338.36
edge_03371,node_3562,node_3563,line,220kV,line_303,306.02
edge_03372,node_3563,node_3564,line,220kV,line_303,337.73
edge_03373,node_3564,node_3565,line,220kV,line_303,320.17
edge_03374,node_3565,node_3566,line,220kV,line_303,304.08
edge_03375,node_3566,node_3567,line,220kV,line_303,306.02
edge_03376,node_3567,node_3568,line,220kV,line_303,344.27
edge_03377,node_3568,node_3569,line,220kV,line_303,304.03
edge_03378,node_3569,node_3570,line,220kV,line_303,358.64
edge_03379,node_3570,node_3571,line,220kV,line_303,312.95
edge_03380,node_3571,node_3572,line,220kV,line_303,221.86
edge_03381,node_3572,node_3573,line,220kV,line_303,184.84
edge_03382,node_3573,node_3574,line,220kV,line_303,229.77
edge_03383,node_3574,node_3575,line,220kV,line_303,192.45
edge_03384,node_3575,node_3576,line,220kV,line_303,298.23
edge_03385,node_3576,node_3577,line,220kV,line_303,303.13
edge_03386,node_3577,node_3578,line,220kV,line_303,335.69
edge_03387,node_3578,node_3579,line,220kV,line_303,254.05
edge_03388,node_3579,node_3580,line,220kV,line_303,277.34
edge_03389,node_3580,node_3581,line,220kV,line_303,176.03
edge_03390,node_3581,node_3582,line,220kV,line_303,98.41
edge_03391,node_3582,node_3583,line,220kV,line_303,272.04
edge_03392,node_3583,node_3584,line,220kV,line_303,274.87
edge_03393,node_3584,node_3585,line,220kV,line_303,307.18
edge_03394,node_3585,node_3586,line,220kV,line_303,293.15
edge_03395,node_3586,node_3587,line,220kV,line_303,302.28
edge_03396,node_3587,node_3588,line,220kV,line_303,335.66
edge_03397,node_3588,node_3589,line,220kV,line_303,277.16
edge_03398,node_3589,node_3590,line,220kV,line_303,275.4
edge_03399,node_3590,node_3591,line,220kV,line_303,280.09
edge_03400,node_3591,node_3592,line,220kV,line_303,161.28
edge_03401,node_3592,node_3593,line,220kV,line_303,60.62
edge_03402,node_3593,node_3594,line,220kV,line_303,264.07
edge_03403,node_3594,node_3595,line,220kV,line_303,325.43
edge_03404,node_3595,node_3596,line,220kV,line_303,185.02
edge_03405,node_3596,node_3597,line,220kV,line_303,142.67
edge_03406,node_3597,node_3598,line,220kV,line_303,297.3
edge_03407,node_3598,node_3599,line,220kV,line_303,263.25
edge_03408,node_3599,node_3600,line,220kV,line_303,320.81
edge_03409,node_3600,node_3601,line,220kV,line_303,274.57
edge_03410,node_3601,node_3602,line,220kV,line_303,149.89
edge_03411,node_3602,node_3603,line,220kV,line_303,175.02
edge_03412,node_3603,node_3604,line,220kV,line_303,317.64
edge_03413,node_3604,node_3605,line,220kV,line_303,272.08
edge_03414,node_3605,node_3606,line,220kV,line_303,270.52
edge_03415,node_3606,node_3607,line,220kV,line_303,359.09
edge_03416,node_3607,node_3608,line,220kV,line_303,259.76
edge_03417,node_3608,node_3609,line,220kV,line_303,108.28
edge_03418,node_3609,node_3610,line,220kV,line_303,93.6
edge_03419,node_3610,node_3611,line,220kV,line_303,210.45
edge_03420,node_3611,node_3612,line,220kV,line_303,296.92
edge_03421,node_3612,node_3613,line,220kV,line_303,145.21
edge_03422,node_3613,node_3614,line,220kV,line_303,96.11
edge_03423,node_3614,node_1077,line,220kV,line_303,119.35
edge_03424,node_3615,node_3616,line,220kV,line_304,63.67
edge_03425,node_3616,node_3617,line,220kV,line_304,190.39
edge_03426,node_3617,node_3618,line,220kV,line_304,147.04
edge_03427,node_3618,node_3619,line,220kV,line_304,192.48
edge_03428,node_3619,node_3620,line,220kV,line_304,216.24
edge_03429,node_3620,node_3621,line,220kV,line_304,187.66
edge_03430,node_3621,node_3240,line,220kV,line_304,197.47
edge_03431,node_3622,node_3623,line,220kV,line_305,136.64
edge_03432,node_3624,node_3625,line,220kV,line_306,74.57
edge_03433,node_3625,node_3626,line,220kV,line_306,95.73
edge_03434,node_3626,node_3627,line,220kV,line_307,148.1
edge_03435,node_3627,node_3628,line,220kV,line_307,196.6
edge_03436,node_3629,node_3630,line,220kV,line_308,333.56
edge_03437,node_3630,node_3631,line,220kV,line_308,195.04
edge_03438,node_3631,node_3622,line,220kV,line_308,150.43
edge_03439,node_3632,node_3633,line,220kV,line_309,10.38
edge_03440,node_3633,node_3634,line,220kV,line_310,20.93
edge_03441,node_3443,node_3635,line,220kV,line_311,176.57
edge_03442,node_3635,node_3636,line,220kV,line_311,235.39
edge_03443,node_3636,node_3637,line,220kV,line_311,186.17
edge_03444,node_3637,node_3638,line,220kV,line_311,101.77
edge_03445,node_3638,node_3639,line,220kV,line_311,83.33
edge_03446,node_3639,node_3640,line,220kV,line_311,199.15
edge_03447,node_3640,node_3641,line,220kV,line_311,130.18
edge_03448,node_3641,node_3642,line,220kV,line_311,71.0
edge_03449,node_3642,node_3643,line,220kV,line_311,342.6
edge_03450,node_3643,node_3644,line,220kV,line_311,228.15
edge_03451,node_3644,node_3645,line,220kV,line_311,212.72
edge_03452,node_3645,node_3646,line,220kV,line_311,451.53
edge_03453,node_3646,node_3647,line,220kV,line_311,323.75
edge_03454,node_3647,node_3632,line,220kV,line_311,368.22
edge_03455,node_3632,node_3648,line,220kV,line_311,133.76
edge_03456,node_3648,node_3649,line,220kV,line_311,181.12
edge_03457,node_3649,node_3650,line,220kV,line_311,207.93
edge_03458,node_3650,node_3651,line,220kV,line_311,381.21
edge_03459,node_3651,node_3652,line,220kV,line_311,95.51
edge_03460,node_3652,node_3653,line,220kV,line_311,66.79
edge_03461,node_3654,node_3634,line,220kV,line_312,132.98
edge_03462,node_3634,node_3655,line,220kV,line_312,369.18
edge_03463,node_3655,node_3656,line,220kV,line_312,322.84
edge_03464,node_3656,node_3657,line,220kV,line_312,133.6
edge_03465,node_3657,node_3658,line,220kV,line_312,373.5
edge_03466,node_3658,node_3659,line,220kV,line_312,178.85
edge_03467,node_3659,node_3436,line,220kV,line_312,197.95
edge_03468,node_3628,node_3660,line,220kV,line_313,334.47
edge_03469,node_3661,node_3662,line,220kV,line_314,53.76
edge_03470,node_3662,node_3663,line,220kV,line_314,156.23
edge_03471,node_3663,node_3664,line,220kV,line_314,374.24
edge_03472,node_3664,node_3665,line,220kV,line_314,180.74
edge_03473,node_3665,node_3654,line,220kV,line_314,212.41
edge_03474,node_3666,node_3667,line,220kV,line_315,27.28
edge_03475,node_3667,node_3668,line,220kV,line_315,34.04
edge_03476,node_3668,node_3669,line,220kV,line_315,34.3
edge_03477,node_3669,node_3666,line,220kV,line_315,26.54
edge_03478,node_3670,node_3671,line,220kV,line_316,350.6
edge_03479,node_3671,node_3672,line,220kV,line_316,416.15
edge_03480,node_3672,node_3673,line,220kV,line_316,428.41
edge_03481,node_3673,node_3674,line,220kV,line_316,395.23
edge_03482,node_3674,node_3675,line,220kV,line_316,401.48
edge_03483,node_3675,node_3676,line,220kV,line_316,321.09
edge_03484,node_3676,node_3677,line,220kV,line_316,313.69
edge_03485,node_3677,node_3678,line,220kV,line_316,384.15
edge_03486,node_3678,node_3679,line,220kV,line_316,382.43
edge_03487,node_3679,node_3680,line,220kV,line_316,333.28
edge_03488,node_3680,node_3681,line,220kV,line_316,333.44
edge_03489,node_3681,node_3682,line,220kV,line_316,327.18
edge_03490,node_3682,node_3683,line,220kV,line_316,355.98
edge_03491,node_3683,node_3684,line,220kV,line_316,349.44
edge_03492,node_3684,node_3685,line,220kV,line_316,352.96
edge_03493,node_3685,node_3686,line,220kV,line_316,386.93
edge_03494,node_3686,node_3687,line,220kV,line_316,439.94
edge_03495,node_3687,node_3688,line,220kV,line_316,392.94
edge_03496,node_3688,node_3689,line,220kV,line_316,301.34
edge_03497,node_3689,node_3690,line,220kV,line_316,69.69
edge_03498,node_3690,node_3691,line,220kV,line_316,24.06
edge_03499,node_3691,node_3692,line,220kV,line_316,201.3
edge_03500,node_3692,node_3693,line,220kV,line_316,281.35
edge_03501,node_3693,node_3694,line,220kV,line_316,447.9
edge_03502,node_3694,node_3695,line,220kV,line_316,362.04
edge_03503,node_3695,node_3696,line,220kV,line_316,422.88
edge_03504,node_3696,node_3697,line,220kV,line_316,167.21
edge_03505,node_3697,node_3698,line,220kV,line_316,266.48
edge_03506,node_3698,node_3699,line,220kV,line_316,339.19
edge_03507,node_3699,node_3700,line,220kV,line_316,434.27
edge_03508,node_3700,node_3701,line,220kV,line_316,407.16
edge_03509,node_3701,node_3702,line,220kV,line_316,388.35
edge_03510,node_3702,node_3703,line,220kV,line_316,338.96
edge_03511,node_3703,node_3704,line,220kV,line_316,79.33
edge_03512,node_3704,node_3705,line,220kV,line_316,376.08
edge_03513,node_3705,node_3706,line,220kV,line_316,383.01
edge_03514,node_3706,node_3707,line,220kV,line_316,349.42
edge_03515,node_3707,node_3708,line,220kV,line_316,365.76
edge_03516,node_3708,node_3709,line,220kV,line_316,399.97
edge_03517,node_3709,node_3710,line,220kV,line_316,335.45
edge_03518,node_3710,node_3711,line,220kV,line_316,335.39
edge_03519,node_3711,node_3712,line,220kV,line_316,362.78
edge_03520,node_3712,node_3713,line,220kV,line_316,380.7
edge_03521,node_3713,node_3714,line,220kV,line_316,357.1
edge_03522,node_3714,node_3715,line,220kV,line_316,425.46
edge_03523,node_3715,node_3716,line,220kV,line_316,298.48
edge_03524,node_3716,node_3717,line,220kV,line_316,328.2
edge_03525,node_3717,node_3718,line,220kV,line_316,405.16
edge_03526,node_3718,node_3719,line,220kV,line_316,310.55
edge_03527,node_3719,node_3720,line,220kV,line_316,245.48
edge_03528,node_3720,node_3721,line,220kV,line_316,372.22
edge_03529,node_3721,node_3722,line,220kV,line_316,364.34
edge_03530,node_3722,node_3723,line,220kV,line_316,426.98
edge_03531,node_3723,node_3724,line,220kV,line_316,403.81
edge_03532,node_3724,node_3725,line,220kV,line_316,392.71
edge_03533,node_3725,node_3726,line,220kV,line_316,389.39
edge_03534,node_3726,node_3727,line,220kV,line_316,381.81
edge_03535,node_3727,node_3728,line,220kV,line_316,344.67
edge_03536,node_3728,node_3729,line,220kV,line_316,379.94
edge_03537,node_3729,node_3730,line,220kV,line_316,326.88
edge_03538,node_3730,node_3731,line,220kV,line_316,357.07
edge_03539,node_3731,node_3732,line,220kV,line_316,418.65
edge_03540,node_3732,node_3733,line,220kV,line_316,411.48
edge_03541,node_3733,node_3734,line,220kV,line_316,427.15
edge_03542,node_3734,node_3735,line,220kV,line_316,432.31
edge_03543,node_3735,node_3736,line,220kV,line_316,378.22
edge_03544,node_3736,node_3737,line,220kV,line_316,400.63
edge_03545,node_3737,node_3738,line,220kV,line_316,402.68
edge_03546,node_3738,node_3739,line,220kV,line_316,440.98
edge_03547,node_3739,node_3740,line,220kV,line_316,363.51
edge_03548,node_3740,node_3741,line,220kV,line_316,320.08
edge_03549,node_3741,node_3742,line,220kV,line_316,400.07
edge_03550,node_3742,node_3743,line,220kV,line_316,334.15
edge_03551,node_3743,node_3744,line,220kV,line_316,336.86
edge_03552,node_3744,node_3745,line,220kV,line_316,350.77
edge_03553,node_3745,node_3746,line,220kV,line_316,299.79
edge_03554,node_3746,node_3747,line,220kV,line_316,386.22
edge_03555,node_3747,node_3748,line,220kV,line_316,396.11
edge_03556,node_3748,node_3749,line,220kV,line_316,394.84
edge_03557,node_3749,node_3750,line,220kV,line_316,388.34
edge_03558,node_3750,node_3751,line,220kV,line_316,391.79
edge_03559,node_3751,node_3752,line,220kV,line_316,318.96
edge_03560,node_3752,node_3753,line,220kV,line_316,275.87
edge_03561,node_3753,node_3754,line,220kV,line_316,424.34
edge_03562,node_3754,node_3755,line,220kV,line_316,416.32
edge_03563,node_3755,node_3756,line,220kV,line_316,386.89
edge_03564,node_3756,node_3757,line,220kV,line_316,397.58
edge_03565,node_3757,node_3758,line,220kV,line_316,429.47
edge_03566,node_3758,node_3759,line,220kV,line_316,433.69
edge_03567,node_3759,node_3760,line,220kV,line_316,343.97
edge_03568,node_3760,node_3761,line,220kV,line_316,332.71
edge_03569,node_3761,node_3762,line,220kV,line_316,365.71
edge_03570,node_3762,node_3763,line,220kV,line_316,307.12
edge_03571,node_3763,node_3764,line,220kV,line_316,431.06
edge_03572,node_3764,node_3765,line,220kV,line_316,454.05
edge_03573,node_3765,node_3766,line,220kV,line_316,409.54
edge_03574,node_3766,node_3767,line,220kV,line_316,318.22
edge_03575,node_3767,node_3768,line,220kV,line_316,343.16
edge_03576,node_3768,node_3769,line,220kV,line_316,371.82
edge_03577,node_3769,node_3770,line,220kV,line_316,374.52
edge_03578,node_3770,node_3771,line,220kV,line_316,364.86
edge_03579,node_3771,node_3772,line,220kV,line_316,356.76
edge_03580,node_3772,node_3773,line,220kV,line_316,380.37
edge_03581,node_3773,node_3774,line,220kV,line_316,390.7
edge_03582,node_3774,node_3775,line,220kV,line_316,166.52
edge_03583,node_3775,node_3776,line,220kV,line_316,383.26
edge_03584,node_3776,node_3777,line,220kV,line_316,413.8
edge_03585,node_3777,node_3778,line,220kV,line_316,369.53
edge_03586,node_3778,node_3779,line,220kV,line_316,313.39
edge_03587,node_3779,node_3780,line,220kV,line_316,434.54
edge_03588,node_3780,node_3781,line,220kV,line_316,374.46
edge_03589,node_3781,node_3782,line,220kV,line_316,307.88
edge_03590,node_3782,node_3783,line,220kV,line_316,294.31
edge_03591,node_3783,node_3784,line,220kV,line_316,329.8
edge_03592,node_3784,node_3785,line,220kV,line_316,353.22
edge_03593,node_3785,node_3786,line,220kV,line_316,296.96
edge_03594,node_3786,node_3787,line,220kV,line_316,324.64
edge_03595,node_3787,node_3788,line,220kV,line_316,340.49
edge_03596,node_3788,node_3789,line,220kV,line_316,355.16
edge_03597,node_3789,node_3790,line,220kV,line_316,368.57
edge_03598,node_3790,node_3791,line,220kV,line_316,336.24
edge_03599,node_3791,node_3792,line,220kV,line_316,333.34
edge_03600,node_3792,node_3793,line,220kV,line_316,338.46
edge_03601,node_3793,node_3794,line,220kV,line_316,332.29
edge_03602,node_3794,node_3795,line,220kV,line_316,310.19
edge_03603,node_3795,node_3796,line,220kV,line_316,373.18
edge_03604,node_3796,node_3797,line,220kV,line_316,401.74
edge_03605,node_3797,node_3798,line,220kV,line_316,394.54
edge_03606,node_3798,node_3799,line,220kV,line_316,390.0
edge_03607,node_3799,node_3800,line,220kV,line_316,306.18
edge_03608,node_3800,node_3801,line,220kV,line_316,407.18
edge_03609,node_3801,node_3802,line,220kV,line_316,154.13
edge_03610,node_3802,node_3803,line,220kV,line_316,290.58
edge_03611,node_3803,node_3804,line,220kV,line_316,434.11
edge_03612,node_3804,node_3805,line,220kV,line_316,378.29
edge_03613,node_3805,node_3806,line,220kV,line_316,404.14
edge_03614,node_3806,node_3807,line,220kV,line_316,394.51
edge_03615,node_3807,node_3808,line,220kV,line_316,355.53
edge_03616,node_3808,node_3809,line,220kV,line_316,429.84
edge_03617,node_3809,node_3810,line,220kV,line_316,366.13
edge_03618,node_3810,node_3811,line,220kV,line_316,407.41
edge_03619,node_3811,node_3812,line,220kV,line_316,429.35
edge_03620,node_3812,node_3813,line,220kV,line_316,124.03
edge_03621,node_3813,node_3814,line,220kV,line_316,223.48
edge_03622,node_3814,node_3815,line,220kV,line_316,403.66
edge_03623,node_3815,node_3816,line,220kV,line_316,366.0
edge_03624,node_3816,node_3817,line,220kV,line_316,407.36
edge_03625,node_3817,node_3818,line,220kV,line_316,266.85
edge_03626,node_3818,node_3819,line,220kV,line_316,319.19
edge_03627,node_3819,node_3820,line,220kV,line_316,396.55
edge_03628,node_3820,node_3821,line,220kV,line_316,334.49
edge_03629,node_3821,node_3822,line,220kV,line_316,360.22
edge_03630,node_3822,node_3823,line,220kV,line_316,257.7
edge_03631,node_3823,node_3824,line,220kV,line_316,377.28
edge_03632,node_3824,node_3825,line,220kV,line_316,398.96
edge_03633,node_3825,node_3826,line,220kV,line_316,378.29
edge_03634,node_3826,node_3827,line,220kV,line_316,323.32
edge_03635,node_3827,node_3828,line,220kV,line_316,325.69
edge_03636,node_3828,node_3829,line,220kV,line_316,205.29
edge_03637,node_3829,node_3830,line,220kV,line_316,361.3
edge_03638,node_3830,node_3831,line,220kV,line_316,319.25
edge_03639,node_3831,node_3832,line,220kV,line_316,343.91
edge_03640,node_3832,node_3833,line,220kV,line_316,408.62
edge_03641,node_3833,node_3834,line,220kV,line_316,401.31
edge_03642,node_3834,node_3835,line,220kV,line_316,313.31
edge_03643,node_3835,node_3836,line,220kV,line_316,418.99
edge_03644,node_3836,node_3837,line,220kV,line_316,254.81
edge_03645,node_3837,node_3838,line,220kV,line_316,331.79
edge_03646,node_3838,node_3839,line,220kV,line_316,313.43
edge_03647,node_3839,node_3840,line,220kV,line_316,314.49
edge_03648,node_3840,node_3841,line,220kV,line_316,73.07
edge_03649,node_3841,node_3842,line,220kV,line_316,277.04
edge_03650,node_3842,node_3843,line,220kV,line_316,326.49
edge_03651,node_3843,node_3844,line,220kV,line_316,398.43
edge_03652,node_3844,node_3845,line,220kV,line_316,394.25
edge_03653,node_3845,node_3846,line,220kV,line_316,351.07
edge_03654,node_3846,node_3847,line,220kV,line_316,40.69
edge_03655,node_3847,node_3848,line,220kV,line_316,348.69
edge_03656,node_3848,node_3849,line,220kV,line_316,327.43
edge_03657,node_3849,node_3850,line,220kV,line_316,182.33
edge_03658,node_3850,node_3851,line,220kV,line_316,156.75
edge_03659,node_3851,node_3852,line,220kV,line_316,342.91
edge_03660,node_3852,node_3853,line,220kV,line_316,399.56
edge_03661,node_3853,node_3854,line,220kV,line_316,329.71
edge_03662,node_3854,node_3855,line,220kV,line_316,363.84
edge_03663,node_3855,node_3856,line,220kV,line_316,337.81
edge_03664,node_3856,node_3857,line,220kV,line_316,409.88
edge_03665,node_3857,node_3858,line,220kV,line_316,342.1
edge_03666,node_3858,node_3859,line,220kV,line_316,335.62
edge_03667,node_3859,node_3860,line,220kV,line_316,320.71
edge_03668,node_3860,node_3861,line,220kV,line_316,244.26
edge_03669,node_3861,node_3862,line,220kV,line_316,422.54
edge_03670,node_3862,node_3863,line,220kV,line_316,201.21
edge_03671,node_3863,node_3864,line,220kV,line_316,105.15
edge_03672,node_2229,node_3865,line,220kV,line_317,185.27
edge_03673,node_3865,node_3866,line,220kV,line_317,307.41
edge_03674,node_3866,node_3867,line,220kV,line_317,205.35
edge_03675,node_3867,node_3868,line,220kV,line_317,242.85
edge_03676,node_3868,node_3869,line,220kV,line_317,134.63
edge_03677,node_3869,node_3870,line,220kV,line_317,174.37
edge_03678,node_3870,node_3871,line,220kV,line_317,178.71
edge_03679,node_3871,node_3872,line,220kV,line_317,279.69
edge_03680,node_3872,node_3873,line,220kV,line_317,251.33
edge_03681,node_3873,node_3874,line,220kV,line_317,220.07
edge_03682,node_3874,node_3875,line,220kV,line_317,220.96
edge_03683,node_3875,node_3876,line,220kV,line_317,231.02
edge_03684,node_3876,node_3877,line,220kV,line_317,227.3
edge_03685,node_3877,node_3878,line,220kV,line_317,267.2
edge_03686,node_3878,node_3879,line,220kV,line_317,279.98
edge_03687,node_3879,node_3880,line,220kV,line_317,276.7
edge_03688,node_3880,node_3881,line,220kV,line_317,329.2
edge_03689,node_3881,node_3882,line,220kV,line_317,269.7
edge_03690,node_3882,node_3883,line,220kV,line_317,360.51
edge_03691,node_3883,node_3884,line,220kV,line_317,343.85
edge_03692,node_3884,node_3885,line,220kV,line_317,179.7
edge_03693,node_3885,node_3886,line,220kV,line_317,192.27
edge_03694,node_3886,node_3887,line,220kV,line_317,252.7
edge_03695,node_3887,node_3888,line,220kV,line_317,397.17
edge_03696,node_3888,node_3889,line,220kV,line_317,347.52
edge_03697,node_3889,node_3890,line,220kV,line_317,238.49
edge_03698,node_3890,node_3891,line,220kV,line_317,279.2
edge_03699,node_3891,node_3892,line,220kV,line_317,178.91
edge_03700,node_3892,node_3893,line,220kV,line_317,257.2
edge_03701,node_3893,node_3894,line,220kV,line_317,298.02
edge_03702,node_3894,node_3895,line,220kV,line_317,244.0
edge_03703,node_3895,node_3896,line,220kV,line_317,302.23
edge_03704,node_3896,node_3897,line,220kV,line_317,270.24
edge_03705,node_3897,node_3898,line,220kV,line_317,282.87
edge_03706,node_3898,node_3899,line,220kV,line_317,172.98
edge_03707,node_3899,node_3900,line,220kV,line_317,317.39
edge_03708,node_3900,node_3901,line,220kV,line_317,186.47
edge_03709,node_3901,node_3902,line,220kV,line_317,224.55
edge_03710,node_3902,node_3903,line,220kV,line_317,340.4
edge_03711,node_3903,node_3904,line,220kV,line_317,303.7
edge_03712,node_3905,node_3906,line,220kV,line_318,113.8
edge_03713,node_3907,node_3908,line,220kV,line_319,295.26
edge_03714,node_3908,node_3909,line,220kV,line_319,270.14
edge_03715,node_3909,node_3910,line,220kV,line_319,358.51
edge_03716,node_3910,node_3911,line,220kV,line_319,204.44
edge_03717,node_3911,node_3912,line,220kV,line_319,323.56
edge_03718,node_3912,node_3913,line,220kV,line_319,39.32
edge_03719,node_3913,node_3914,line,220kV,line_319,198.72
edge_03720,node_3914,node_3915,line,220kV,line_319,134.43
edge_03721,node_3915,node_3916,line,220kV,line_319,190.68
edge_03722,node_3916,node_3917,line,220kV,line_319,82.0
edge_03723,node_3917,node_2229,line,220kV,line_319,114.99
edge_03724,node_3918,node_3919,line,220kV,line_320,261.63
edge_03725,node_3919,node_3920,line,220kV,line_320,205.28
edge_03726,node_3920,node_3921,line,220kV,line_320,304.6
edge_03727,node_3921,node_3922,line,220kV,line_320,309.65
edge_03728,node_3922,node_3923,line,220kV,line_320,297.09
edge_03729,node_3923,node_3924,line,220kV,line_320,190.21
edge_03730,node_3924,node_3925,line,220kV,line_320,282.67
edge_03731,node_3925,node_3926,line,220kV,line_320,73.89
edge_03732,node_3926,node_3927,line,220kV,line_320,62.36
edge_03733,node_3927,node_3928,line,220kV,line_320,319.18
edge_03734,node_3928,node_3929,line,220kV,line_320,129.44
edge_03735,node_3929,node_3930,line,220kV,line_320,342.29
edge_03736,node_3930,node_3931,line,220kV,line_320,340.77
edge_03737,node_3931,node_3932,line,220kV,line_320,330.99
edge_03738,node_3932,node_3933,line,220kV,line_320,243.18
edge_03739,node_3933,node_3934,line,220kV,line_320,171.55
edge_03740,node_3934,node_3935,line,220kV,line_320,164.18
edge_03741,node_3935,node_3936,line,220kV,line_320,259.85
edge_03742,node_3936,node_3937,line,220kV,line_320,274.92
edge_03743,node_3937,node_3938,line,220kV,line_320,269.68
edge_03744,node_3938,node_3939,line,220kV,line_320,333.78
edge_03745,node_3939,node_3940,line,220kV,line_320,70.09
edge_03746,node_3940,node_3941,line,220kV,line_320,101.14
edge_03747,node_3941,node_3942,line,220kV,line_320,316.61
edge_03748,node_3942,node_3943,line,220kV,line_320,240.52
edge_03749,node_3943,node_3944,line,220kV,line_320,342.57
edge_03750,node_3944,node_3945,line,220kV,line_320,287.08
edge_03751,node_3945,node_3946,line,220kV,line_320,326.23
edge_03752,node_3946,node_3947,line,220kV,line_320,317.21
edge_03753,node_3947,node_3948,line,220kV,line_320,313.78
edge_03754,node_3948,node_3949,line,220kV,line_320,240.16
edge_03755,node_3949,node_3950,line,220kV,line_320,356.46
edge_03756,node_3950,node_3951,line,220kV,line_320,179.06
edge_03757,node_3951,node_3952,line,220kV,line_320,118.67
edge_03758,node_3952,node_3953,line,220kV,line_320,239.16
edge_03759,node_3953,node_2239,line,220kV,line_320,277.89
edge_03760,node_3954,node_3955,line,220kV,line_321,256.17
edge_03761,node_3955,node_3956,line,220kV,line_321,179.79
edge_03762,node_3956,node_3957,line,220kV,line_321,197.19
edge_03763,node_3957,node_3958,line,220kV,line_321,260.57
edge_03764,node_3958,node_3959,line,220kV,line_321,53.99
edge_03765,node_3959,node_3960,line,220kV,line_321,25.35
edge_03766,node_3960,node_3961,line,220kV,line_321,217.2
edge_03767,node_3961,node_3962,line,220kV,line_321,133.91
edge_03768,node_3962,node_3963,line,220kV,line_321,135.37
edge_03769,node_3963,node_3964,line,220kV,line_321,209.94
edge_03770,node_3964,node_3965,line,220kV,line_321,161.02
edge_03771,node_3965,node_3966,line,220kV,line_321,60.41
edge_03772,node_3966,node_3967,line,220kV,line_321,67.82
edge_03773,node_3967,node_3968,line,220kV,line_321,130.09
edge_03774,node_3968,node_3969,line,220kV,line_321,247.48
edge_03775,node_3969,node_3970,line,220kV,line_321,308.18
edge_03776,node_3970,node_3971,line,220kV,line_321,299.58
edge_03777,node_3971,node_3972,line,220kV,line_321,311.99
edge_03778,node_3972,node_3973,line,220kV,line_321,122.35
edge_03779,node_3973,node_3974,line,220kV,line_321,126.66
edge_03780,node_3974,node_3975,line,220kV,line_321,264.41
edge_03781,node_3975,node_3976,line,220kV,line_321,296.23
edge_03782,node_3976,node_3977,line,220kV,line_321,269.39
edge_03783,node_3977,node_3978,line,220kV,line_321,118.24
edge_03784,node_3978,node_3979,line,220kV,line_321,206.64
edge_03785,node_3979,node_3980,line,220kV,line_321,184.62
edge_03786,node_3980,node_1909,line,220kV,line_321,63.33
edge_03787,node_3463,node_3981,line,220kV,line_322,304.6
edge_03788,node_3981,node_3982,line,220kV,line_322,346.21
edge_03789,node_3982,node_3983,line,220kV,line_322,252.71
edge_03790,node_3983,node_3984,line,220kV,line_322,324.26
edge_03791,node_3984,node_3985,line,220kV,line_322,341.59
edge_03792,node_3985,node_3986,line,220kV,line_322,1316.96
edge_03793,node_3986,node_3987,line,220kV,line_322,243.21
edge_03794,node_3987,node_3988,line,220kV,line_322,274.24
edge_03795,node_3988,node_3989,line,220kV,line_322,252.11
edge_03796,node_3989,node_3918,line,220kV,line_322,45.85
edge_03797,node_3990,node_3991,line,220kV,line_323,143.23
edge_03798,node_3991,node_3992,line,220kV,line_323,149.51
edge_03799,node_3992,node_3993,line,220kV,line_323,252.86
edge_03800,node_3993,node_3994,line,220kV,line_323,218.33
edge_03801,node_3994,node_3995,line,220kV,line_323,75.32
edge_03802,node_3995,node_3996,line,220kV,line_323,293.85
edge_03803,node_3996,node_3997,line,220kV,line_323,207.71
edge_03804,node_3998,node_3999,line,220kV,line_324,188.98
edge_03805,node_3999,node_4000,line,220kV,line_324,320.51
edge_03806,node_4000,node_4001,line,220kV,line_324,275.1
edge_03807,node_4001,node_4002,line,220kV,line_324,269.08
edge_03808,node_4002,node_4003,line,220kV,line_324,148.16
edge_03809,node_4003,node_4004,line,220kV,line_324,143.06
edge_03810,node_4005,node_4006,line,220kV,line_325,877.93
edge_03811,node_4006,node_4007,line,220kV,line_325,41.76
edge_03812,node_4007,node_4008,line,220kV,line_325,147.72
edge_03813,node_4008,node_4009,line,220kV,line_325,76.06
edge_03814,node_4009,node_4010,line,220kV,line_325,83.07
edge_03815,node_4010,node_4011,line,220kV,line_325,131.69
edge_03816,node_4011,node_4012,line,220kV,line_325,68.61
edge_03817,node_4012,node_4013,line,220kV,line_325,106.29
edge_03818,node_4013,node_4014,line,220kV,line_325,287.64
edge_03819,node_4014,node_4015,line,220kV,line_325,93.73
edge_03820,node_4015,node_4016,line,220kV,line_325,190.05
edge_03821,node_4016,node_4017,line,220kV,line_325,85.08
edge_03822,node_4017,node_4018,line,220kV,line_325,97.44
edge_03823,node_4018,node_4019,line,220kV,line_325,85.39
edge_03824,node_4019,node_4020,line,220kV,line_325,129.59
edge_03825,node_4020,node_4021,line,220kV,line_325,160.84
edge_03826,node_4021,node_4022,line,220kV,line_325,179.18
edge_03827,node_4022,node_4023,line,220kV,line_325,136.33
edge_03828,node_4023,node_4024,line,220kV,line_325,164.84
edge_03829,node_4024,node_4025,line,220kV,line_325,153.77
edge_03830,node_4025,node_4026,line,220kV,line_325,182.47
edge_03831,node_4026,node_4027,line,220kV,line_325,202.54
edge_03832,node_4027,node_4028,line,220kV,line_325,135.35
edge_03833,node_4028,node_4029,line,220kV,line_325,143.18
edge_03834,node_4029,node_4030,line,220kV,line_325,184.9
edge_03835,node_4030,node_1477,line,220kV,line_325,53.5
edge_03836,node_4031,node_4032,line,220kV,line_326,8.28
edge_03837,node_4033,node_4034,line,220kV,line_327,39.97
edge_03838,node_4034,node_4035,line,220kV,line_327,89.59
edge_03839,node_4035,node_4036,line,220kV,line_327,86.51
edge_03840,node_4036,node_4037,line,220kV,line_327,162.7
edge_03841,node_4037,node_4038,line,220kV,line_327,22.55
edge_03842,node_4038,node_4039,line,220kV,line_327,51.18
edge_03843,node_4039,node_4040,line,220kV,line_327,35.47
edge_03844,node_4041,node_4042,line,220kV,line_328,22.75
edge_03845,node_4043,node_4044,line,220kV,line_329,23.25
edge_03846,node_4044,node_4045,line,220kV,line_329,23.44
edge_03847,node_4045,node_4046,line,220kV,line_329,28.63
edge_03848,node_4047,node_4048,line,220kV,line_330,2.47
edge_03849,node_4048,node_4049,line,220kV,line_330,14.55
edge_03850,node_4049,node_4050,line,220kV,line_330,35.07
edge_03851,node_4051,node_4052,line,220kV,line_331,12.71
edge_03852,node_4052,node_4053,line,220kV,line_331,14.08
edge_03853,node_4053,node_4054,line,220kV,line_331,17.86
edge_03854,node_3662,node_4055,line,220kV,line_332,160.35
edge_03855,node_4055,node_4056,line,220kV,line_332,398.79
edge_03856,node_4056,node_4057,line,220kV,line_332,378.45
edge_03857,node_4057,node_4058,line,220kV,line_332,269.52
edge_03858,node_4058,node_4059,line,220kV,line_332,311.35
edge_03859,node_4059,node_4060,line,220kV,line_332,213.96
edge_03860,node_4060,node_4061,line,220kV,line_332,176.46
edge_03861,node_4061,node_4062,line,220kV,line_332,176.05
edge_03862,node_4062,node_4063,line,220kV,line_332,376.42
edge_03863,node_4063,node_4064,line,220kV,line_332,458.67
edge_03864,node_4064,node_4065,line,220kV,line_332,211.96
edge_03865,node_4065,node_4066,line,220kV,line_332,299.08
edge_03866,node_4066,node_4067,line,220kV,line_332,357.09
edge_03867,node_4067,node_4068,line,220kV,line_332,72.23
edge_03868,node_4069,node_4070,line,220kV,line_333,99.48
edge_03869,node_4070,node_4071,line,220kV,line_333,405.4
edge_03870,node_4071,node_4072,line,220kV,line_333,265.2
edge_03871,node_4072,node_4073,line,220kV,line_333,276.63
edge_03872,node_4073,node_4074,line,220kV,line_333,106.48
edge_03873,node_4074,node_4075,line,220kV,line_333,144.37
edge_03874,node_4075,node_4076,line,220kV,line_333,250.04
edge_03875,node_4076,node_4077,line,220kV,line_333,162.89
edge_03876,node_4077,node_4078,line,220kV,line_333,39.01
edge_03877,node_4078,node_4079,line,220kV,line_333,166.45
edge_03878,node_4079,node_4080,line,220kV,line_333,138.79
edge_03879,node_4080,node_4081,line,220kV,line_333,222.12
edge_03880,node_4082,node_4083,line,220kV,line_334,231.3
edge_03881,node_4083,node_4084,line,220kV,line_334,268.31
edge_03882,node_4084,node_4085,line,220kV,line_334,250.96
edge_03883,node_4085,node_4086,line,220kV,line_334,190.03
edge_03884,node_4086,node_4087,line,220kV,line_334,252.41
edge_03885,node_4087,node_4088,line,220kV,line_334,284.96
edge_03886,node_4088,node_4089,line,220kV,line_334,294.12
edge_03887,node_4089,node_4090,line,220kV,line_334,182.35
edge_03888,node_4090,node_4091,line,220kV,line_334,317.07
edge_03889,node_4091,node_4092,line,220kV,line_334,193.11
edge_03890,node_4092,node_4093,line,220kV,line_334,209.95
edge_03891,node_4093,node_4094,line,220kV,line_334,262.52
edge_03892,node_4094,node_4095,line,220kV,line_334,301.06
edge_03893,node_4095,node_4096,line,220kV,line_334,258.63
edge_03894,node_4096,node_4097,line,220kV,line_334,216.32
edge_03895,node_4097,node_4098,line,220kV,line_334,185.94
edge_03896,node_4098,node_4099,line,220kV,line_334,202.71
edge_03897,node_4099,node_4100,line,220kV,line_334,306.91
edge_03898,node_4100,node_4101,line,220kV,line_334,199.08
edge_03899,node_4101,node_4102,line,220kV,line_334,141.01
edge_03900,node_4102,node_4103,line,220kV,line_334,272.64
edge_03901,node_4103,node_4104,line,220kV,line_334,146.7
edge_03902,node_4104,node_4105,line,220kV,line_334,139.41
edge_03903,node_4106,node_4107,line,220kV,line_335,26.91
edge_03904,node_4107,node_4108,line,220kV,line_335,22.61
edge_03905,node_4108,node_4109,line,220kV,line_335,85.55
edge_03906,node_4109,node_4110,line,220kV,line_335,172.86
edge_03907,node_4110,node_4111,line,220kV,line_335,90.26
edge_03908,node_4111,node_4112,line,220kV,line_335,201.82
edge_03909,node_4112,node_3940,line,220kV,line_335,40.51
edge_03910,node_3940,node_4113,line,220kV,line_335,33.53
edge_03911,node_4113,node_4114,line,220kV,line_335,143.2
edge_03912,node_4114,node_4115,line,220kV,line_335,129.45
edge_03913,node_4115,node_4116,line,220kV,line_335,58.85
edge_03914,node_4116,node_4117,line,220kV,line_335,101.87
edge_03915,node_4117,node_4118,line,220kV,line_335,108.48
edge_03916,node_4118,node_4119,line,220kV,line_335,213.8
edge_03917,node_4119,node_4120,line,220kV,line_335,159.87
edge_03918,node_4120,node_2056,line,220kV,line_335,24.06
edge_03919,node_4121,node_4122,line,220kV,line_336,41.74
edge_03920,node_4122,node_4123,line,220kV,line_336,197.05
edge_03921,node_4123,node_4124,line,220kV,line_336,321.07
edge_03922,node_4124,node_4125,line,220kV,line_336,44.76
edge_03923,node_4125,node_4126,line,220kV,line_336,159.27
edge_03924,node_4126,node_4127,line,220kV,line_336,115.78
edge_03925,node_4127,node_4128,line,220kV,line_336,139.22
edge_03926,node_4128,node_4129,line,220kV,line_336,169.83
edge_03927,node_4129,node_4130,line,220kV,line_336,49.11
edge_03928,node_4131,node_4132,line,220kV,line_337,66.97
edge_03929,node_4132,node_4133,line,220kV,line_337,565.06
edge_03930,node_4133,node_4134,line,220kV,line_337,461.83
edge_03931,node_4134,node_4135,line,220kV,line_337,263.97
edge_03932,node_4135,node_4136,line,220kV,line_337,141.93
edge_03933,node_4136,node_4137,line,220kV,line_337,37.93
edge_03934,node_4137,node_4138,line,220kV,line_337,123.2
edge_03935,node_4138,node_4139,line,220kV,line_337,238.26
edge_03936,node_4139,node_4140,line,220kV,line_337,200.75
edge_03937,node_4140,node_4141,line,220kV,line_337,98.5
edge_03938,node_4141,node_4142,line,220kV,line_337,18.62
edge_03939,node_2136,node_4143,line,220kV,line_338,148.13
edge_03940,node_4143,node_4144,line,220kV,line_338,103.11
edge_03941,node_4144,node_4145,line,220kV,line_338,94.34
edge_03942,node_4145,node_4146,line,220kV,line_338,98.02
edge_03943,node_4146,node_4147,line,220kV,line_338,36.26
edge_03944,node_4147,node_4148,line,220kV,line_338,300.04
edge_03945,node_4148,node_4149,line,220kV,line_338,294.11
edge_03946,node_4149,node_4150,line,220kV,line_338,239.44
edge_03947,node_4150,node_4151,line,220kV,line_338,279.24
edge_03948,node_4151,node_4152,line,220kV,line_338,283.58
edge_03949,node_4152,node_4153,line,220kV,line_338,209.77
edge_03950,node_4153,node_4154,line,220kV,line_338,91.65
edge_03951,node_4154,node_4155,line,220kV,line_338,87.84
edge_03952,node_4155,node_4156,line,220kV,line_338,185.78
edge_03953,node_4156,node_4157,line,220kV,line_338,132.35
edge_03954,node_4157,node_4158,line,220kV,line_338,136.74
edge_03955,node_4158,node_4159,line,220kV,line_338,197.91
edge_03956,node_4159,node_4160,line,220kV,line_338,88.61
edge_03957,node_4160,node_4161,line,220kV,line_338,20.31
edge_03958,node_4161,node_4162,line,220kV,line_338,190.71
edge_03959,node_4162,node_4163,line,220kV,line_338,38.13
edge_03960,node_4163,node_4164,line,220kV,line_338,207.87
edge_03961,node_4164,node_4165,line,220kV,line_338,282.05
edge_03962,node_4165,node_4166,line,220kV,line_338,305.09
edge_03963,node_4166,node_4167,line,220kV,line_338,272.15
edge_03964,node_4167,node_4168,line,220kV,line_338,282.88
edge_03965,node_4168,node_4169,line,220kV,line_338,506.6
edge_03966,node_4169,node_4170,line,220kV,line_338,59.64
edge_03967,node_4170,node_4171,line,220kV,line_338,130.52
edge_03968,node_4171,node_4172,line,220kV,line_338,207.19
edge_03969,node_4172,node_4173,line,220kV,line_338,243.7
edge_03970,node_4173,node_4174,line,220kV,line_338,231.32
edge_03971,node_4174,node_4175,line,220kV,line_338,276.19
edge_03972,node_4175,node_4176,line,220kV,line_338,142.69
edge_03973,node_4176,node_4177,line,220kV,line_338,34.54
edge_03974,node_4177,node_4178,line,220kV,line_338,27.25
edge_03975,node_4178,node_4179,line,220kV,line_338,128.58
edge_03976,node_4179,node_4180,line,220kV,line_338,49.86
edge_03977,node_4180,node_4181,line,220kV,line_338,93.27
edge_03978,node_4181,node_4182,line,220kV,line_338,87.01
edge_03979,node_4182,node_3224,line,220kV,line_338,86.3
edge_03980,node_3224,node_4183,line,220kV,line_338,56.54
edge_03981,node_4183,node_4184,line,220kV,line_338,200.69
edge_03982,node_4184,node_4185,line,220kV,line_338,155.52
edge_03983,node_4185,node_4186,line,220kV,line_338,245.36
edge_03984,node_4186,node_4187,line,220kV,line_338,273.98
edge_03985,node_4187,node_4188,line,220kV,line_338,218.28
edge_03986,node_4188,node_4131,line,220kV,line_338,156.65
edge_03987,node_4131,node_4189,line,220kV,line_338,167.22
edge_03988,node_4189,node_4190,line,220kV,line_338,155.78
edge_03989,node_4190,node_4191,line,220kV,line_338,64.52
edge_03990,node_4191,node_4192,line,220kV,line_338,33.96
edge_03991,node_4192,node_4193,line,220kV,line_338,30.68
edge_03992,node_4193,node_4194,line,220kV,line_338,16.15
edge_03993,node_4194,node_4195,line,220kV,line_338,33.98
edge_03994,node_4195,node_4196,line,220kV,line_338,17.85
edge_03995,node_4196,node_4197,line,220kV,line_338,44.92
edge_03996,node_4197,node_4198,line,220kV,line_338,55.41
edge_03997,node_4198,node_4199,line,220kV,line_338,47.38
edge_03998,node_4199,node_4200,line,220kV,line_338,45.12
edge_03999,node_4200,node_4201,line,220kV,line_338,43.8
edge_04000,node_4201,node_4202,line,220kV,line_338,36.7
edge_04001,node_4202,node_4203,line,220kV,line_338,36.06
edge_04002,node_4203,node_4204,line,220kV,line_338,24.83
edge_04003,node_4204,node_4205,line,220kV,line_338,62.04
edge_04004,node_4205,node_4206,line,220kV,line_338,65.25
edge_04005,node_4206,node_4207,line,220kV,line_338,64.92
edge_04006,node_2890,node_4208,line,220kV,line_339,149.02
edge_04007,node_1985,node_4208,line,220kV,line_340,297.16
edge_04008,node_2890,node_4208,line,220kV,line_341,149.02
edge_04009,node_4209,node_4210,line,220kV,line_342,171.62
edge_04010,node_4210,node_4211,line,220kV,line_342,73.1
edge_04011,node_2239,node_4212,line,220kV,line_343,141.83
edge_04012,node_4212,node_4213,line,220kV,line_343,271.18
edge_04013,node_4213,node_4214,line,220kV,line_343,315.06
edge_04014,node_4214,node_4215,line,220kV,line_343,359.92
edge_04015,node_4215,node_4216,line,220kV,line_343,256.96
edge_04016,node_4216,node_4217,line,220kV,line_343,272.03
edge_04017,node_4217,node_4218,line,220kV,line_343,308.82
edge_04018,node_4218,node_4219,line,220kV,line_343,319.34
edge_04019,node_4219,node_3905,line,220kV,line_343,119.66
edge_04020,node_3905,node_4220,line,220kV,line_344,197.19
edge_04021,node_4220,node_4221,line,220kV,line_344,313.56
edge_04022,node_4221,node_4222,line,220kV,line_344,363.3
edge_04023,node_4222,node_4223,line,220kV,line_344,316.77
edge_04024,node_4223,node_4224,line,220kV,line_344,45.84
edge_04025,node_4224,node_4225,line,220kV,line_344,146.74
edge_04026,node_4225,node_4226,line,220kV,line_344,102.52
edge_04027,node_4226,node_4227,line,220kV,line_344,320.15
edge_04028,node_4227,node_4228,line,220kV,line_344,404.29
edge_04029,node_4228,node_1909,line,220kV,line_344,233.35
edge_04030,node_3546,node_4229,line,220kV,line_345,230.03
edge_04031,node_1356,node_4230,line,220kV,line_346,99.25
