node_id,latitude,longitude,category,metadata
node_0000,12.9362606,77.6237622,substation,"{""power"": ""substation""}"
node_0001,13.0119654,77.5752904,substation,"{""power"": ""substation""}"
node_0002,12.8988404,77.6214406,substation,"{""power"": ""substation""}"
node_0003,12.8998321,77.620203,substation,"{""power"": ""substation""}"
node_0004,12.8928529,77.613361,substation,"{""power"": ""substation""}"
node_0005,12.9414316,77.6945339,substation,"{""power"": ""substation""}"
node_0006,13.095548,77.5948785,substation,"{""power"": ""substation""}"
node_0007,12.8866386,77.5622186,substation,"{""power"": ""substation""}"
node_0008,12.9813158,77.6454392,substation,"{""building"": ""commercial"", ""power"": ""substation"", ""substation"": ""minor_distribution""}"
node_0009,12.9019721,77.64971683333333,substation_centroid,"{""frequency"": ""50"", ""location"": ""outdoor"", ""name"": ""HSR Layout Substation"", ""name:kn"": ""ಕರ್ನಾಟಕ ವಿದ್ಯುತ್ ಪ್ರಸರಣ ನಿಗಮ ನಿಯಮಿತ"", ""operator"": ""KPTCL"", ""power"": ""substation"", ""rating"": ""400 MVA"", ""ref"": ""1201001CE"", ""start_date"": ""1998-01-26"", ""substation"": ""transmission"", ""voltage"": ""220000;66000""}"
node_0010,12.907857171428573,77.58051394285714,substation_centroid,"{""name"": ""BESCOM Office"", ""name:kn"": ""ಬೆಂಗಳೂರು ನೀರು ಸರಬರಾಜು ಮತ್ತು ಒಳಚರಂಡಿ ಮಂಡಳಿ"", ""power"": ""substation""}"
node_0011,13.0290063,77.52529438333333,substation_centroid,"{""frequency"": ""50"", ""location"": ""outdoor"", ""name"": ""Peenya Substation"", ""name:kn"": ""ಪೀಣ್ಯ"", ""operator"": ""KPTCL"", ""power"": ""substation"", ""rating"": ""450 MVA"", ""ref"": ""1104001CE"", ""start_date"": ""1965-01-25"", ""substation"": ""transmission"", ""voltage"": ""220000;66000""}"
node_0012,13.044230216666664,77.55385376666666,substation_centroid,"{""name"": ""Gokula"", ""name:kn"": ""ಗೋಕುಲ"", ""power"": ""substation""}"
node_0013,13.03823214,77.55867373999999,substation_centroid,"{""name"": ""Mattikere"", ""name:kn"": ""ಮತ್ತಿಕೆರೆ"", ""power"": ""substation""}"
node_0014,12.995107323999997,77.712089616,substation_centroid,"{""barrier"": ""fence"", ""frequency"": ""50"", ""gas_insulated"": ""no"", ""location"": ""outdoor"", ""name"": ""Hoodi Substation"", ""name:kn"": ""ಹೂಡಿ"", ""operator"": ""KPTCL"", ""operator:wikidata"": ""Q17064153"", ""power"": ""substation"", ""rating"": ""1500 MVA"", ""ref"": ""1202002BC"", ""start_date"": ""1995-03-31"", ""substation"": ""transmission"", ""voltage"": ""400000;220000;66000""}"
node_0015,12.932477359999998,77.61308268,substation_centroid,"{""frequency"": ""50"", ""location"": ""outdoor"", ""name"": ""Adugodi Substation"", ""name:kn"": ""ಕರ್ನಾಟಕ ವಿದ್ಯುತ್ ಪ್ರಸರಣ ನಿಗಮ ನಿಯಮಿತ"", ""operator"": ""KPTCL"", ""operator:wikidata"": ""Q17064153"", ""power"": ""substation"", ""rating"": ""60 MVA"", ""ref"": ""1201011EF"", ""start_date"": ""1964-08-19"", ""substation"": ""transmission"", ""voltage"": ""66000;11000""}"
node_0016,13.03678752,77.56645474,substation_centroid,"{""frequency"": ""50"", ""location"": ""outdoor"", ""name"": ""RMV Layout"", ""operator"": ""KPTCL"", ""power"": ""substation"", ""substation"": ""distribution"", ""voltage"": ""66000""}"
node_0017,12.9954899,77.7478634,substation_centroid,"{""barrier"": ""wall"", ""power"": ""substation""}"
node_0018,12.962862625,77.64901552500001,substation_centroid,"{""name"": ""BESCOM Electrical Substation"", ""name:kn"": ""ಬೆಂಗಳೂರು ವಿದ್ಯುತ್ ಸರಬರಾಜು ಕಂಪೆನಿ"", ""operator"": ""BESCOM"", ""power"": ""substation""}"
node_0019,12.9712652,77.60493808,substation_centroid,"{""frequency"": ""50"", ""location"": ""outdoor"", ""name"": ""East Division Compound"", ""name:kn"": ""ವಿಶ್ವೇಶ್ವರಯ್ಯ"", ""official_name"": ""Vishweshwaraiah Substation"", ""operator"": ""KPTCL"", ""power"": ""substation"", ""rating"": ""63 MVA"", ""ref"": ""1101001EF"", ""start_date"": ""2010-12-20"", ""substation"": ""transmission"", ""voltage"": ""66000;11000""}"
node_0020,12.965163875,77.6365084,substation_centroid,"{""operator"": ""BESCOM"", ""power"": ""substation""}"
node_0021,12.95437214,77.59399583999999,substation_centroid,"{""frequency"": ""50"", ""landuse"": ""industrial"", ""location"": ""outdoor"", ""name"": ""BMTC Substation"", ""name:kn"": ""ಬೆಂ.ಮ.ಸಾ.ಸಂ."", ""operator"": ""KPTCL"", ""operator:wikidata"": ""Q17064153"", ""power"": ""substation"", ""substation"": ""distribution"", ""voltage"": ""66000""}"
node_0022,12.941400239999998,77.59158228000001,substation_centroid,"{""frequency"": ""50"", ""location"": ""outdoor"", ""name"": ""NIMHANS Substation"", ""name:kn"": ""ನಿಹ್ಮಾನ್ಸ್"", ""operator"": ""KPTCL"", ""operator:wikidata"": ""Q17064153"", ""power"": ""substation"", ""rating"": ""300 MVA"", ""ref"": ""1201003CE"", ""start_date"": ""2012-02-26"", ""substation"": ""transmission"", ""voltage"": ""220000;66000""}"
node_0023,12.97678602,77.71763628,substation_centroid,"{""addr:plot"": ""132B"", ""frequency"": ""50"", ""location"": ""outdoor"", ""name"": ""EPIP Whitefield Substation"", ""operator"": ""KPTCL"", ""operator:wikidata"": ""Q17064153"", ""power"": ""substation"", ""rating"": ""300 MVA"", ""ref"": ""1101002CE"", ""start_date"": ""2014-01-10"", ""substation"": ""distribution"", ""voltage"": ""220000;66000""}"
node_0024,13.011060262500001,77.5382632875,substation_centroid,"{""frequency"": ""50"", ""location"": ""outdoor"", ""name"": ""Nandhini Layout Substation"", ""name:kn"": ""ನಂದಿನಿ ಬಡಾವಣೆ"", ""operator"": ""KPTCL"", ""power"": ""substation"", ""rating"": ""51.5 MVA"", ""ref"": ""1104012EF"", ""start_date"": ""1990-06-08"", ""substation"": ""distribution"", ""voltage"": ""66000;11000""}"
node_0025,12.95367866,77.6413673,substation_centroid,"{""frequency"": ""50"", ""location"": ""outdoor"", ""name"": ""Golf Links Substation"", ""operator"": ""KPTCL"", ""operator:wikidata"": ""Q17064153"", ""power"": ""substation"", ""rating"": ""63 MVA"", ""ref"": ""1202020EF"", ""start_date"": ""2009-03-31"", ""substation"": ""transmission"", ""voltage"": ""66000;11000""}"
node_0026,12.99671208,77.7278461,substation_centroid,"{""name"": ""Hoody Traction"", ""operator"": ""South Western Railway"", ""operator:short"": ""SWR"", ""operator:wikidata"": ""Q3595518"", ""power"": ""substation"", ""substation"": ""traction"", ""voltage"": ""220000""}"
node_0027,13.01763525,77.507346825,substation_centroid,"{""power"": ""substation""}"
node_0028,12.918918657142855,77.47462448571427,substation_centroid,"{""name"": ""Kengeri S Town"", ""name:kn"": ""ದಕ್ಷಿಣ ಕೆಂಗೇರಿ"", ""power"": ""substation""}"
node_0029,12.984655299999998,77.693806775,substation_centroid,"{""name"": ""Bagmane WTC"", ""power"": ""substation""}"
node_0030,12.89852372,77.55693554,substation_centroid,"{""frequency"": ""50"", ""location"": ""outdoor"", ""name"": ""ISRO Layout Substation"", ""name:kn"": ""ಭಾರತೀಯ ಬಾಹ್ಯಾಕಾಶ ಸಂಶೋಧನೆ ಸಂಸ್ಥೆ"", ""operator"": ""KPTCL"", ""power"": ""substation"", ""rating"": ""40 MVA"", ""ref"": ""1204018EF"", ""start_date"": ""2007-01-01"", ""substation"": ""distribution"", ""voltage"": ""66000;11000""}"
node_0031,12.873784412500001,77.65787465000001,substation_centroid,"{""frequency"": ""50"", ""location"": ""outdoor"", ""name"": ""Naganathapura Substation"", ""name:kn"": ""ನಾಗನಾಥಪುರ"", ""operator"": ""KPTCL"", ""operator:wikidata"": ""Q17064153"", ""power"": ""substation"", ""rating"": ""71.5 MVA"", ""ref"": ""1201002EF"", ""start_date"": ""1999-10-30"", ""substation"": ""distribution"", ""voltage"": ""66000;11000""}"
node_0032,12.896783836363635,77.54699791818183,substation_centroid,"{""frequency"": ""50"", ""location"": ""outdoor"", ""name"": ""Subramanyapura Substation"", ""name:kn"": ""ಸುಬ್ರಮಣ್ಯಪುರ"", ""operator"": ""KPTCL"", ""power"": ""substation"", ""rating"": ""40MVA"", ""ref"": ""1204001EF"", ""start_date"": ""1970-04-30"", ""substation"": ""distribution"", ""voltage"": ""66000;11000""}"
node_0033,12.896149941666664,77.546667575,substation_centroid,"{""frequency"": ""50"", ""location"": ""outdoor"", ""name"": ""Subramanyapura Substation"", ""name:kn"": ""ಸುಬ್ರಮಣ್ಯಪುರ"", ""operator"": ""KPTCL"", ""power"": ""substation"", ""rating"": ""400 MVA"", ""ref"": ""1204001CE"", ""start_date"": ""1986-10-02"", ""substation"": ""distribution"", ""voltage"": ""220000;66000""}"
node_0034,12.936467471428573,77.52071487142858,substation_centroid,"{""frequency"": ""50"", ""location"": ""outdoor"", ""name"": ""Vrishabavathi Valley"", ""name:kn"": ""ವೃಷಭಾವತಿ ಕಣಿವೆ"", ""operator"": ""KPTCL"", ""operator:wikidata"": ""Q17064153"", ""power"": ""substation"", ""rating"": ""63 MVA"", ""ref"": ""1103003EF"", ""start_date"": ""2009-03-04"", ""substation"": ""distribution"", ""voltage"": ""66000;11000""}"
node_0035,13.0481497,77.61927862,substation_centroid,"{""name"": ""Manyata"", ""name:kn"": ""ಮಾನ್ಯತ"", ""power"": ""substation""}"
node_0036,13.1154481,77.5844373,intermediate_path_node,"{""frequency"": ""50"", ""location"": ""outdoor"", ""name"": ""Puttenahalli Substation"", ""name:kn"": ""ಪುಟ್ಟೇನಹಳ್ಳಿ"", ""operator"": ""KPTCL"", ""power"": ""substation"", ""rating"": ""63 MVA"", ""ref"": ""1102002EF"", ""start_date"": ""2015-12-28"", ""substation"": ""distribution"", ""voltage"": ""66000;11000""}"
node_0037,13.1147874,77.5846782,intermediate_path_node,"{""frequency"": ""50"", ""location"": ""outdoor"", ""name"": ""Puttenahalli Substation"", ""name:kn"": ""ಪುಟ್ಟೇನಹಳ್ಳಿ"", ""operator"": ""KPTCL"", ""power"": ""substation"", ""rating"": ""63 MVA"", ""ref"": ""1102002EF"", ""start_date"": ""2015-12-28"", ""substation"": ""distribution"", ""voltage"": ""66000;11000""}"
node_0038,13.1143197,77.5833261,intermediate_path_node,"{""frequency"": ""50"", ""location"": ""outdoor"", ""name"": ""Puttenahalli Substation"", ""name:kn"": ""ಪುಟ್ಟೇನಹಳ್ಳಿ"", ""operator"": ""KPTCL"", ""power"": ""substation"", ""rating"": ""63 MVA"", ""ref"": ""1102002EF"", ""start_date"": ""2015-12-28"", ""substation"": ""distribution"", ""voltage"": ""66000;11000""}"
node_0039,13.1148204,77.5831436,intermediate_path_node,"{""frequency"": ""50"", ""location"": ""outdoor"", ""name"": ""Puttenahalli Substation"", ""name:kn"": ""ಪುಟ್ಟೇನಹಳ್ಳಿ"", ""operator"": ""KPTCL"", ""power"": ""substation"", ""rating"": ""63 MVA"", ""ref"": ""1102002EF"", ""start_date"": ""2015-12-28"", ""substation"": ""distribution"", ""voltage"": ""66000;11000""}"
node_0040,13.1149276,77.5834537,intermediate_path_node,"{""frequency"": ""50"", ""location"": ""outdoor"", ""name"": ""Puttenahalli Substation"", ""name:kn"": ""ಪುಟ್ಟೇನಹಳ್ಳಿ"", ""operator"": ""KPTCL"", ""power"": ""substation"", ""rating"": ""63 MVA"", ""ref"": ""1102002EF"", ""start_date"": ""2015-12-28"", ""substation"": ""distribution"", ""voltage"": ""66000;11000""}"
node_0041,13.1150877,77.5833953,intermediate_path_node,"{""frequency"": ""50"", ""location"": ""outdoor"", ""name"": ""Puttenahalli Substation"", ""name:kn"": ""ಪುಟ್ಟೇನಹಳ್ಳಿ"", ""operator"": ""KPTCL"", ""power"": ""substation"", ""rating"": ""63 MVA"", ""ref"": ""1102002EF"", ""start_date"": ""2015-12-28"", ""substation"": ""distribution"", ""voltage"": ""66000;11000""}"
node_0042,13.1154739,77.5845117,intermediate_path_node,"{""frequency"": ""50"", ""location"": ""outdoor"", ""name"": ""Puttenahalli Substation"", ""name:kn"": ""ಪುಟ್ಟೇನಹಳ್ಳಿ"", ""operator"": ""KPTCL"", ""power"": ""substation"", ""rating"": ""63 MVA"", ""ref"": ""1102002EF"", ""start_date"": ""2015-12-28"", ""substation"": ""distribution"", ""voltage"": ""66000;11000""}"
node_0043,12.988816719999999,77.70372698,substation_centroid,"{""power"": ""substation""}"
node_0044,13.028629614285714,77.6103069,substation_centroid,"{""frequency"": ""50"", ""location"": ""outdoor"", ""name"": ""LR Bande Substation"", ""operator"": ""KPTCL"", ""power"": ""substation"", ""rating"": ""51.5 MVA"", ""ref"": ""1102016EF"", ""start_date"": ""2003-07-25"", ""substation"": ""transmission"", ""voltage"": ""66000;11000""}"
node_0045,13.114379072727273,77.58057355454544,substation_centroid,"{""frequency"": ""50"", ""location"": ""outdoor"", ""name"": ""Puttenahalli Substation"", ""name:kn"": ""ಪುಟ್ಟೇನಹಳ್ಳಿ"", ""operator"": ""KPTCL"", ""power"": ""substation"", ""rating"": ""300 MVA"", ""ref"": ""1102002CE"", ""start_date"": ""2015-12-28"", ""substation"": ""distribution"", ""voltage"": ""220000;66000""}"
node_0046,13.030337608333335,77.58245290833334,substation_centroid,"{""frequency"": ""50"", ""location"": ""outdoor"", ""name"": ""Hebbal Substation"", ""name:kn"": ""ಹೆಬ್ಬಾಳು"", ""operator"": ""KPTCL"", ""power"": ""substation"", ""rating"": ""200 MVA"", ""ref"": ""1102001CE"", ""start_date"": ""1994-07-02"", ""substation"": ""distribution"", ""voltage"": ""220000;66000""}"
node_0047,13.05030185,77.547149875,substation_centroid,"{""name"": ""HMT"", ""name:kn"": ""ಎಚ್‌ಎಂಟಿ"", ""power"": ""substation""}"
node_0048,13.045304725000001,77.5829667,substation_centroid,"{""power"": ""substation""}"
node_0049,13.065565349999998,77.58209830000001,substation_centroid,"{""name"": ""Sahakar Nagara"", ""name:kn"": ""ಸಹಕಾರನಗರ"", ""operator"": ""KPTCL"", ""power"": ""substation"", ""substation"": ""transmission"", ""voltage"": ""220000;66000""}"
node_0050,13.025741016666666,77.58121008333333,substation_centroid,"{""name"": ""CPRI"", ""name:kn"": ""ಕೇಂದ್ರೀಯ ವಿದ್ಯುತ್"", ""power"": ""substation"", ""voltage"": ""220000""}"
node_0051,13.072811788888888,77.52876335555555,substation_centroid,"{""name"": ""Abbigere"", ""name:kn"": ""ಅಬ್ಬಿಗೆರೆ"", ""power"": ""substation""}"
node_0052,12.927456160000002,77.66800476,substation_centroid,"{""name"": ""Electric Sub-Station"", ""operator"": ""BESCOM"", ""power"": ""substation""}"
node_0053,12.982861699999999,77.5756474125,substation_centroid,"{""frequency"": ""50"", ""location"": ""outdoor"", ""name"": ""A Station"", ""operator"": ""KPTCL"", ""power"": ""substation"", ""substation"": ""transmission"", ""voltage"": ""220000""}"
node_0054,13.043808090909089,77.52622846363637,substation_centroid,"{""barrier"": ""fence"", ""power"": ""substation""}"
node_0055,13.0435946,77.526070975,substation_centroid,"{""barrier"": ""fence"", ""name"": ""Wellcast Steel"", ""power"": ""substation""}"
node_0056,12.922064025000001,77.560722525,substation_centroid,"{""frequency"": ""50"", ""location"": ""outdoor"", ""name"": ""Padmanabha Nagar Substation"", ""name:kn"": ""ಕರ್ನಾಟಕ ವಿದ್ಯುತ್ ಪ್ರಸರಣ ನಿಗಮ"", ""operator"": ""KPTCL"", ""power"": ""substation"", ""rating"": ""51.5 MVA"", ""ref"": ""1204017EF"", ""start_date"": ""2004-02-26"", ""substation"": ""distribution"", ""voltage"": ""66000;11000""}"
node_0057,12.947853174999999,77.6444617,substation_centroid,"{""power"": ""substation""}"
node_0058,13.070409887499999,77.5808737875,substation_centroid,"{""power"": ""substation""}"
node_0059,13.030005100000002,77.62780028333333,substation_centroid,"{""fixme"": ""power line connections to be added"", ""frequency"": ""50"", ""location"": ""outdoor"", ""name"": ""HBR Layout"", ""name:kn"": ""ಹೆಣ್ಣೂರು ಬಳ್ಳಾರಿ ರಸ್ತೆ ಲೇಔಟ್"", ""operator"": ""KPTCL"", ""power"": ""substation"", ""rating"": ""60 MVA"", ""ref"": ""1102019EF"", ""start_date"": ""2007-01-31"", ""substation"": ""transmission"", ""voltage"": ""220000;66000;11000""}"
node_0060,12.981940675,77.574726,substation_centroid,"{""power"": ""substation""}"
node_0061,12.9358977,77.52073775,substation_centroid,"{""building"": ""yes"", ""name"": ""KPTCL Ramanagara Circle"", ""operator"": ""KPTCL"", ""operator:wikidata"": ""Q17064153"", ""power"": ""substation""}"
node_0062,12.977363359999998,77.66462702,substation_centroid,"{""power"": ""substation""}"
node_0063,12.986229349999999,77.6746292,substation_centroid,"{""power"": ""substation""}"
node_0064,12.9740318,77.6137554,substation_centroid,"{""frequency"": ""50"", ""location"": ""outdoor"", ""name"": ""B Station"", ""operator"": ""KPTCL"", ""power"": ""substation"", ""start_date"": ""1905"", ""substation"": ""distribution"", ""voltage"": ""66000""}"
node_0065,13.05056965,77.58089135,substation_centroid,"{""power"": ""substation""}"
node_0066,13.10358774,77.5855923,substation_centroid,"{""name"": ""Federal Moghul"", ""power"": ""substation""}"
node_0067,13.10926296,77.57748008,substation_centroid,"{""frequency"": ""50"", ""location"": ""outdoor"", ""name"": ""KHB Yelahanka"", ""operator"": ""KPTCL"", ""power"": ""substation"", ""rating"": ""40 MVA"", ""ref"": ""1102015EF"", ""start_date"": ""2002-12-30"", ""substation"": ""distribution"", ""voltage"": ""66000;11000""}"
node_0068,13.107202175,77.584964525,substation_centroid,"{""name"": ""Wheel & Axle"", ""name:kn"": ""ಗಾಲಿ ಕಾರ್ಖಾನೆ"", ""power"": ""substation"", ""voltage"": ""66000;11000""}"
node_0069,13.09866345,77.57031865,substation_centroid,"{""landuse"": ""industrial"", ""name"": ""Yelahanka"", ""name:kn"": ""ಯಲಹಂಕ"", ""power"": ""substation""}"
node_0070,12.963915150000002,77.614910775,substation_centroid,"{""frequency"": ""50"", ""location"": ""outdoor"", ""name"": ""Austin Town Substation"", ""name:kn"": ""ಆಸ್ಟಿನ್ ರಸ್ತೆ"", ""operator"": ""KPTCL"", ""power"": ""substation"", ""rating"": ""60 MVA"", ""ref"": ""1201013EF"", ""start_date"": ""1995-12-02"", ""substation"": ""transmission"", ""voltage"": ""66000;11000""}"
node_0071,12.9431522,77.62396508,substation_centroid,"{""frequency"": ""50"", ""location"": ""outdoor"", ""name"": ""Koramangala Substation"", ""name:kn"": ""ಕೋರಮಂಗಲ"", ""operator"": ""KPTCL"", ""operator:wikidata"": ""Q17064153"", ""power"": ""substation"", ""rating"": ""40 MVA"", ""ref"": ""120104EF"", ""start_date"": ""1996-04-12"", ""substation"": ""transmission"", ""voltage"": ""66000;11000""}"
node_0072,12.92690344,77.67960681999999,substation_centroid,"{""name"": ""KPTCL Power substation"", ""name:kn"": ""ಕ.ವಿ.ಪ್ರ.ನಿ.ನಿ."", ""operator"": ""KPTCL"", ""operator:wikidata"": ""Q17064153"", ""power"": ""substation""}"
node_0073,13.02836665,77.53350195,substation_centroid,"{""power"": ""substation""}"
node_0074,13.054275849999998,77.56116696666666,substation_centroid,"{""name"": ""BEL"", ""power"": ""substation""}"
node_0075,13.061573657142857,77.50618455714286,substation_centroid,"{""name"": ""MEI Layout"", ""operator"": ""KPTCL"", ""power"": ""substation""}"
node_0076,13.0355054,77.53148548,substation_centroid,"{""name"": ""Platinum City Power Station"", ""power"": ""substation""}"
node_0077,12.95869995,77.52871337500001,substation_centroid,"{""frequency"": ""50"", ""location"": ""outdoor"", ""name"": ""Chandra Layout"", ""name:kn"": ""ಚಂದ್ರ ಬಡಾವಣೆ"", ""operator"": ""KPTCL"", ""power"": ""substation"", ""substation"": ""distribution"", ""voltage"": ""66000""}"
node_0078,13.001134466666665,77.54822606666666,substation_centroid,"{""frequency"": ""50"", ""location"": ""outdoor"", ""name"": ""Mahalakshmi Layout"", ""name:kn"": ""ಮಹಾಲಕ್ಷ್ಮಿ ಬಡಾವಣೆ"", ""operator"": ""KPTCL"", ""power"": ""substation"", ""substation"": ""distribution"", ""voltage"": ""66000""}"
node_0079,12.980224849999999,77.53630725,substation_centroid,"{""frequency"": ""50"", ""location"": ""outdoor"", ""name"": ""Vijaya Nagar"", ""name:kn"": ""ವಿಜಯನಗರ"", ""operator"": ""KPTCL"", ""power"": ""substation"", ""substation"": ""distribution"", ""voltage"": ""66000""}"
node_0080,12.895203666666667,77.577766,substation_centroid,"{""power"": ""substation""}"
node_0081,12.9200785,77.59916818333333,substation_centroid,"{""frequency"": ""50"", ""location"": ""outdoor"", ""name"": ""Jayadeva"", ""name:kn"": ""ಜಯದೇವ"", ""operator"": ""KPTCL"", ""power"": ""substation"", ""substation"": ""transmission"", ""voltage"": ""66000;11000""}"
node_0082,13.054294350000001,77.62393875000001,substation_centroid,"{""power"": ""substation""}"
node_0083,12.991385933333333,77.65424,substation_centroid,"{""power"": ""substation""}"
node_0084,12.968585769999999,77.66235879999999,substation_centroid,"{""frequency"": ""50"", ""location"": ""outdoor"", ""name"": ""HAL Substation"", ""operator"": ""KPTCL"", ""power"": ""substation"", ""rating"": ""63 MVA"", ""ref"": ""1202001EF"", ""start_date"": ""1967-01-01"", ""substation"": ""distribution"", ""voltage"": ""66000;11000""}"
node_0085,13.020369725000002,77.649053525,substation_centroid,"{""frequency"": ""50"", ""location"": ""outdoor"", ""name"": ""Banaswadi Substation"", ""name:kn"": ""ಬನಸ್ವಾಡಿ"", ""operator"": ""KPTCL"", ""power"": ""substation"", ""rating"": ""83 MVA"", ""ref"": ""1102013EF"", ""start_date"": ""1989-05-01"", ""substation"": ""distribution"", ""voltage"": ""66000;11000""}"
node_0086,12.94774444,77.69844925999999,substation_centroid,"{""landuse"": ""industrial"", ""location"": ""outdoor"", ""operator"": ""KPTCL"", ""operator:wikidata"": ""Q17064153"", ""power"": ""substation""}"
node_0087,13.115991575,77.5821139,substation_centroid,"{""name"": ""Yelahanka CCPP"", ""operator"": ""KPCL"", ""power"": ""substation"", ""substation"": ""generation"", ""voltage"": ""220000""}"
node_0088,12.93242315,77.73204297500001,substation_centroid,"{""power"": ""substation""}"
node_0089,12.9923479,77.5992706,substation_centroid,"{""frequency"": ""50"", ""location"": ""outdoor"", ""name"": ""C Station"", ""operator"": ""KPTCL"", ""power"": ""substation"", ""start_date"": ""1905"", ""substation"": ""distribution"", ""voltage"": ""66000""}"
node_0090,13.015123533333332,77.56354856666665,substation_centroid,"{""alt_name"": ""IISc Substation"", ""frequency"": ""50"", ""location"": ""indoor"", ""name"": ""IISc MUSS"", ""operator"": ""KPTCL"", ""power"": ""substation"", ""substation"": ""distribution"", ""voltage"": ""66000""}"
node_0091,12.873664385714283,77.56585394285715,substation_centroid,"{""frequency"": ""50"", ""location"": ""outdoor"", ""name"": ""Khodays Glass Factory Substation"", ""operator"": ""KPTCL"", ""power"": ""substation"", ""rating"": ""400 MVA"", ""ref"": ""1204002CE"", ""start_date"": ""1986-10-02"", ""substation"": ""distribution"", ""voltage"": ""220000;66000""}"
node_0092,12.904451899999998,77.66425194,substation_centroid,"{""power"": ""substation""}"
node_0093,13.076966225,77.63487964999999,substation_centroid,"{""power"": ""substation""}"
node_0094,13.022486749999999,77.57641050000001,substation_centroid,"{""fixme"": ""Is this really a substation?"", ""power"": ""substation""}"
node_0095,13.018861875,77.5721032,substation_centroid,"{""fixme"": ""Is this really a substation?"", ""power"": ""substation""}"
node_0096,12.9433022,77.6676871,substation_centroid,"{""power"": ""substation""}"
node_0097,13.001851666666667,77.61912679999999,substation_centroid,"{""name"": ""Pottery Road"", ""name:kn"": ""ಪಾಟೆರಿ ರಸ್ತೆ"", ""operator"": ""KPTCL"", ""power"": ""substation"", ""ref"": ""1102011EF"", ""substation"": ""distribution"", ""voltage"": ""66000;11000""}"
node_0098,13.014746375000001,77.55550955,substation_centroid,"{""frequency"": ""50"", ""location"": ""outdoor"", ""name"": ""Brigade Gateway Substation"", ""operator"": ""KPTCL"", ""power"": ""substation"", ""rating"": ""40 MVA"", ""ref"": ""BGW"", ""start_date"": ""1101011EF"", ""substation"": ""distribution"", ""voltage"": ""66000;11000""}"
node_0099,12.930694339999999,77.69670117000001,substation_centroid,"{""frequency"": ""50"", ""location"": ""outdoor"", ""name"": ""Vikas Tech Park Substation"", ""operator"": ""KTPCL"", ""power"": ""substation"", ""rating"": ""300 MVA"", ""ref"": ""1202003CE"", ""start_date"": ""2017-03-05"", ""substation"": ""distribution"", ""voltage"": ""220000;66000""}"
node_0100,12.981657066666665,77.51906441666667,substation_centroid,"{""power"": ""substation""}"
node_0101,12.9378038625,77.69728285000001,substation_centroid,"{""name"": ""Exora"", ""operator"": ""KTPCL"", ""power"": ""substation"", ""substation"": ""transmission"", ""voltage"": ""220000;66000""}"
node_0102,12.967572659999998,77.7218574,substation_centroid,"{""power"": ""substation""}"
node_0103,13.06852236,77.58833150000001,substation_centroid,"{""location"": ""outdoor"", ""name"": ""L&T Substation"", ""power"": ""substation"", ""substation"": ""minor_distribution""}"
node_0104,12.874996880000001,77.61177616,substation_centroid,"{""location"": ""outdoor"", ""operator"": ""KPTCL"", ""power"": ""substation"", ""substation"": ""minor_distribution"", ""voltage"": ""66000;11000""}"
node_0105,13.034470875,77.50022555000001,substation_centroid,"{""location"": ""outdoor"", ""name"": ""KPTCL HMT Layout"", ""operator"": ""KPTCL"", ""power"": ""substation"", ""voltage"": ""66000""}"
node_0106,12.97534852,77.60420518,substation_centroid,"{""power"": ""substation""}"
node_0107,12.969856075,77.59169474999999,substation_centroid,"{""frequency"": ""50"", ""location"": ""indoor"", ""name"": ""Kanteerava Stadium"", ""operator"": ""KPTCL"", ""power"": ""substation"", ""rating"": ""63 MVA"", ""ref"": ""1101014EF"", ""start_date"": ""2014-01-10"", ""substation"": ""distribution"", ""voltage"": ""66000;11000""}"
node_0108,12.9642275,77.57297375,substation_centroid,"{""alt_name"": ""A Station"", ""frequency"": ""50"", ""location"": ""outdoor"", ""name"": ""Victoria Hospital Substation"", ""name:kn"": ""ವಿಕ್ಟೋರಿಯಾ ಆಸ್ಪತ್ರೆ"", ""operator"": ""KPTCL"", ""power"": ""substation"", ""start_date"": ""1905"", ""substation"": ""distribution"", ""voltage"": ""66000""}"
node_0109,12.96689025714286,77.54580274285715,substation_centroid,"{""frequency"": ""50"", ""location"": ""outdoor"", ""name"": ""Telecom Layout Substation"", ""name:kn"": ""ಟೆಲಿಕಾಂ ಬಡಾವಣೆ"", ""operator"": ""KPTCL"", ""power"": ""substation"", ""substation"": ""distribution"", ""voltage"": ""66000""}"
node_0110,12.9787404,77.503517125,substation_centroid,"{""frequency"": ""50"", ""location"": ""outdoor"", ""name"": ""Srigandhakavalu"", ""name:kn"": ""ಶ್ರೀಗಂಧಕಾವಲು"", ""operator"": ""KPTCL"", ""power"": ""substation"", ""substation"": ""distribution"", ""voltage"": ""66000""}"
node_0111,12.952925875,77.57344992499999,substation_centroid,"{""frequency"": ""50"", ""location"": ""outdoor"", ""name"": ""National College Substation"", ""name:kn"": ""ರಾಷ್ಟ್ರೀಯ ಕಾಲೇಜು"", ""operator"": ""KPTCL"", ""operator:wikidata"": ""Q17064153"", ""power"": ""substation"", ""rating"": ""63 MVA"", ""ref"": ""1101015EF"", ""start_date"": ""2015-01-28"", ""substation"": ""distribution"", ""voltage"": ""66000;11000""}"
node_0112,12.93231715,77.58335995,substation_centroid,"{""frequency"": ""50"", ""location"": ""indoor"", ""name"": ""Jayanagar Substation"", ""name:kn"": ""ಜಯನಗರ"", ""operator"": ""KPTCL"", ""power"": ""substation"", ""rating"": ""63 MVA"", ""ref"": ""1101013EF"", ""start_date"": ""2013-11-13"", ""substation"": ""distribution"", ""voltage"": ""66000;11000""}"
node_0113,12.945757642857142,77.53099698571428,substation_centroid,"{""frequency"": ""50"", ""location"": ""indoor"", ""name"": ""REMCO"", ""operator"": ""KPTCL"", ""power"": ""substation"", ""rating"": ""63 MVA"", ""ref"": ""110102EF"", ""start_date"": ""2010-12-03"", ""substation"": ""distribution"", ""voltage"": ""66000;11000""}"
node_0114,12.971695757142855,77.60479197142857,substation_centroid,"{""frequency"": ""50"", ""location"": ""outdoor"", ""name"": ""East Division Compound"", ""name:kn"": ""ವಿಶ್ವೇಶ್ವರಯ್ಯ"", ""official_name"": ""Vishweshwaraiah Substation"", ""operator"": ""KPTCL"", ""power"": ""substation"", ""rating"": ""300 MVA"", ""ref"": ""1101001CE"", ""start_date"": ""2010-12-20"", ""substation"": ""transmission"", ""voltage"": ""220000;66000""}"
node_0115,12.997899583333336,77.62370215,substation_centroid,"{""frequency"": ""50"", ""location"": ""outdoor"", ""name"": ""ITC Substation"", ""power"": ""substation"", ""substation"": ""transmission"", ""voltage"": ""66000;11000""}"
node_0116,12.929152725000002,77.60965755,substation_centroid,"{""frequency"": ""50"", ""location"": ""outdoor"", ""name"": ""St Johns Wood Substation"", ""operator"": ""KPTCL"", ""operator:wikidata"": ""Q17064153"", ""power"": ""substation"", ""rating"": ""40 MVA"", ""ref"": ""1201021EF"", ""start_date"": ""2009-03-30"", ""substation"": ""transmission"", ""voltage"": ""66000;11000""}"
node_0117,12.915760866666666,77.543343,substation_centroid,"{""frequency"": ""50"", ""location"": ""outdoor"", ""name"": ""Arehalli"", ""name:kn"": ""ಅರೆಹಳ್ಳಿ"", ""operator"": ""KPTCL"", ""power"": ""substation"", ""rating"": ""40 MVA"", ""ref"": ""1204014EF"", ""start_date"": ""1999-11-04"", ""substation"": ""distribution"", ""voltage"": ""66000;11000""}"
node_0118,12.934692960000001,77.53866476,substation_centroid,"{""frequency"": ""50"", ""location"": ""outdoor"", ""name"": ""Banashankari"", ""name:kn"": ""ಬನಶಂಕರಿ"", ""operator"": ""KPTCL"", ""power"": ""substation"", ""rating"": ""83 MVA"", ""ref"": ""1204011EF"", ""start_date"": ""1987-01-24"", ""substation"": ""distribution"", ""voltage"": ""66000;11000""}"
node_0119,12.91412398,77.528515,substation_centroid,"{""frequency"": ""50"", ""location"": ""outdoor"", ""name"": ""Rajajeshwari Nagar"", ""operator"": ""KPTCL"", ""power"": ""substation"", ""rating"": ""40 MVA"", ""ref"": ""1204013EF"", ""start_date"": ""1998-12-31"", ""substation"": ""distribution"", ""voltage"": ""66000;11000""}"
node_0120,12.935677400000001,77.52059886666666,substation_centroid,"{""frequency"": ""50"", ""location"": ""outdoor"", ""name"": ""Vrishabavathi Valley Substation"", ""name:kn"": ""ವೃಷಭಾವತಿ ಕಣಿವೆ"", ""operator"": ""KPTCL"", ""operator:wikidata"": ""Q17064153"", ""power"": ""substation"", ""rating"": ""300MVA"", ""ref"": ""1103003CE"", ""start_date"": ""2009-03-04"", ""substation"": ""distribution"", ""voltage"": ""220000;66000""}"
node_0121,13.052910383333336,77.61502986666666,substation_centroid,"{""frequency"": ""50"", ""landuse"": ""industrial"", ""location"": ""outdoor"", ""name"": ""Manyata Substation"", ""name:kn"": ""ಮಾನ್ಯತ"", ""operator"": ""KPTCL"", ""power"": ""substation"", ""rating"": ""500 MVA"", ""ref"": ""1102018BC"", ""substation"": ""distribution"", ""voltage"": ""220000;66000""}"
node_0122,12.930123333333333,77.69659588333333,substation_centroid,"{""frequency"": ""50"", ""location"": ""outdoor"", ""name"": ""Vikas Tech Park Substation"", ""operator"": ""KTPCL"", ""power"": ""substation"", ""rating"": ""63 MVA"", ""ref"": ""1202003EF"", ""start_date"": ""2017-03-05"", ""substation"": ""distribution"", ""voltage"": ""66000;11000""}"
node_0123,12.96865255,77.6614372,substation_centroid,"{""frequency"": ""50"", ""location"": ""outdoor"", ""name"": ""HAL Substation"", ""operator"": ""KPTCL"", ""power"": ""substation"", ""rating"": ""300 MVA"", ""ref"": ""1202001CE"", ""start_date"": ""2008-08-31"", ""substation"": ""distribution"", ""voltage"": ""220000;66000""}"
node_0124,12.941125275000001,77.59153774999999,substation_centroid,"{""frequency"": ""50"", ""location"": ""outdoor"", ""name"": ""Nimhans Substation"", ""name:kn"": ""ನಿಹ್ಮಾನ್ಸ್"", ""operator"": ""KPTCL"", ""operator:wikidata"": ""Q17064153"", ""power"": ""substation"", ""rating"": ""40 MVA"", ""ref"": ""1201003EF"", ""start_date"": ""2004-02-26"", ""substation"": ""transmission"", ""voltage"": ""66000;11000""}"
node_0125,12.8745713,77.65788098333333,substation_centroid,"{""frequency"": ""50"", ""location"": ""outdoor"", ""name"": ""Naganathapura Substation"", ""name:kn"": ""ನಾಗನಾಥಪುರ"", ""operator"": ""KPTCL"", ""operator:wikidata"": ""Q17064153"", ""power"": ""substation"", ""rating"": ""200 MVA"", ""ref"": ""1201002CE"", ""start_date"": ""2009-05-29"", ""substation"": ""distribution"", ""voltage"": ""220000;66000""}"
node_0126,12.903040242857143,77.64956517142858,substation_centroid,"{""frequency"": ""50"", ""location"": ""outdoor"", ""name"": ""HSR Layout Substation"", ""name:kn"": ""ಕರ್ನಾಟಕ ವಿದ್ಯುತ್ ಪ್ರಸರಣ ನಿಗಮ ನಿಯಮಿತ"", ""operator"": ""KPTCL"", ""operator:wikidata"": ""Q17064153"", ""power"": ""substation"", ""rating"": ""83 MVA"", ""ref"": ""1201001EF"", ""start_date"": ""1998-01-26"", ""substation"": ""transmission"", ""voltage"": ""66000;11000""}"
node_0127,13.0287866,77.5264533,substation_centroid,"{""frequency"": ""50"", ""location"": ""outdoor"", ""name"": ""Peenya Substation"", ""name:kn"": ""ಪೀಣ್ಯ"", ""operator"": ""KPTCL"", ""power"": ""substation"", ""rating"": ""159 MVA"", ""ref"": ""1104001EF"", ""start_date"": ""1965-01-25"", ""substation"": ""transmission"", ""voltage"": ""66000;11000""}"
node_0128,12.9256754,77.64048638,substation_centroid,"{""power"": ""substation""}"
node_0129,13.046181325,77.6465313,substation_centroid,"{""power"": ""substation""}"
node_0130,13.010525375,77.5541395,substation_centroid,"{""location"": ""outdoor"", ""operator"": ""KPTCL"", ""power"": ""substation"", ""substation"": ""distribution""}"
node_0131,12.930902660000001,77.72311018,substation_centroid,"{""location"": ""outdoor"", ""name"": ""Sobha Dream Acres Substation"", ""operator"": ""KPTCL"", ""operator:wikidata"": ""Q17064153"", ""power"": ""substation"", ""substation"": ""transmission"", ""voltage"": ""220000;66000""}"
node_0132,12.927938775000001,77.682063025,substation_centroid,"{""location"": ""outdoor"", ""power"": ""substation"", ""substation"": ""distribution""}"
node_0133,12.924309975,77.67984419999999,substation_centroid,"{""location"": ""outdoor"", ""power"": ""substation"", ""substation"": ""distribution""}"
node_0134,12.918525433333334,77.68640465,substation_centroid,"{""frequency"": ""50"", ""landuse"": ""industrial"", ""location"": ""outdoor"", ""power"": ""substation"", ""substation"": ""distribution""}"
node_0135,12.9812006,77.562231825,substation_centroid,"{""location"": ""outdoor"", ""power"": ""substation"", ""substation"": ""distribution""}"
node_0136,12.98840718,77.74916198000001,substation_centroid,"{""frequency"": ""50"", ""location"": ""outdoor"", ""name"": ""BMRCL RSS"", ""operator"": ""BMRCL"", ""power"": ""substation"", ""substation"": ""minor_distribution"", ""voltage"": ""66000""}"
node_0137,12.984644922222223,77.73646506666667,substation_centroid,"{""name"": ""ITPL"", ""operator"": ""KPTCL"", ""operator:wikidata"": ""Q17064153"", ""power"": ""substation"", ""substation"": ""transmission"", ""voltage"": ""220000""}"
node_0138,13.000793366666668,77.62665496666666,substation_centroid,"{""location"": ""outdoor"", ""name"": ""Raheja Mansion Substation"", ""power"": ""substation"", ""substation"": ""minor_distribution""}"
node_0139,12.926999460000001,77.6906624,substation_centroid,"{""location"": ""outdoor"", ""name"": ""ETV Substation"", ""power"": ""substation"", ""substation"": ""distribution""}"
node_0140,12.9390221,77.6889153,substation_centroid,"{""power"": ""substation"", ""substation"": ""transmission""}"
node_0141,12.940712450000001,77.69065524999999,substation_centroid,"{""power"": ""substation"", ""substation"": ""transmission""}"
node_0142,12.93733262857143,77.6973662,substation_centroid,"{""power"": ""substation"", ""substation"": ""transmission""}"
node_0143,12.9673564,77.5118543181818,substation_centroid,"{""landuse"": ""industrial"", ""location"": ""outdoor"", ""name"": ""Nagarbhavi KPTCL"", ""power"": ""substation"", ""substation"": ""distribution"", ""voltage"": ""220000""}"
node_0144,12.896487350000001,77.5400822,substation_centroid,"{""building"": ""no"", ""name"": ""PLRD Electrict Yard"", ""power"": ""substation"", ""substation"": ""minor_distribution""}"
node_0145,12.894597025,77.54068832499999,substation_centroid,"{""power"": ""substation"", ""substation"": ""minor_distribution""}"
node_0146,12.88729035,77.610854475,substation_centroid,"{""location"": ""outdoor"", ""power"": ""substation"", ""substation"": ""distribution""}"
node_0147,12.9668985,77.695012425,substation_centroid,"{""power"": ""substation""}"
node_0148,12.94137475,77.71910352500001,substation_centroid,"{""power"": ""substation""}"
node_0149,12.9406138,77.60689782499999,substation_centroid,"{""power"": ""substation""}"
node_0150,12.98560655,77.481242875,substation_centroid,"{""power"": ""substation""}"
node_0151,13.06302525,77.662055625,substation_centroid,"{""location"": ""outdoor"", ""power"": ""substation"", ""substation"": ""minor_distribution""}"
node_0152,12.989701579999998,77.72644136,substation_centroid,"{""location"": ""outdoor"", ""name"": ""Prestige Shantiniketan Substation"", ""power"": ""substation"", ""substation"": ""minor_distribution""}"
node_0153,12.8730718,77.62163488333333,substation_centroid,"{""power"": ""substation""}"
node_0154,13.125133025,77.6156096,substation_centroid,"{""location"": ""outdoor"", ""name"": ""Hinduja Ecopolis Substation"", ""power"": ""substation"", ""substation"": ""minor_distribution"", ""voltage"": ""66000;11000""}"
node_0155,12.995463525,77.68953834999999,substation_centroid,"{""location"": ""outdoor"", ""power"": ""substation"", ""substation"": ""minor_distribution""}"
node_0156,12.996484500000003,77.70277776,substation_centroid,"{""location"": ""outdoor"", ""power"": ""substation"", ""substation"": ""minor_distribution""}"
node_0157,12.984689459999998,77.69251266,substation_centroid,"{""power"": ""substation""}"
node_0158,12.8885074,77.5806053,substation_centroid,"{""power"": ""substation""}"
node_0159,12.888662675,77.588387575,substation_centroid,"{""power"": ""substation""}"
node_0160,12.96384706,77.72240430000001,substation_centroid,"{""frequency"": ""50"", ""landuse"": ""industrial"", ""location"": ""outdoor"", ""name"": ""Brigade Tech Gardens Brookefield"", ""operator"": ""Karnataka Power Transmission Corporation Limited"", ""power"": ""substation"", ""utility"": ""power"", ""voltage"": ""66000;11000""}"
node_0161,13.069500699999999,77.6072111,substation_centroid,"{""location"": ""outdoor"", ""power"": ""substation"", ""substation"": ""minor_distribution""}"
node_0162,13.0271297,77.52454482499999,substation_centroid,"{""frequency"": ""50"", ""full_name"": ""Sharavathi Receiving Station Peenya Substation"", ""location"": ""outdoor"", ""name"": ""SRS Peenya Substation"", ""name:kn"": ""ಪೀಣ್ಯ"", ""operator"": ""KPTCL"", ""power"": ""substation"", ""rating"": ""2x500 MVA"", ""start_date"": ""2024"", ""substation"": ""transmission"", ""voltage"": ""400000;220000""}"
node_0163,13.053206925,77.49900395,substation_centroid,"{""power"": ""substation""}"
node_0164,12.96884985,77.70683245,substation_centroid,"{""power"": ""substation""}"
node_0165,12.917086574999999,77.504715725,substation_centroid,"{""location"": ""outdoor"", ""power"": ""substation"", ""substation"": ""minor_distribution""}"
node_0166,12.94296938,77.47845938,substation_centroid,"{""location"": ""outdoor"", ""power"": ""substation"", ""substation"": ""minor_distribution""}"
node_0167,12.946230625,77.7652515,substation_centroid,"{""location"": ""outdoor"", ""power"": ""substation""}"
node_0168,12.860323259999998,77.5557464,substation_centroid,"{""location"": ""outdoor"", ""power"": ""substation""}"
node_0169,12.8770514,77.53047892500001,substation_centroid,"{""power"": ""substation""}"
node_0170,12.978088439999999,77.65597790000001,substation_centroid,"{""power"": ""substation""}"
node_0171,12.992105950000001,77.6576384375,substation_centroid,"{""location"": ""outdoor"", ""name"": ""MUSS NGEF"", ""operator"": ""KPTCL"", ""power"": ""substation"", ""voltage"": ""66000;11000""}"
node_0172,13.004937516666665,77.68667768333333,substation_centroid,"{""name"": ""ITI"", ""operator"": ""KPTCL"", ""operator:wikidata"": ""Q17064153"", ""power"": ""substation"", ""substation"": ""transmission"", ""voltage"": ""220000;66000""}"
node_0173,13.01728245,77.506719775,substation_centroid,"{""name"": ""Brindavan"", ""operator"": ""KPTCL"", ""power"": ""substation"", ""substation"": ""transmission"", ""voltage"": ""220000;66000;11000""}"
node_0174,12.946908775,77.74696829999999,substation_centroid,"{""addr:street"": ""Varthur Lake Road"", ""building"": ""service"", ""building:levels"": ""1"", ""building:material"": ""plaster"", ""power"": ""substation"", ""roof:levels"": ""0"", ""roof:shape"": ""flat"", ""substation"": ""minor_distribution"", ""utility"": ""power""}"
node_0175,12.955410760000001,77.6544629,substation_centroid,"{""power"": ""substation""}"
node_0176,12.875102759999999,77.61172116,substation_centroid,"{""power"": ""substation""}"
node_0177,12.86062345,77.54097887500001,substation_centroid,"{""power"": ""substation""}"
node_0178,12.9647627,77.65366673333334,substation_centroid,"{""power"": ""substation""}"
node_0179,13.075551033333333,77.62440426666667,substation_centroid,"{""power"": ""substation""}"
node_0180,13.036733674999999,77.55833654999999,substation_centroid,"{""name"": ""Mathikere"", ""power"": ""substation"", ""substation"": ""transmission"", ""voltage"": ""220000""}"
node_0181,12.972095385714287,77.76081744285715,substation_centroid,"{""name"": ""Whitefield"", ""power"": ""substation"", ""substation"": ""transmission"", ""voltage"": ""220000""}"
node_0182,12.9018578,77.6485786,substation,"{""frequency"": 50, ""location"": ""outdoor"", ""name"": ""HSR Layout Substation"", ""operator"": ""KPTCL"", ""power"": ""substation"", ""rating"": ""400 MVA"", ""reference"": ""1201001CE"", ""start_date"": ""1998-01-26"", ""substation"": ""transmission"", ""voltage"": ""220000;66000"", ""latitude"": 12.9018578, ""longitude"": 77.6485786}"
node_0183,13.0277948,77.525804,substation,"{""frequency"": 50, ""location"": ""outdoor"", ""name"": ""Peenya Substation"", ""operator"": ""KPTCL"", ""power"": ""substation"", ""rating"": ""450 MVA"", ""reference"": ""1104001CE"", ""start_date"": ""1965-01-25"", ""substation"": ""transmission"", ""voltage"": ""220000;66000"", ""latitude"": 13.0277948, ""longitude"": 77.525804}"
node_0184,12.9974419,77.7109267,substation,"{""frequency"": 50, ""location"": ""outdoor"", ""name"": ""Hoodi Substation"", ""operator"": ""KPTCL"", ""power"": ""substation"", ""rating"": ""1500 MVA"", ""reference"": ""1202002BC"", ""start_date"": ""1995-03-31"", ""substation"": ""transmission"", ""voltage"": ""400000;220000;66000"", ""latitude"": 12.9974419, ""longitude"": 77.7109267}"
node_0185,12.933154,77.6128049,substation,"{""frequency"": 50, ""location"": ""outdoor"", ""name"": ""Adugodi Substation"", ""operator"": ""KPTCL"", ""power"": ""substation"", ""rating"": ""60 MVA"", ""reference"": ""1201011EF"", ""start_date"": ""1964-08-19"", ""substation"": ""transmission"", ""voltage"": ""66000;11000"", ""latitude"": 12.933154, ""longitude"": 77.6128049}"
node_0186,12.9715799,77.6051047,substation,"{""frequency"": 50, ""location"": ""outdoor"", ""name"": ""East Division Compound"", ""operator"": ""KPTCL"", ""power"": ""substation"", ""rating"": ""63 MVA"", ""reference"": ""1101001EF"", ""start_date"": ""2010-12-20"", ""substation"": ""transmission"", ""voltage"": ""66000;11000"", ""latitude"": 12.9715799, ""longitude"": 77.6051047}"
node_0187,12.9412661,77.59123,substation,"{""frequency"": 50, ""location"": ""outdoor"", ""name"": ""NIMHANS Substation"", ""operator"": ""KPTCL"", ""power"": ""substation"", ""rating"": ""300 MVA"", ""reference"": ""1201003CE"", ""start_date"": ""2012-02-26"", ""substation"": ""transmission"", ""voltage"": ""220000;66000"", ""latitude"": 12.9412661, ""longitude"": 77.59123}"
node_0188,12.976452,77.7181007,substation,"{""frequency"": 50, ""location"": ""outdoor"", ""name"": ""EPIP Whitefield Substation"", ""operator"": ""KPTCL"", ""power"": ""substation"", ""rating"": ""300 MVA"", ""reference"": ""1101002CE"", ""start_date"": ""2014-01-10"", ""substation"": ""distribution"", ""voltage"": ""220000;66000"", ""latitude"": 12.976452, ""longitude"": 77.7181007}"
node_0189,13.0114872,77.538583,substation,"{""frequency"": 50, ""location"": ""outdoor"", ""name"": ""Nandhini Layout Substation"", ""operator"": ""KPTCL"", ""power"": ""substation"", ""rating"": ""51.5 MVA"", ""reference"": ""1104012EF"", ""start_date"": ""1990-06-08"", ""substation"": ""distribution"", ""voltage"": ""66000;11000"", ""latitude"": 13.0114872, ""longitude"": 77.538583}"
node_0190,12.9534237,77.6410134,substation,"{""frequency"": 50, ""location"": ""outdoor"", ""name"": ""Golf Links Substation"", ""operator"": ""KPTCL"", ""power"": ""substation"", ""rating"": ""63 MVA"", ""reference"": ""1202020EF"", ""start_date"": ""2009-03-31"", ""substation"": ""transmission"", ""voltage"": ""66000;11000"", ""latitude"": 12.9534237, ""longitude"": 77.6410134}"
node_0191,12.8982215,77.5570009,substation,"{""frequency"": 50, ""location"": ""outdoor"", ""name"": ""ISRO Layout Substation"", ""operator"": ""KPTCL"", ""power"": ""substation"", ""rating"": ""40 MVA"", ""reference"": ""1204018EF"", ""start_date"": ""2007-01-01"", ""substation"": ""distribution"", ""voltage"": ""66000;11000"", ""latitude"": 12.8982215, ""longitude"": 77.5570009}"
node_0192,12.8741557,77.6573298,substation,"{""frequency"": 50, ""location"": ""outdoor"", ""name"": ""Naganathapura Substation"", ""operator"": ""KPTCL"", ""power"": ""substation"", ""rating"": ""71.5 MVA"", ""reference"": ""1201002EF"", ""start_date"": ""1999-10-30"", ""substation"": ""distribution"", ""voltage"": ""66000;11000"", ""latitude"": 12.8741557, ""longitude"": 77.6573298}"
node_0193,12.8966011,77.5463838,substation,"{""frequency"": 50, ""location"": ""outdoor"", ""name"": ""Subramanyapura Substation"", ""operator"": ""KPTCL"", ""power"": ""substation"", ""rating"": ""40MVA"", ""reference"": ""1204001EF"", ""start_date"": ""1970-04-30"", ""substation"": ""distribution"", ""voltage"": ""66000;11000"", ""latitude"": 12.8966011, ""longitude"": 77.5463838}"
node_0194,12.8952455,77.5461064,substation,"{""frequency"": 50, ""location"": ""outdoor"", ""name"": ""Subramanyapura Substation"", ""operator"": ""KPTCL"", ""power"": ""substation"", ""rating"": ""400 MVA"", ""reference"": ""1204001CE"", ""start_date"": ""1986-10-02"", ""substation"": ""distribution"", ""voltage"": ""220000;66000"", ""latitude"": 12.8952455, ""longitude"": 77.5461064}"
node_0195,12.9361789,77.5202442,substation,"{""frequency"": 50, ""location"": ""outdoor"", ""name"": ""Vrishabavathi Valley"", ""operator"": ""KPTCL"", ""power"": ""substation"", ""rating"": ""63 MVA"", ""reference"": ""1103003EF"", ""start_date"": ""2009-03-04"", ""substation"": ""distribution"", ""voltage"": ""66000;11000"", ""latitude"": 12.9361789, ""longitude"": 77.5202442}"
node_0196,13.0285239,77.6100051,substation,"{""frequency"": 50, ""location"": ""outdoor"", ""name"": ""LR Bande Substation"", ""operator"": ""KPTCL"", ""power"": ""substation"", ""rating"": ""51.5 MVA"", ""reference"": ""1102016EF"", ""start_date"": ""2003-07-25"", ""substation"": ""transmission"", ""voltage"": ""66000;11000"", ""latitude"": 13.0285239, ""longitude"": 77.6100051}"
node_0197,13.1149643,77.5791096,substation,"{""frequency"": 50, ""location"": ""outdoor"", ""name"": ""Puttenahalli Substation"", ""operator"": ""KPTCL"", ""power"": ""substation"", ""rating"": ""300 MVA"", ""reference"": ""1102002CE"", ""start_date"": ""2015-12-28"", ""substation"": ""distribution"", ""voltage"": ""220000;66000"", ""latitude"": 13.1149643, ""longitude"": 77.5791096}"
node_0198,13.0298983,77.5819376,substation,"{""frequency"": 50, ""location"": ""outdoor"", ""name"": ""Hebbal Substation"", ""operator"": ""KPTCL"", ""power"": ""substation"", ""rating"": ""200 MVA"", ""reference"": ""1102001CE"", ""start_date"": ""1994-07-02"", ""substation"": ""distribution"", ""voltage"": ""220000;66000"", ""latitude"": 13.0298983, ""longitude"": 77.5819376}"
node_0199,12.9222942,77.5604014,substation,"{""frequency"": 50, ""location"": ""outdoor"", ""name"": ""Padmanabha Nagar Substation"", ""operator"": ""KPTCL"", ""power"": ""substation"", ""rating"": ""51.5 MVA"", ""reference"": ""1204017EF"", ""start_date"": ""2004-02-26"", ""substation"": ""distribution"", ""voltage"": ""66000;11000"", ""latitude"": 12.9222942, ""longitude"": 77.5604014}"
node_0200,13.0302814,77.6272912,substation,"{""frequency"": 50, ""location"": ""outdoor"", ""name"": ""HBR Layout"", ""operator"": ""KPTCL"", ""power"": ""substation"", ""rating"": ""60 MVA"", ""reference"": ""1102019EF"", ""start_date"": ""2007-01-31"", ""substation"": ""transmission"", ""voltage"": ""220000;66000;11000"", ""latitude"": 13.0302814, ""longitude"": 77.6272912}"
node_0201,13.1094239,77.5767963,substation,"{""frequency"": 50, ""location"": ""outdoor"", ""name"": ""KHB Yelahanka"", ""operator"": ""KPTCL"", ""power"": ""substation"", ""rating"": ""40 MVA"", ""reference"": ""1102015EF"", ""start_date"": ""2002-12-30"", ""substation"": ""distribution"", ""voltage"": ""66000;11000"", ""latitude"": 13.1094239, ""longitude"": 77.5767963}"
node_0202,12.9637006,77.61475,substation,"{""frequency"": 50, ""location"": ""outdoor"", ""name"": ""Austin Town Substation"", ""operator"": ""KPTCL"", ""power"": ""substation"", ""rating"": ""60 MVA"", ""reference"": ""1201013EF"", ""start_date"": ""1995-12-02"", ""substation"": ""transmission"", ""voltage"": ""66000;11000"", ""latitude"": 12.9637006, ""longitude"": 77.61475}"
node_0203,12.9431603,77.6237344,substation,"{""frequency"": 50, ""location"": ""outdoor"", ""name"": ""Koramangala Substation"", ""operator"": ""KPTCL"", ""power"": ""substation"", ""rating"": ""40 MVA"", ""reference"": ""120104EF"", ""start_date"": ""1996-04-12"", ""substation"": ""transmission"", ""voltage"": ""66000;11000"", ""latitude"": 12.9431603, ""longitude"": 77.6237344}"
node_0204,12.96844,77.6620834,substation,"{""frequency"": 50, ""location"": ""outdoor"", ""name"": ""HAL Substation"", ""operator"": ""KPTCL"", ""power"": ""substation"", ""rating"": ""63 MVA"", ""reference"": ""1202001EF"", ""start_date"": ""1967-01-01"", ""substation"": ""distribution"", ""voltage"": ""66000;11000"", ""latitude"": 12.96844, ""longitude"": 77.6620834}"
node_0205,13.0205389,77.6493213,substation,"{""frequency"": 50, ""location"": ""outdoor"", ""name"": ""Banaswadi Substation"", ""operator"": ""KPTCL"", ""power"": ""substation"", ""rating"": ""83 MVA"", ""reference"": ""1102013EF"", ""start_date"": ""1989-05-01"", ""substation"": ""distribution"", ""voltage"": ""66000;11000"", ""latitude"": 13.0205389, ""longitude"": 77.6493213}"
node_0206,12.8742135,77.5653809,substation,"{""frequency"": 50, ""location"": ""outdoor"", ""name"": ""Khodays Glass Factory Substation"", ""operator"": ""KPTCL"", ""power"": ""substation"", ""rating"": ""400 MVA"", ""reference"": ""1204002CE"", ""start_date"": ""1986-10-02"", ""substation"": ""distribution"", ""voltage"": ""220000;66000"", ""latitude"": 12.8742135, ""longitude"": 77.5653809}"
node_0207,13.0149686,77.555418,substation,"{""frequency"": 50, ""location"": ""outdoor"", ""name"": ""Brigade Gateway Substation"", ""operator"": ""KPTCL"", ""power"": ""substation"", ""rating"": ""40 MVA"", ""reference"": ""BGW"", ""start_date"": ""1101011EF"", ""substation"": ""distribution"", ""voltage"": ""66000;11000"", ""latitude"": 13.0149686, ""longitude"": 77.555418}"
node_0208,12.9304759,77.6963766,substation,"{""frequency"": 50, ""location"": ""outdoor"", ""name"": ""Vikas Tech Park Substation"", ""operator"": ""KTPCL"", ""power"": ""substation"", ""rating"": ""300 MVA"", ""reference"": ""1202003CE"", ""start_date"": ""2017-03-05"", ""substation"": ""distribution"", ""voltage"": ""220000;66000"", ""latitude"": 12.9304759, ""longitude"": 77.6963766}"
node_0209,12.9701336,77.5918011,substation,"{""frequency"": 50, ""location"": ""indoor"", ""name"": ""Kanteerava Stadium"", ""operator"": ""KPTCL"", ""power"": ""substation"", ""rating"": ""63 MVA"", ""reference"": ""1101014EF"", ""start_date"": ""2014-01-10"", ""substation"": ""distribution"", ""voltage"": ""66000;11000"", ""latitude"": 12.9701336, ""longitude"": 77.5918011}"
node_0210,12.9530943,77.5735254,substation,"{""frequency"": 50, ""location"": ""outdoor"", ""name"": ""National College Substation"", ""operator"": ""KPTCL"", ""power"": ""substation"", ""rating"": ""63 MVA"", ""reference"": ""1101015EF"", ""start_date"": ""2015-01-28"", ""substation"": ""distribution"", ""voltage"": ""66000;11000"", ""latitude"": 12.9530943, ""longitude"": 77.5735254}"
node_0211,12.9321677,77.5834895,substation,"{""frequency"": 50, ""location"": ""indoor"", ""name"": ""Jayanagar Substation"", ""operator"": ""KPTCL"", ""power"": ""substation"", ""rating"": ""63 MVA"", ""reference"": ""1101013EF"", ""start_date"": ""2013-11-13"", ""substation"": ""distribution"", ""voltage"": ""66000;11000"", ""latitude"": 12.9321677, ""longitude"": 77.5834895}"
node_0212,12.9453203,77.5308758,substation,"{""frequency"": 50, ""location"": ""indoor"", ""name"": ""REMCO"", ""operator"": ""KPTCL"", ""power"": ""substation"", ""rating"": ""63 MVA"", ""reference"": ""110102EF"", ""start_date"": ""2010-12-03"", ""substation"": ""distribution"", ""voltage"": ""66000;11000"", ""latitude"": 12.9453203, ""longitude"": 77.5308758}"
node_0213,12.9716793,77.6045548,substation,"{""frequency"": 50, ""location"": ""outdoor"", ""name"": ""East Division Compound"", ""operator"": ""KPTCL"", ""power"": ""substation"", ""rating"": ""300 MVA"", ""reference"": ""1101001CE"", ""start_date"": ""2010-12-20"", ""substation"": ""transmission"", ""voltage"": ""220000;66000"", ""latitude"": 12.9716793, ""longitude"": 77.6045548}"
node_0214,12.9290011,77.6098077,substation,"{""frequency"": 50, ""location"": ""outdoor"", ""name"": ""St Johns Wood Substation"", ""operator"": ""KPTCL"", ""power"": ""substation"", ""rating"": ""40 MVA"", ""reference"": ""1201021EF"", ""start_date"": ""2009-03-30"", ""substation"": ""transmission"", ""voltage"": ""66000;11000"", ""latitude"": 12.9290011, ""longitude"": 77.6098077}"
node_0215,12.9158501,77.5436097,substation,"{""frequency"": 50, ""location"": ""outdoor"", ""name"": ""Arehalli"", ""operator"": ""KPTCL"", ""power"": ""substation"", ""rating"": ""40 MVA"", ""reference"": ""1204014EF"", ""start_date"": ""1999-11-04"", ""substation"": ""distribution"", ""voltage"": ""66000;11000"", ""latitude"": 12.9158501, ""longitude"": 77.5436097}"
node_0216,12.9348706,77.5391836,substation,"{""frequency"": 50, ""location"": ""outdoor"", ""name"": ""Banashankari"", ""operator"": ""KPTCL"", ""power"": ""substation"", ""rating"": ""83 MVA"", ""reference"": ""1204011EF"", ""start_date"": ""1987-01-24"", ""substation"": ""distribution"", ""voltage"": ""66000;11000"", ""latitude"": 12.9348706, ""longitude"": 77.5391836}"
node_0217,12.9143863,77.528361,substation,"{""frequency"": 50, ""location"": ""outdoor"", ""name"": ""Rajajeshwari Nagar"", ""operator"": ""KPTCL"", ""power"": ""substation"", ""rating"": ""40 MVA"", ""reference"": ""1204013EF"", ""start_date"": ""1998-12-31"", ""substation"": ""distribution"", ""voltage"": ""66000;11000"", ""latitude"": 12.9143863, ""longitude"": 77.528361}"
node_0218,12.9013149,77.6486036,intermediate_path_node,"{""id"": ""line_01"", ""type"": ""transmission_line"", ""voltage"": ""220kV""}"
node_0219,12.9017084,77.6498651,intermediate_path_node,"{""id"": ""line_01"", ""type"": ""transmission_line"", ""voltage"": ""220kV""}"
node_0220,12.9018775,77.6503585,intermediate_path_node,"{""id"": ""line_01"", ""type"": ""transmission_line"", ""voltage"": ""220kV""}"
node_0221,12.9019356,77.650549,intermediate_path_node,"{""id"": ""line_01"", ""type"": ""transmission_line"", ""voltage"": ""220kV""}"
node_0222,12.9031384,77.6503462,intermediate_path_node,"{""id"": ""line_01"", ""type"": ""transmission_line"", ""voltage"": ""220kV""}"
node_0223,12.9074528,77.57997,intermediate_path_node,"{""id"": ""line_02"", ""type"": ""transmission_line"", ""voltage"": ""220kV""}"
node_0224,12.9074393,77.5811258,intermediate_path_node,"{""id"": ""line_02"", ""type"": ""transmission_line"", ""voltage"": ""220kV""}"
node_0225,12.9079413,77.5811862,intermediate_path_node,"{""id"": ""line_02"", ""type"": ""transmission_line"", ""voltage"": ""220kV""}"
node_0226,12.9080499,77.5808963,intermediate_path_node,"{""id"": ""line_02"", ""type"": ""transmission_line"", ""voltage"": ""220kV""}"
node_0227,12.908305,77.5802155,intermediate_path_node,"{""id"": ""line_02"", ""type"": ""transmission_line"", ""voltage"": ""220kV""}"
node_0228,12.9078981,77.580127,intermediate_path_node,"{""id"": ""line_02"", ""type"": ""transmission_line"", ""voltage"": ""220kV""}"
node_0229,12.9079138,77.5800768,intermediate_path_node,"{""id"": ""line_02"", ""type"": ""transmission_line"", ""voltage"": ""220kV""}"
node_0230,13.0299606,77.5265301,intermediate_path_node,"{""id"": ""line_03"", ""type"": ""transmission_line"", ""voltage"": ""220kV""}"
node_0231,13.0303578,77.5252819,intermediate_path_node,"{""id"": ""line_03"", ""type"": ""transmission_line"", ""voltage"": ""220kV""}"
node_0232,13.0295495,77.5250109,intermediate_path_node,"{""id"": ""line_03"", ""type"": ""transmission_line"", ""voltage"": ""220kV""}"
node_0233,13.028192,77.5245557,intermediate_path_node,"{""id"": ""line_03"", ""type"": ""transmission_line"", ""voltage"": ""220kV""}"
node_0234,13.0281831,77.5245837,intermediate_path_node,"{""id"": ""line_03"", ""type"": ""transmission_line"", ""voltage"": ""220kV""}"
node_0235,13.0442942,77.5534512,intermediate_path_node,"{""id"": ""line_04"", ""type"": ""transmission_line"", ""voltage"": ""220kV""}"
node_0236,13.0439378,77.5537774,intermediate_path_node,"{""id"": ""line_04"", ""type"": ""transmission_line"", ""voltage"": ""220kV""}"
node_0237,13.0440866,77.5543137,intermediate_path_node,"{""id"": ""line_04"", ""type"": ""transmission_line"", ""voltage"": ""220kV""}"
node_0238,13.044407,77.5540724,intermediate_path_node,"{""id"": ""line_04"", ""type"": ""transmission_line"", ""voltage"": ""220kV""}"
node_0239,13.0442457,77.5538288,intermediate_path_node,"{""id"": ""line_04"", ""type"": ""transmission_line"", ""voltage"": ""220kV""}"
node_0240,13.04441,77.5536791,intermediate_path_node,"{""id"": ""line_04"", ""type"": ""transmission_line"", ""voltage"": ""220kV""}"
node_0241,13.0384708,77.5583141,intermediate_path_node,"{""id"": ""line_05"", ""type"": ""transmission_line"", ""voltage"": ""220kV""}"
node_0242,13.0379044,77.5583793,intermediate_path_node,"{""id"": ""line_05"", ""type"": ""transmission_line"", ""voltage"": ""220kV""}"
node_0243,13.0379955,77.5589909,intermediate_path_node,"{""id"": ""line_05"", ""type"": ""transmission_line"", ""voltage"": ""220kV""}"
node_0244,13.0382683,77.5589688,intermediate_path_node,"{""id"": ""line_05"", ""type"": ""transmission_line"", ""voltage"": ""220kV""}"
node_0245,13.0385217,77.5587156,intermediate_path_node,"{""id"": ""line_05"", ""type"": ""transmission_line"", ""voltage"": ""220kV""}"
node_0246,12.9964048,77.7109086,intermediate_path_node,"{""id"": ""line_06"", ""type"": ""transmission_line"", ""voltage"": ""220kV""}"
node_0247,12.9964107,77.710599,intermediate_path_node,"{""id"": ""line_06"", ""type"": ""transmission_line"", ""voltage"": ""220kV""}"
node_0248,12.996106,77.710593,intermediate_path_node,"{""id"": ""line_06"", ""type"": ""transmission_line"", ""voltage"": ""220kV""}"
node_0249,12.9949166,77.7105388,intermediate_path_node,"{""id"": ""line_06"", ""type"": ""transmission_line"", ""voltage"": ""220kV""}"
node_0250,12.9949299,77.7092808,intermediate_path_node,"{""id"": ""line_06"", ""type"": ""transmission_line"", ""voltage"": ""220kV""}"
node_0251,12.9937599,77.7092767,intermediate_path_node,"{""id"": ""line_06"", ""type"": ""transmission_line"", ""voltage"": ""220kV""}"
node_0252,12.9930212,77.7091769,intermediate_path_node,"{""id"": ""line_06"", ""type"": ""transmission_line"", ""voltage"": ""220kV""}"
node_0253,12.9929773,77.7104186,intermediate_path_node,"{""id"": ""line_06"", ""type"": ""transmission_line"", ""voltage"": ""220kV""}"
node_0254,12.9928337,77.7112063,intermediate_path_node,"{""id"": ""line_06"", ""type"": ""transmission_line"", ""voltage"": ""220kV""}"
node_0255,12.9926023,77.7121022,intermediate_path_node,"{""id"": ""line_06"", ""type"": ""transmission_line"", ""voltage"": ""220kV""}"
node_0256,12.9932527,77.7125712,intermediate_path_node,"{""id"": ""line_06"", ""type"": ""transmission_line"", ""voltage"": ""220kV""}"
node_0257,12.9934151,77.7127711,intermediate_path_node,"{""id"": ""line_06"", ""type"": ""transmission_line"", ""voltage"": ""220kV""}"
node_0258,12.9937191,77.7131455,intermediate_path_node,"{""id"": ""line_06"", ""type"": ""transmission_line"", ""voltage"": ""220kV""}"
node_0259,12.9941371,77.7134449,intermediate_path_node,"{""id"": ""line_06"", ""type"": ""transmission_line"", ""voltage"": ""220kV""}"
node_0260,12.9952121,77.7135156,intermediate_path_node,"{""id"": ""line_06"", ""type"": ""transmission_line"", ""voltage"": ""220kV""}"
node_0261,12.9955592,77.7135801,intermediate_path_node,"{""id"": ""line_06"", ""type"": ""transmission_line"", ""voltage"": ""220kV""}"
node_0262,12.9955845,77.7135265,intermediate_path_node,"{""id"": ""line_06"", ""type"": ""transmission_line"", ""voltage"": ""220kV""}"
node_0263,12.9957272,77.7135955,intermediate_path_node,"{""id"": ""line_06"", ""type"": ""transmission_line"", ""voltage"": ""220kV""}"
node_0264,12.9958699,77.7137189,intermediate_path_node,"{""id"": ""line_06"", ""type"": ""transmission_line"", ""voltage"": ""220kV""}"
node_0265,12.9959759,77.7137399,intermediate_path_node,"{""id"": ""line_06"", ""type"": ""transmission_line"", ""voltage"": ""220kV""}"
node_0266,12.9961512,77.7139428,intermediate_path_node,"{""id"": ""line_06"", ""type"": ""transmission_line"", ""voltage"": ""220kV""}"
node_0267,12.9967809,77.7139972,intermediate_path_node,"{""id"": ""line_06"", ""type"": ""transmission_line"", ""voltage"": ""220kV""}"
node_0268,12.9971018,77.7141652,intermediate_path_node,"{""id"": ""line_06"", ""type"": ""transmission_line"", ""voltage"": ""220kV""}"
node_0269,12.9977921,77.7114984,intermediate_path_node,"{""id"": ""line_06"", ""type"": ""transmission_line"", ""voltage"": ""220kV""}"
node_0270,12.9328098,77.6124655,intermediate_path_node,"{""id"": ""line_07"", ""type"": ""transmission_line"", ""voltage"": ""220kV""}"
node_0271,12.9320883,77.6133741,intermediate_path_node,"{""id"": ""line_07"", ""type"": ""transmission_line"", ""voltage"": ""220kV""}"
node_0272,12.9321151,77.6133992,intermediate_path_node,"{""id"": ""line_07"", ""type"": ""transmission_line"", ""voltage"": ""220kV""}"
node_0273,12.9322196,77.6133697,intermediate_path_node,"{""id"": ""line_07"", ""type"": ""transmission_line"", ""voltage"": ""220kV""}"
node_0274,13.0369692,77.5660878,intermediate_path_node,"{""id"": ""line_08"", ""type"": ""transmission_line"", ""voltage"": ""220kV""}"
node_0275,13.0364424,77.5665545,intermediate_path_node,"{""id"": ""line_08"", ""type"": ""transmission_line"", ""voltage"": ""220kV""}"
node_0276,13.0364961,77.5667267,intermediate_path_node,"{""id"": ""line_08"", ""type"": ""transmission_line"", ""voltage"": ""220kV""}"
node_0277,13.0368773,77.5665734,intermediate_path_node,"{""id"": ""line_08"", ""type"": ""transmission_line"", ""voltage"": ""220kV""}"
node_0278,13.0371526,77.5663313,intermediate_path_node,"{""id"": ""line_08"", ""type"": ""transmission_line"", ""voltage"": ""220kV""}"
node_0279,12.9956759,77.7474858,intermediate_path_node,"{""id"": ""line_09"", ""type"": ""transmission_line"", ""voltage"": ""220kV""}"
node_0280,12.9952743,77.747557,intermediate_path_node,"{""id"": ""line_09"", ""type"": ""transmission_line"", ""voltage"": ""220kV""}"
node_0281,12.9953549,77.748035,intermediate_path_node,"{""id"": ""line_09"", ""type"": ""transmission_line"", ""voltage"": ""220kV""}"
node_0282,12.9953751,77.7481546,intermediate_path_node,"{""id"": ""line_09"", ""type"": ""transmission_line"", ""voltage"": ""220kV""}"
node_0283,12.9957693,77.7480846,intermediate_path_node,"{""id"": ""line_09"", ""type"": ""transmission_line"", ""voltage"": ""220kV""}"
node_0284,12.9630261,77.6489263,intermediate_path_node,"{""id"": ""line_10"", ""type"": ""transmission_line"", ""voltage"": ""220kV""}"
node_0285,12.9627879,77.6487987,intermediate_path_node,"{""id"": ""line_10"", ""type"": ""transmission_line"", ""voltage"": ""220kV""}"
node_0286,12.9626788,77.6491813,intermediate_path_node,"{""id"": ""line_10"", ""type"": ""transmission_line"", ""voltage"": ""220kV""}"
node_0287,12.9629577,77.6491558,intermediate_path_node,"{""id"": ""line_10"", ""type"": ""transmission_line"", ""voltage"": ""220kV""}"
node_0288,12.9714301,77.6046604,intermediate_path_node,"{""id"": ""line_11"", ""type"": ""transmission_line"", ""voltage"": ""220kV""}"
node_0289,12.9710767,77.6048134,intermediate_path_node,"{""id"": ""line_11"", ""type"": ""transmission_line"", ""voltage"": ""220kV""}"
node_0290,12.9710534,77.6048859,intermediate_path_node,"{""id"": ""line_11"", ""type"": ""transmission_line"", ""voltage"": ""220kV""}"
node_0291,12.9711859,77.605226,intermediate_path_node,"{""id"": ""line_11"", ""type"": ""transmission_line"", ""voltage"": ""220kV""}"
node_0292,12.9651701,77.636435,intermediate_path_node,"{""id"": ""line_12"", ""type"": ""transmission_line"", ""voltage"": ""220kV""}"
node_0293,12.9650922,77.636504,intermediate_path_node,"{""id"": ""line_12"", ""type"": ""transmission_line"", ""voltage"": ""220kV""}"
node_0294,12.9651576,77.6365818,intermediate_path_node,"{""id"": ""line_12"", ""type"": ""transmission_line"", ""voltage"": ""220kV""}"
node_0295,12.9652356,77.6365128,intermediate_path_node,"{""id"": ""line_12"", ""type"": ""transmission_line"", ""voltage"": ""220kV""}"
node_0296,12.9544334,77.5936763,intermediate_path_node,"{""id"": ""line_13"", ""type"": ""transmission_line"", ""voltage"": ""220kV""}"
node_0297,12.9539297,77.5942032,intermediate_path_node,"{""id"": ""line_13"", ""type"": ""transmission_line"", ""voltage"": ""220kV""}"
node_0298,12.9542412,77.5944305,intermediate_path_node,"{""id"": ""line_13"", ""type"": ""transmission_line"", ""voltage"": ""220kV""}"
node_0299,12.9546768,77.5938694,intermediate_path_node,"{""id"": ""line_13"", ""type"": ""transmission_line"", ""voltage"": ""220kV""}"
node_0300,12.9545796,77.5937998,intermediate_path_node,"{""id"": ""line_13"", ""type"": ""transmission_line"", ""voltage"": ""220kV""}"
node_0301,12.9412305,77.591849,intermediate_path_node,"{""id"": ""line_14"", ""type"": ""transmission_line"", ""voltage"": ""220kV""}"
node_0302,12.9412677,77.5918489,intermediate_path_node,"{""id"": ""line_14"", ""type"": ""transmission_line"", ""voltage"": ""220kV""}"
node_0303,12.9415543,77.5917402,intermediate_path_node,"{""id"": ""line_14"", ""type"": ""transmission_line"", ""voltage"": ""220kV""}"
node_0304,12.9416826,77.5912433,intermediate_path_node,"{""id"": ""line_14"", ""type"": ""transmission_line"", ""voltage"": ""220kV""}"
node_0305,12.9771704,77.7181478,intermediate_path_node,"{""id"": ""line_15"", ""type"": ""transmission_line"", ""voltage"": ""220kV""}"
node_0306,12.977232,77.7172656,intermediate_path_node,"{""id"": ""line_15"", ""type"": ""transmission_line"", ""voltage"": ""220kV""}"
node_0307,12.9765555,77.7171958,intermediate_path_node,"{""id"": ""line_15"", ""type"": ""transmission_line"", ""voltage"": ""220kV""}"
node_0308,12.9765202,77.7174715,intermediate_path_node,"{""id"": ""line_15"", ""type"": ""transmission_line"", ""voltage"": ""220kV""}"
node_0309,13.0115026,77.5384364,intermediate_path_node,"{""id"": ""line_16"", ""type"": ""transmission_line"", ""voltage"": ""220kV""}"
node_0310,13.0115595,77.5379325,intermediate_path_node,"{""id"": ""line_16"", ""type"": ""transmission_line"", ""voltage"": ""220kV""}"
node_0311,13.0113491,77.5379242,intermediate_path_node,"{""id"": ""line_16"", ""type"": ""transmission_line"", ""voltage"": ""220kV""}"
node_0312,13.0111709,77.5378789,intermediate_path_node,"{""id"": ""line_16"", ""type"": ""transmission_line"", ""voltage"": ""220kV""}"
node_0313,13.0109997,77.5378306,intermediate_path_node,"{""id"": ""line_16"", ""type"": ""transmission_line"", ""voltage"": ""220kV""}"
node_0314,13.010741,77.5377032,intermediate_path_node,"{""id"": ""line_16"", ""type"": ""transmission_line"", ""voltage"": ""220kV""}"
node_0315,13.0104431,77.5382343,intermediate_path_node,"{""id"": ""line_16"", ""type"": ""transmission_line"", ""voltage"": ""220kV""}"
node_0316,13.010554,77.5383007,intermediate_path_node,"{""id"": ""line_16"", ""type"": ""transmission_line"", ""voltage"": ""220kV""}"
node_0317,13.0106684,77.5383606,intermediate_path_node,"{""id"": ""line_16"", ""type"": ""transmission_line"", ""voltage"": ""220kV""}"
node_0318,13.0107858,77.5384139,intermediate_path_node,"{""id"": ""line_16"", ""type"": ""transmission_line"", ""voltage"": ""220kV""}"
node_0319,13.010906,77.5384603,intermediate_path_node,"{""id"": ""line_16"", ""type"": ""transmission_line"", ""voltage"": ""220kV""}"
node_0320,13.0110285,77.5384998,intermediate_path_node,"{""id"": ""line_16"", ""type"": ""transmission_line"", ""voltage"": ""220kV""}"
node_0321,13.0111415,77.5385296,intermediate_path_node,"{""id"": ""line_16"", ""type"": ""transmission_line"", ""voltage"": ""220kV""}"
node_0322,13.0112558,77.5385534,intermediate_path_node,"{""id"": ""line_16"", ""type"": ""transmission_line"", ""voltage"": ""220kV""}"
node_0323,13.0113711,77.5385712,intermediate_path_node,"{""id"": ""line_16"", ""type"": ""transmission_line"", ""voltage"": ""220kV""}"
node_0324,12.9533736,77.6411471,intermediate_path_node,"{""id"": ""line_17"", ""type"": ""transmission_line"", ""voltage"": ""220kV""}"
node_0325,12.9535492,77.6417141,intermediate_path_node,"{""id"": ""line_17"", ""type"": ""transmission_line"", ""voltage"": ""220kV""}"
node_0326,12.9540008,77.6416297,intermediate_path_node,"{""id"": ""line_17"", ""type"": ""transmission_line"", ""voltage"": ""220kV""}"
node_0327,12.954046,77.6413322,intermediate_path_node,"{""id"": ""line_17"", ""type"": ""transmission_line"", ""voltage"": ""220kV""}"
node_0328,12.9960832,77.7275095,intermediate_path_node,"{""id"": ""line_18"", ""type"": ""transmission_line"", ""voltage"": ""220kV""}"
node_0329,12.9962081,77.7282085,intermediate_path_node,"{""id"": ""line_18"", ""type"": ""transmission_line"", ""voltage"": ""220kV""}"
node_0330,12.9969722,77.728081,intermediate_path_node,"{""id"": ""line_18"", ""type"": ""transmission_line"", ""voltage"": ""220kV""}"
node_0331,12.9972078,77.7280417,intermediate_path_node,"{""id"": ""line_18"", ""type"": ""transmission_line"", ""voltage"": ""220kV""}"
node_0332,12.9970891,77.7273898,intermediate_path_node,"{""id"": ""line_18"", ""type"": ""transmission_line"", ""voltage"": ""220kV""}"
node_0333,13.0178772,77.5072922,intermediate_path_node,"{""id"": ""line_19"", ""type"": ""transmission_line"", ""voltage"": ""220kV""}"
node_0334,13.0175931,77.5070963,intermediate_path_node,"{""id"": ""line_19"", ""type"": ""transmission_line"", ""voltage"": ""220kV""}"
node_0335,13.0173933,77.5074014,intermediate_path_node,"{""id"": ""line_19"", ""type"": ""transmission_line"", ""voltage"": ""220kV""}"
node_0336,13.0176774,77.5075974,intermediate_path_node,"{""id"": ""line_19"", ""type"": ""transmission_line"", ""voltage"": ""220kV""}"
node_0337,12.9188585,77.4742798,intermediate_path_node,"{""id"": ""line_20"", ""type"": ""transmission_line"", ""voltage"": ""220kV""}"
node_0338,12.9186089,77.4745568,intermediate_path_node,"{""id"": ""line_20"", ""type"": ""transmission_line"", ""voltage"": ""220kV""}"
node_0339,12.9185369,77.4747673,intermediate_path_node,"{""id"": ""line_20"", ""type"": ""transmission_line"", ""voltage"": ""220kV""}"
node_0340,12.9186917,77.4749569,intermediate_path_node,"{""id"": ""line_20"", ""type"": ""transmission_line"", ""voltage"": ""220kV""}"
node_0341,12.9192329,77.4750332,intermediate_path_node,"{""id"": ""line_20"", ""type"": ""transmission_line"", ""voltage"": ""220kV""}"
node_0342,12.9193732,77.4744632,intermediate_path_node,"{""id"": ""line_20"", ""type"": ""transmission_line"", ""voltage"": ""220kV""}"
node_0343,12.9191285,77.4743142,intermediate_path_node,"{""id"": ""line_20"", ""type"": ""transmission_line"", ""voltage"": ""220kV""}"
node_0344,12.9847971,77.693439,intermediate_path_node,"{""id"": ""line_21"", ""type"": ""transmission_line"", ""voltage"": ""220kV""}"
node_0345,12.9843339,77.6936804,intermediate_path_node,"{""id"": ""line_21"", ""type"": ""transmission_line"", ""voltage"": ""220kV""}"
node_0346,12.9845413,77.6942676,intermediate_path_node,"{""id"": ""line_21"", ""type"": ""transmission_line"", ""voltage"": ""220kV""}"
node_0347,12.9849489,77.6938401,intermediate_path_node,"{""id"": ""line_21"", ""type"": ""transmission_line"", ""voltage"": ""220kV""}"
node_0348,12.8985827,77.5573084,intermediate_path_node,"{""id"": ""line_22"", ""type"": ""transmission_line"", ""voltage"": ""220kV""}"
node_0349,12.8987294,77.5568684,intermediate_path_node,"{""id"": ""line_22"", ""type"": ""transmission_line"", ""voltage"": ""220kV""}"
node_0350,12.8986491,77.5568401,intermediate_path_node,"{""id"": ""line_22"", ""type"": ""transmission_line"", ""voltage"": ""220kV""}"
node_0351,12.8984359,77.5566599,intermediate_path_node,"{""id"": ""line_22"", ""type"": ""transmission_line"", ""voltage"": ""220kV""}"
node_0352,12.8736998,77.6572848,intermediate_path_node,"{""id"": ""line_23"", ""type"": ""transmission_line"", ""voltage"": ""220kV""}"
node_0353,12.8736285,77.6576231,intermediate_path_node,"{""id"": ""line_23"", ""type"": ""transmission_line"", ""voltage"": ""220kV""}"
node_0354,12.873604,77.6577396,intermediate_path_node,"{""id"": ""line_23"", ""type"": ""transmission_line"", ""voltage"": ""220kV""}"
node_0355,12.8736097,77.6581485,intermediate_path_node,"{""id"": ""line_23"", ""type"": ""transmission_line"", ""voltage"": ""220kV""}"
node_0356,12.8736111,77.6582472,intermediate_path_node,"{""id"": ""line_23"", ""type"": ""transmission_line"", ""voltage"": ""220kV""}"
node_0357,12.8738283,77.6582851,intermediate_path_node,"{""id"": ""line_23"", ""type"": ""transmission_line"", ""voltage"": ""220kV""}"
node_0358,12.8741382,77.6583391,intermediate_path_node,"{""id"": ""line_23"", ""type"": ""transmission_line"", ""voltage"": ""220kV""}"
node_0359,12.8964958,77.54698,intermediate_path_node,"{""id"": ""line_24"", ""type"": ""transmission_line"", ""voltage"": ""220kV""}"
node_0360,12.8965259,77.5469851,intermediate_path_node,"{""id"": ""line_24"", ""type"": ""transmission_line"", ""voltage"": ""220kV""}"
node_0361,12.896457,77.5472141,intermediate_path_node,"{""id"": ""line_24"", ""type"": ""transmission_line"", ""voltage"": ""220kV""}"
node_0362,12.8964161,77.5473242,intermediate_path_node,"{""id"": ""line_24"", ""type"": ""transmission_line"", ""voltage"": ""220kV""}"
node_0363,12.8968,77.5474271,intermediate_path_node,"{""id"": ""line_24"", ""type"": ""transmission_line"", ""voltage"": ""220kV""}"
node_0364,12.896862,77.5472488,intermediate_path_node,"{""id"": ""line_24"", ""type"": ""transmission_line"", ""voltage"": ""220kV""}"
node_0365,12.8969365,77.5471269,intermediate_path_node,"{""id"": ""line_24"", ""type"": ""transmission_line"", ""voltage"": ""220kV""}"
node_0366,12.8970589,77.5469795,intermediate_path_node,"{""id"": ""line_24"", ""type"": ""transmission_line"", ""voltage"": ""220kV""}"
node_0367,12.8972061,77.546803,intermediate_path_node,"{""id"": ""line_24"", ""type"": ""transmission_line"", ""voltage"": ""220kV""}"
node_0368,12.8972628,77.5465046,intermediate_path_node,"{""id"": ""line_24"", ""type"": ""transmission_line"", ""voltage"": ""220kV""}"
node_0369,12.8950386,77.5469195,intermediate_path_node,"{""id"": ""line_25"", ""type"": ""transmission_line"", ""voltage"": ""220kV""}"
node_0370,12.896403,77.5473595,intermediate_path_node,"{""id"": ""line_25"", ""type"": ""transmission_line"", ""voltage"": ""220kV""}"
node_0371,12.8966187,77.546284,intermediate_path_node,"{""id"": ""line_25"", ""type"": ""transmission_line"", ""voltage"": ""220kV""}"
node_0372,12.8963152,77.5461733,intermediate_path_node,"{""id"": ""line_25"", ""type"": ""transmission_line"", ""voltage"": ""220kV""}"
node_0373,12.8961522,77.5461862,intermediate_path_node,"{""id"": ""line_25"", ""type"": ""transmission_line"", ""voltage"": ""220kV""}"
node_0374,12.8955302,77.5460948,intermediate_path_node,"{""id"": ""line_25"", ""type"": ""transmission_line"", ""voltage"": ""220kV""}"
node_0375,12.9359499,77.5209231,intermediate_path_node,"{""id"": ""line_26"", ""type"": ""transmission_line"", ""voltage"": ""220kV""}"
node_0376,12.936137,77.5209881,intermediate_path_node,"{""id"": ""line_26"", ""type"": ""transmission_line"", ""voltage"": ""220kV""}"
node_0377,12.9363179,77.5210936,intermediate_path_node,"{""id"": ""line_26"", ""type"": ""transmission_line"", ""voltage"": ""220kV""}"
node_0378,12.937019,77.5207537,intermediate_path_node,"{""id"": ""line_26"", ""type"": ""transmission_line"", ""voltage"": ""220kV""}"
node_0379,12.9368335,77.5205657,intermediate_path_node,"{""id"": ""line_26"", ""type"": ""transmission_line"", ""voltage"": ""220kV""}"
node_0380,12.9368361,77.5204357,intermediate_path_node,"{""id"": ""line_26"", ""type"": ""transmission_line"", ""voltage"": ""220kV""}"
node_0381,13.047996,77.61884,intermediate_path_node,"{""id"": ""line_27"", ""type"": ""transmission_line"", ""voltage"": ""220kV""}"
node_0382,13.0478895,77.6195116,intermediate_path_node,"{""id"": ""line_27"", ""type"": ""transmission_line"", ""voltage"": ""220kV""}"
node_0383,13.0481844,77.6195574,intermediate_path_node,"{""id"": ""line_27"", ""type"": ""transmission_line"", ""voltage"": ""220kV""}"
node_0384,13.048286,77.6195779,intermediate_path_node,"{""id"": ""line_27"", ""type"": ""transmission_line"", ""voltage"": ""220kV""}"
node_0385,13.0483926,77.6189062,intermediate_path_node,"{""id"": ""line_27"", ""type"": ""transmission_line"", ""voltage"": ""220kV""}"
node_0386,12.9889629,77.7035941,intermediate_path_node,"{""id"": ""line_28"", ""type"": ""transmission_line"", ""voltage"": ""220kV""}"
node_0387,12.9889147,77.7035063,intermediate_path_node,"{""id"": ""line_28"", ""type"": ""transmission_line"", ""voltage"": ""220kV""}"
node_0388,12.9886919,77.703493,intermediate_path_node,"{""id"": ""line_28"", ""type"": ""transmission_line"", ""voltage"": ""220kV""}"
node_0389,12.9886168,77.7040153,intermediate_path_node,"{""id"": ""line_28"", ""type"": ""transmission_line"", ""voltage"": ""220kV""}"
node_0390,12.9888973,77.7040262,intermediate_path_node,"{""id"": ""line_28"", ""type"": ""transmission_line"", ""voltage"": ""220kV""}"
node_0391,13.0285153,77.6100705,intermediate_path_node,"{""id"": ""line_29"", ""type"": ""transmission_line"", ""voltage"": ""220kV""}"
node_0392,13.0285051,77.6101479,intermediate_path_node,"{""id"": ""line_29"", ""type"": ""transmission_line"", ""voltage"": ""220kV""}"
node_0393,13.0283734,77.6104327,intermediate_path_node,"{""id"": ""line_29"", ""type"": ""transmission_line"", ""voltage"": ""220kV""}"
node_0394,13.0285859,77.6105253,intermediate_path_node,"{""id"": ""line_29"", ""type"": ""transmission_line"", ""voltage"": ""220kV""}"
node_0395,13.0288172,77.6106471,intermediate_path_node,"{""id"": ""line_29"", ""type"": ""transmission_line"", ""voltage"": ""220kV""}"
node_0396,13.0290865,77.6103197,intermediate_path_node,"{""id"": ""line_29"", ""type"": ""transmission_line"", ""voltage"": ""220kV""}"
node_0397,13.114033,77.5795067,intermediate_path_node,"{""id"": ""line_30"", ""type"": ""transmission_line"", ""voltage"": ""220kV""}"
node_0398,13.1140709,77.5798731,intermediate_path_node,"{""id"": ""line_30"", ""type"": ""transmission_line"", ""voltage"": ""220kV""}"
node_0399,13.1140598,77.5799678,intermediate_path_node,"{""id"": ""line_30"", ""type"": ""transmission_line"", ""voltage"": ""220kV""}"
node_0400,13.1139658,77.580123,intermediate_path_node,"{""id"": ""line_30"", ""type"": ""transmission_line"", ""voltage"": ""220kV""}"
node_0401,13.1138202,77.5802214,intermediate_path_node,"{""id"": ""line_30"", ""type"": ""transmission_line"", ""voltage"": ""220kV""}"
node_0402,13.1137096,77.5802498,intermediate_path_node,"{""id"": ""line_30"", ""type"": ""transmission_line"", ""voltage"": ""220kV""}"
node_0403,13.1137314,77.5822353,intermediate_path_node,"{""id"": ""line_30"", ""type"": ""transmission_line"", ""voltage"": ""220kV""}"
node_0404,13.1151903,77.5821903,intermediate_path_node,"{""id"": ""line_30"", ""type"": ""transmission_line"", ""voltage"": ""220kV""}"
node_0405,13.1151435,77.5814259,intermediate_path_node,"{""id"": ""line_30"", ""type"": ""transmission_line"", ""voltage"": ""220kV""}"
node_0406,13.115481,77.5814062,intermediate_path_node,"{""id"": ""line_30"", ""type"": ""transmission_line"", ""voltage"": ""220kV""}"
node_0407,13.0298888,77.5826585,intermediate_path_node,"{""id"": ""line_31"", ""type"": ""transmission_line"", ""voltage"": ""220kV""}"
node_0408,13.0300261,77.5826604,intermediate_path_node,"{""id"": ""line_31"", ""type"": ""transmission_line"", ""voltage"": ""220kV""}"
node_0409,13.0300265,77.5826282,intermediate_path_node,"{""id"": ""line_31"", ""type"": ""transmission_line"", ""voltage"": ""220kV""}"
node_0410,13.0302142,77.5826308,intermediate_path_node,"{""id"": ""line_31"", ""type"": ""transmission_line"", ""voltage"": ""220kV""}"
node_0411,13.0302118,77.5828174,intermediate_path_node,"{""id"": ""line_31"", ""type"": ""transmission_line"", ""voltage"": ""220kV""}"
node_0412,13.0305145,77.5828216,intermediate_path_node,"{""id"": ""line_31"", ""type"": ""transmission_line"", ""voltage"": ""220kV""}"
node_0413,13.030516,77.5826731,intermediate_path_node,"{""id"": ""line_31"", ""type"": ""transmission_line"", ""voltage"": ""220kV""}"
node_0414,13.0309235,77.5827789,intermediate_path_node,"{""id"": ""line_31"", ""type"": ""transmission_line"", ""voltage"": ""220kV""}"
node_0415,13.0311385,77.5819423,intermediate_path_node,"{""id"": ""line_31"", ""type"": ""transmission_line"", ""voltage"": ""220kV""}"
node_0416,13.0304697,77.58193,intermediate_path_node,"{""id"": ""line_31"", ""type"": ""transmission_line"", ""voltage"": ""220kV""}"
node_0417,13.0302234,77.5819561,intermediate_path_node,"{""id"": ""line_31"", ""type"": ""transmission_line"", ""voltage"": ""220kV""}"
node_0418,13.0503892,77.5467959,intermediate_path_node,"{""id"": ""line_32"", ""type"": ""transmission_line"", ""voltage"": ""220kV""}"
node_0419,13.0499473,77.547156,intermediate_path_node,"{""id"": ""line_32"", ""type"": ""transmission_line"", ""voltage"": ""220kV""}"
node_0420,13.0502235,77.5474946,intermediate_path_node,"{""id"": ""line_32"", ""type"": ""transmission_line"", ""voltage"": ""220kV""}"
node_0421,13.0506474,77.547153,intermediate_path_node,"{""id"": ""line_32"", ""type"": ""transmission_line"", ""voltage"": ""220kV""}"
node_0422,13.0451524,77.5828669,intermediate_path_node,"{""id"": ""line_33"", ""type"": ""transmission_line"", ""voltage"": ""220kV""}"
node_0423,13.0451423,77.5830481,intermediate_path_node,"{""id"": ""line_33"", ""type"": ""transmission_line"", ""voltage"": ""220kV""}"
node_0424,13.0454571,77.5830665,intermediate_path_node,"{""id"": ""line_33"", ""type"": ""transmission_line"", ""voltage"": ""220kV""}"
node_0425,13.0454671,77.5828853,intermediate_path_node,"{""id"": ""line_33"", ""type"": ""transmission_line"", ""voltage"": ""220kV""}"
node_0426,13.0651535,77.5831666,intermediate_path_node,"{""id"": ""line_34"", ""type"": ""transmission_line"", ""voltage"": ""220kV""}"
node_0427,13.0663913,77.5814811,intermediate_path_node,"{""id"": ""line_34"", ""type"": ""transmission_line"", ""voltage"": ""220kV""}"
node_0428,13.0660256,77.580931,intermediate_path_node,"{""id"": ""line_34"", ""type"": ""transmission_line"", ""voltage"": ""220kV""}"
node_0429,13.064691,77.5828145,intermediate_path_node,"{""id"": ""line_34"", ""type"": ""transmission_line"", ""voltage"": ""220kV""}"
node_0430,13.0261542,77.5810832,intermediate_path_node,"{""id"": ""line_35"", ""type"": ""transmission_line"", ""voltage"": ""220kV""}"
node_0431,13.0258033,77.5810482,intermediate_path_node,"{""id"": ""line_35"", ""type"": ""transmission_line"", ""voltage"": ""220kV""}"
node_0432,13.0255759,77.5811153,intermediate_path_node,"{""id"": ""line_35"", ""type"": ""transmission_line"", ""voltage"": ""220kV""}"
node_0433,13.0255125,77.581155,intermediate_path_node,"{""id"": ""line_35"", ""type"": ""transmission_line"", ""voltage"": ""220kV""}"
node_0434,13.0253523,77.5813114,intermediate_path_node,"{""id"": ""line_35"", ""type"": ""transmission_line"", ""voltage"": ""220kV""}"
node_0435,13.0260479,77.5815474,intermediate_path_node,"{""id"": ""line_35"", ""type"": ""transmission_line"", ""voltage"": ""220kV""}"
node_0436,13.0733865,77.5283038,intermediate_path_node,"{""id"": ""line_36"", ""type"": ""transmission_line"", ""voltage"": ""220kV""}"
node_0437,13.0729768,77.5283859,intermediate_path_node,"{""id"": ""line_36"", ""type"": ""transmission_line"", ""voltage"": ""220kV""}"
node_0438,13.0723472,77.5283881,intermediate_path_node,"{""id"": ""line_36"", ""type"": ""transmission_line"", ""voltage"": ""220kV""}"
node_0439,13.0722151,77.529015,intermediate_path_node,"{""id"": ""line_36"", ""type"": ""transmission_line"", ""voltage"": ""220kV""}"
node_0440,13.07261,77.5290488,intermediate_path_node,"{""id"": ""line_36"", ""type"": ""transmission_line"", ""voltage"": ""220kV""}"
node_0441,13.0727134,77.5289787,intermediate_path_node,"{""id"": ""line_36"", ""type"": ""transmission_line"", ""voltage"": ""220kV""}"
node_0442,13.0728831,77.5289587,intermediate_path_node,"{""id"": ""line_36"", ""type"": ""transmission_line"", ""voltage"": ""220kV""}"
node_0443,13.0730002,77.5288966,intermediate_path_node,"{""id"": ""line_36"", ""type"": ""transmission_line"", ""voltage"": ""220kV""}"
node_0444,13.0731738,77.5288946,intermediate_path_node,"{""id"": ""line_36"", ""type"": ""transmission_line"", ""voltage"": ""220kV""}"
node_0445,12.9275383,77.6677763,intermediate_path_node,"{""id"": ""line_37"", ""type"": ""transmission_line"", ""voltage"": ""220kV""}"
node_0446,12.9274134,77.6678161,intermediate_path_node,"{""id"": ""line_37"", ""type"": ""transmission_line"", ""voltage"": ""220kV""}"
node_0447,12.9273445,77.6678625,intermediate_path_node,"{""id"": ""line_37"", ""type"": ""transmission_line"", ""voltage"": ""220kV""}"
node_0448,12.9273644,77.6682897,intermediate_path_node,"{""id"": ""line_37"", ""type"": ""transmission_line"", ""voltage"": ""220kV""}"
node_0449,12.9276202,77.6682792,intermediate_path_node,"{""id"": ""line_37"", ""type"": ""transmission_line"", ""voltage"": ""220kV""}"
node_0450,12.9834659,77.5748117,intermediate_path_node,"{""id"": ""line_38"", ""type"": ""transmission_line"", ""voltage"": ""220kV""}"
node_0451,12.9825227,77.5746729,intermediate_path_node,"{""id"": ""line_38"", ""type"": ""transmission_line"", ""voltage"": ""220kV""}"
node_0452,12.9824177,77.5756174,intermediate_path_node,"{""id"": ""line_38"", ""type"": ""transmission_line"", ""voltage"": ""220kV""}"
node_0453,12.9823318,77.5757211,intermediate_path_node,"{""id"": ""line_38"", ""type"": ""transmission_line"", ""voltage"": ""220kV""}"
node_0454,12.9826396,77.5760298,intermediate_path_node,"{""id"": ""line_38"", ""type"": ""transmission_line"", ""voltage"": ""220kV""}"
node_0455,12.9830978,77.5761184,intermediate_path_node,"{""id"": ""line_38"", ""type"": ""transmission_line"", ""voltage"": ""220kV""}"
node_0456,12.9831118,77.5761166,intermediate_path_node,"{""id"": ""line_38"", ""type"": ""transmission_line"", ""voltage"": ""220kV""}"
node_0457,12.9833063,77.5760914,intermediate_path_node,"{""id"": ""line_38"", ""type"": ""transmission_line"", ""voltage"": ""220kV""}"
node_0458,13.043765,77.5259221,intermediate_path_node,"{""id"": ""line_39"", ""type"": ""transmission_line"", ""voltage"": ""220kV""}"
node_0459,13.0437483,77.525993,intermediate_path_node,"{""id"": ""line_39"", ""type"": ""transmission_line"", ""voltage"": ""220kV""}"
node_0460,13.0437668,77.5260323,intermediate_path_node,"{""id"": ""line_39"", ""type"": ""transmission_line"", ""voltage"": ""220kV""}"
node_0461,13.0437245,77.5262382,intermediate_path_node,"{""id"": ""line_39"", ""type"": ""transmission_line"", ""voltage"": ""220kV""}"
node_0462,13.0436836,77.5262531,intermediate_path_node,"{""id"": ""line_39"", ""type"": ""transmission_line"", ""voltage"": ""220kV""}"
node_0463,13.0436125,77.5265333,intermediate_path_node,"{""id"": ""line_39"", ""type"": ""transmission_line"", ""voltage"": ""220kV""}"
node_0464,13.0436308,77.5265593,intermediate_path_node,"{""id"": ""line_39"", ""type"": ""transmission_line"", ""voltage"": ""220kV""}"
node_0465,13.0439084,77.5266325,intermediate_path_node,"{""id"": ""line_39"", ""type"": ""transmission_line"", ""voltage"": ""220kV""}"
node_0466,13.0439879,77.5263131,intermediate_path_node,"{""id"": ""line_39"", ""type"": ""transmission_line"", ""voltage"": ""220kV""}"
node_0467,13.0440541,77.5260472,intermediate_path_node,"{""id"": ""line_39"", ""type"": ""transmission_line"", ""voltage"": ""220kV""}"
node_0468,13.0440071,77.525989,intermediate_path_node,"{""id"": ""line_39"", ""type"": ""transmission_line"", ""voltage"": ""220kV""}"
node_0469,13.0437085,77.5256,intermediate_path_node,"{""id"": ""line_40"", ""type"": ""transmission_line"", ""voltage"": ""220kV""}"
node_0470,13.0432013,77.5263206,intermediate_path_node,"{""id"": ""line_40"", ""type"": ""transmission_line"", ""voltage"": ""220kV""}"
node_0471,13.0434963,77.5265466,intermediate_path_node,"{""id"": ""line_40"", ""type"": ""transmission_line"", ""voltage"": ""220kV""}"
node_0472,13.0435678,77.5262784,intermediate_path_node,"{""id"": ""line_40"", ""type"": ""transmission_line"", ""voltage"": ""220kV""}"
node_0473,13.0436967,77.5261156,intermediate_path_node,"{""id"": ""line_40"", ""type"": ""transmission_line"", ""voltage"": ""220kV""}"
node_0474,13.0437091,77.5260626,intermediate_path_node,"{""id"": ""line_40"", ""type"": ""transmission_line"", ""voltage"": ""220kV""}"
node_0475,13.0436338,77.5260203,intermediate_path_node,"{""id"": ""line_40"", ""type"": ""transmission_line"", ""voltage"": ""220kV""}"
node_0476,13.0437433,77.5256237,intermediate_path_node,"{""id"": ""line_40"", ""type"": ""transmission_line"", ""voltage"": ""220kV""}"
node_0477,12.9219874,77.5603407,intermediate_path_node,"{""id"": ""line_41"", ""type"": ""transmission_line"", ""voltage"": ""220kV""}"
node_0478,12.9218111,77.5611518,intermediate_path_node,"{""id"": ""line_41"", ""type"": ""transmission_line"", ""voltage"": ""220kV""}"
node_0479,12.9221634,77.5609962,intermediate_path_node,"{""id"": ""line_41"", ""type"": ""transmission_line"", ""voltage"": ""220kV""}"
node_0480,12.9479605,77.6447222,intermediate_path_node,"{""id"": ""line_42"", ""type"": ""transmission_line"", ""voltage"": ""220kV""}"
node_0481,12.9481055,77.6443481,intermediate_path_node,"{""id"": ""line_42"", ""type"": ""transmission_line"", ""voltage"": ""220kV""}"
node_0482,12.9477459,77.6442012,intermediate_path_node,"{""id"": ""line_42"", ""type"": ""transmission_line"", ""voltage"": ""220kV""}"
node_0483,12.9476008,77.6445753,intermediate_path_node,"{""id"": ""line_42"", ""type"": ""transmission_line"", ""voltage"": ""220kV""}"
node_0484,13.0705548,77.5807051,intermediate_path_node,"{""id"": ""line_43"", ""type"": ""transmission_line"", ""voltage"": ""220kV""}"
node_0485,13.0702228,77.5807716,intermediate_path_node,"{""id"": ""line_43"", ""type"": ""transmission_line"", ""voltage"": ""220kV""}"
node_0486,13.0702563,77.5809479,intermediate_path_node,"{""id"": ""line_43"", ""type"": ""transmission_line"", ""voltage"": ""220kV""}"
node_0487,13.0702042,77.5809583,intermediate_path_node,"{""id"": ""line_43"", ""type"": ""transmission_line"", ""voltage"": ""220kV""}"
node_0488,13.0702237,77.5810607,intermediate_path_node,"{""id"": ""line_43"", ""type"": ""transmission_line"", ""voltage"": ""220kV""}"
node_0489,13.0706419,77.5809769,intermediate_path_node,"{""id"": ""line_43"", ""type"": ""transmission_line"", ""voltage"": ""220kV""}"
node_0490,13.0706048,77.5807815,intermediate_path_node,"{""id"": ""line_43"", ""type"": ""transmission_line"", ""voltage"": ""220kV""}"
node_0491,13.0705706,77.5807883,intermediate_path_node,"{""id"": ""line_43"", ""type"": ""transmission_line"", ""voltage"": ""220kV""}"
node_0492,13.0301306,77.6272511,intermediate_path_node,"{""id"": ""line_44"", ""type"": ""transmission_line"", ""voltage"": ""220kV""}"
node_0493,13.0299928,77.6272145,intermediate_path_node,"{""id"": ""line_44"", ""type"": ""transmission_line"", ""voltage"": ""220kV""}"
node_0494,13.0297175,77.6283064,intermediate_path_node,"{""id"": ""line_44"", ""type"": ""transmission_line"", ""voltage"": ""220kV""}"
node_0495,13.0299021,77.6283554,intermediate_path_node,"{""id"": ""line_44"", ""type"": ""transmission_line"", ""voltage"": ""220kV""}"
node_0496,13.0300062,77.6283831,intermediate_path_node,"{""id"": ""line_44"", ""type"": ""transmission_line"", ""voltage"": ""220kV""}"
node_0497,12.9822111,77.5746143,intermediate_path_node,"{""id"": ""line_45"", ""type"": ""transmission_line"", ""voltage"": ""220kV""}"
node_0498,12.9816979,77.5746613,intermediate_path_node,"{""id"": ""line_45"", ""type"": ""transmission_line"", ""voltage"": ""220kV""}"
node_0499,12.9816819,77.5747784,intermediate_path_node,"{""id"": ""line_45"", ""type"": ""transmission_line"", ""voltage"": ""220kV""}"
node_0500,12.9821718,77.57485,intermediate_path_node,"{""id"": ""line_45"", ""type"": ""transmission_line"", ""voltage"": ""220kV""}"
node_0501,12.9360038,77.520651,intermediate_path_node,"{""id"": ""line_46"", ""type"": ""transmission_line"", ""voltage"": ""220kV""}"
node_0502,12.9358667,77.5206023,intermediate_path_node,"{""id"": ""line_46"", ""type"": ""transmission_line"", ""voltage"": ""220kV""}"
node_0503,12.9357916,77.5208245,intermediate_path_node,"{""id"": ""line_46"", ""type"": ""transmission_line"", ""voltage"": ""220kV""}"
node_0504,12.9359287,77.5208732,intermediate_path_node,"{""id"": ""line_46"", ""type"": ""transmission_line"", ""voltage"": ""220kV""}"
node_0505,12.9776736,77.6645157,intermediate_path_node,"{""id"": ""line_47"", ""type"": ""transmission_line"", ""voltage"": ""220kV""}"
node_0506,12.9774101,77.6643309,intermediate_path_node,"{""id"": ""line_47"", ""type"": ""transmission_line"", ""voltage"": ""220kV""}"
node_0507,12.9772636,77.6645287,intermediate_path_node,"{""id"": ""line_47"", ""type"": ""transmission_line"", ""voltage"": ""220kV""}"
node_0508,12.977173,77.6647431,intermediate_path_node,"{""id"": ""line_47"", ""type"": ""transmission_line"", ""voltage"": ""220kV""}"
node_0509,12.9772965,77.6650167,intermediate_path_node,"{""id"": ""line_47"", ""type"": ""transmission_line"", ""voltage"": ""220kV""}"
node_0510,12.9859882,77.6753132,intermediate_path_node,"{""id"": ""line_48"", ""type"": ""transmission_line"", ""voltage"": ""220kV""}"
node_0511,12.9863255,77.6747875,intermediate_path_node,"{""id"": ""line_48"", ""type"": ""transmission_line"", ""voltage"": ""220kV""}"
node_0512,12.9866082,77.674347,intermediate_path_node,"{""id"": ""line_48"", ""type"": ""transmission_line"", ""voltage"": ""220kV""}"
node_0513,12.9866317,77.6742439,intermediate_path_node,"{""id"": ""line_48"", ""type"": ""transmission_line"", ""voltage"": ""220kV""}"
node_0514,12.9866447,77.6741163,intermediate_path_node,"{""id"": ""line_48"", ""type"": ""transmission_line"", ""voltage"": ""220kV""}"
node_0515,12.9861848,77.6739581,intermediate_path_node,"{""id"": ""line_48"", ""type"": ""transmission_line"", ""voltage"": ""220kV""}"
node_0516,12.9860292,77.6745589,intermediate_path_node,"{""id"": ""line_48"", ""type"": ""transmission_line"", ""voltage"": ""220kV""}"
node_0517,12.9860711,77.6745884,intermediate_path_node,"{""id"": ""line_48"", ""type"": ""transmission_line"", ""voltage"": ""220kV""}"
node_0518,12.9859253,77.6751007,intermediate_path_node,"{""id"": ""line_48"", ""type"": ""transmission_line"", ""voltage"": ""220kV""}"
node_0519,12.9858848,77.675278,intermediate_path_node,"{""id"": ""line_48"", ""type"": ""transmission_line"", ""voltage"": ""220kV""}"
node_0520,12.9741241,77.6138774,intermediate_path_node,"{""id"": ""line_49"", ""type"": ""transmission_line"", ""voltage"": ""220kV""}"
node_0521,12.9741751,77.6137081,intermediate_path_node,"{""id"": ""line_49"", ""type"": ""transmission_line"", ""voltage"": ""220kV""}"
node_0522,12.9739395,77.6136334,intermediate_path_node,"{""id"": ""line_49"", ""type"": ""transmission_line"", ""voltage"": ""220kV""}"
node_0523,12.9738885,77.6138027,intermediate_path_node,"{""id"": ""line_49"", ""type"": ""transmission_line"", ""voltage"": ""220kV""}"
node_0524,13.0507129,77.5808122,intermediate_path_node,"{""id"": ""line_50"", ""type"": ""transmission_line"", ""voltage"": ""220kV""}"
node_0525,13.0505881,77.5807254,intermediate_path_node,"{""id"": ""line_50"", ""type"": ""transmission_line"", ""voltage"": ""220kV""}"
node_0526,13.0504264,77.5809705,intermediate_path_node,"{""id"": ""line_50"", ""type"": ""transmission_line"", ""voltage"": ""220kV""}"
node_0527,13.0505512,77.5810573,intermediate_path_node,"{""id"": ""line_50"", ""type"": ""transmission_line"", ""voltage"": ""220kV""}"
node_0528,13.1037209,77.5852056,intermediate_path_node,"{""id"": ""line_51"", ""type"": ""transmission_line"", ""voltage"": ""220kV""}"
node_0529,13.1035614,77.585206,intermediate_path_node,"{""id"": ""line_51"", ""type"": ""transmission_line"", ""voltage"": ""220kV""}"
node_0530,13.1033962,77.585379,intermediate_path_node,"{""id"": ""line_51"", ""type"": ""transmission_line"", ""voltage"": ""220kV""}"
node_0531,13.103433,77.586097,intermediate_path_node,"{""id"": ""line_51"", ""type"": ""transmission_line"", ""voltage"": ""220kV""}"
node_0532,13.1038272,77.5860739,intermediate_path_node,"{""id"": ""line_51"", ""type"": ""transmission_line"", ""voltage"": ""220kV""}"
node_0533,13.1091725,77.5768197,intermediate_path_node,"{""id"": ""line_52"", ""type"": ""transmission_line"", ""voltage"": ""220kV""}"
node_0534,13.1091417,77.5779258,intermediate_path_node,"{""id"": ""line_52"", ""type"": ""transmission_line"", ""voltage"": ""220kV""}"
node_0535,13.1091849,77.5779268,intermediate_path_node,"{""id"": ""line_52"", ""type"": ""transmission_line"", ""voltage"": ""220kV""}"
node_0536,13.1093918,77.5779318,intermediate_path_node,"{""id"": ""line_52"", ""type"": ""transmission_line"", ""voltage"": ""220kV""}"
node_0537,13.1074066,77.584547,intermediate_path_node,"{""id"": ""line_53"", ""type"": ""transmission_line"", ""voltage"": ""220kV""}"
node_0538,13.1067634,77.5848402,intermediate_path_node,"{""id"": ""line_53"", ""type"": ""transmission_line"", ""voltage"": ""220kV""}"
node_0539,13.1069978,77.5853821,intermediate_path_node,"{""id"": ""line_53"", ""type"": ""transmission_line"", ""voltage"": ""220kV""}"
node_0540,13.1076409,77.5850888,intermediate_path_node,"{""id"": ""line_53"", ""type"": ""transmission_line"", ""voltage"": ""220kV""}"
node_0541,13.0981989,77.569934,intermediate_path_node,"{""id"": ""line_54"", ""type"": ""transmission_line"", ""voltage"": ""220kV""}"
node_0542,13.098285,77.5707656,intermediate_path_node,"{""id"": ""line_54"", ""type"": ""transmission_line"", ""voltage"": ""220kV""}"
node_0543,13.0991195,77.5707072,intermediate_path_node,"{""id"": ""line_54"", ""type"": ""transmission_line"", ""voltage"": ""220kV""}"
node_0544,13.0990504,77.5698678,intermediate_path_node,"{""id"": ""line_54"", ""type"": ""transmission_line"", ""voltage"": ""220kV""}"
node_0545,12.9638484,77.615211,intermediate_path_node,"{""id"": ""line_55"", ""type"": ""transmission_line"", ""voltage"": ""220kV""}"
node_0546,12.9641543,77.6149976,intermediate_path_node,"{""id"": ""line_55"", ""type"": ""transmission_line"", ""voltage"": ""220kV""}"
node_0547,12.9639573,77.6146845,intermediate_path_node,"{""id"": ""line_55"", ""type"": ""transmission_line"", ""voltage"": ""220kV""}"
node_0548,12.9427678,77.6240903,intermediate_path_node,"{""id"": ""line_56"", ""type"": ""transmission_line"", ""voltage"": ""220kV""}"
node_0549,12.9429089,77.6243636,intermediate_path_node,"{""id"": ""line_56"", ""type"": ""transmission_line"", ""voltage"": ""220kV""}"
node_0550,12.9435572,77.6239251,intermediate_path_node,"{""id"": ""line_56"", ""type"": ""transmission_line"", ""voltage"": ""220kV""}"
node_0551,12.9433668,77.623712,intermediate_path_node,"{""id"": ""line_56"", ""type"": ""transmission_line"", ""voltage"": ""220kV""}"
node_0552,12.926679,77.6794529,intermediate_path_node,"{""id"": ""line_57"", ""type"": ""transmission_line"", ""voltage"": ""220kV""}"
node_0553,12.9266802,77.6794556,intermediate_path_node,"{""id"": ""line_57"", ""type"": ""transmission_line"", ""voltage"": ""220kV""}"
node_0554,12.9267856,77.6798266,intermediate_path_node,"{""id"": ""line_57"", ""type"": ""transmission_line"", ""voltage"": ""220kV""}"
node_0555,12.9272893,77.6798274,intermediate_path_node,"{""id"": ""line_57"", ""type"": ""transmission_line"", ""voltage"": ""220kV""}"
node_0556,12.9270831,77.6794716,intermediate_path_node,"{""id"": ""line_57"", ""type"": ""transmission_line"", ""voltage"": ""220kV""}"
node_0557,13.0282472,77.5333511,intermediate_path_node,"{""id"": ""line_58"", ""type"": ""transmission_line"", ""voltage"": ""220kV""}"
node_0558,13.0281798,77.5334702,intermediate_path_node,"{""id"": ""line_58"", ""type"": ""transmission_line"", ""voltage"": ""220kV""}"
node_0559,13.0284861,77.5336528,intermediate_path_node,"{""id"": ""line_58"", ""type"": ""transmission_line"", ""voltage"": ""220kV""}"
node_0560,13.0285535,77.5335337,intermediate_path_node,"{""id"": ""line_58"", ""type"": ""transmission_line"", ""voltage"": ""220kV""}"
node_0561,13.0544215,77.5608928,intermediate_path_node,"{""id"": ""line_59"", ""type"": ""transmission_line"", ""voltage"": ""220kV""}"
node_0562,13.0542313,77.5608991,intermediate_path_node,"{""id"": ""line_59"", ""type"": ""transmission_line"", ""voltage"": ""220kV""}"
node_0563,13.0542363,77.5610564,intermediate_path_node,"{""id"": ""line_59"", ""type"": ""transmission_line"", ""voltage"": ""220kV""}"
node_0564,13.0541542,77.5610592,intermediate_path_node,"{""id"": ""line_59"", ""type"": ""transmission_line"", ""voltage"": ""220kV""}"
node_0565,13.0541698,77.5615517,intermediate_path_node,"{""id"": ""line_59"", ""type"": ""transmission_line"", ""voltage"": ""220kV""}"
node_0566,13.054442,77.5615426,intermediate_path_node,"{""id"": ""line_59"", ""type"": ""transmission_line"", ""voltage"": ""220kV""}"
node_0567,13.0618245,77.5058893,intermediate_path_node,"{""id"": ""line_60"", ""type"": ""transmission_line"", ""voltage"": ""220kV""}"
node_0568,13.0613594,77.5057459,intermediate_path_node,"{""id"": ""line_60"", ""type"": ""transmission_line"", ""voltage"": ""220kV""}"
node_0569,13.0612262,77.5064848,intermediate_path_node,"{""id"": ""line_60"", ""type"": ""transmission_line"", ""voltage"": ""220kV""}"
node_0570,13.0612392,77.5066068,intermediate_path_node,"{""id"": ""line_60"", ""type"": ""transmission_line"", ""voltage"": ""220kV""}"
node_0571,13.0617709,77.5062715,intermediate_path_node,"{""id"": ""line_60"", ""type"": ""transmission_line"", ""voltage"": ""220kV""}"
node_0572,13.0617435,77.506179,intermediate_path_node,"{""id"": ""line_60"", ""type"": ""transmission_line"", ""voltage"": ""220kV""}"
node_0573,13.0618519,77.5061146,intermediate_path_node,"{""id"": ""line_60"", ""type"": ""transmission_line"", ""voltage"": ""220kV""}"
node_0574,13.0353762,77.5312965,intermediate_path_node,"{""id"": ""line_61"", ""type"": ""transmission_line"", ""voltage"": ""220kV""}"
node_0575,13.0352843,77.5315992,intermediate_path_node,"{""id"": ""line_61"", ""type"": ""transmission_line"", ""voltage"": ""220kV""}"
node_0576,13.0354696,77.5316647,intermediate_path_node,"{""id"": ""line_61"", ""type"": ""transmission_line"", ""voltage"": ""220kV""}"
node_0577,13.0357205,77.5314702,intermediate_path_node,"{""id"": ""line_61"", ""type"": ""transmission_line"", ""voltage"": ""220kV""}"
node_0578,13.0356764,77.5313968,intermediate_path_node,"{""id"": ""line_61"", ""type"": ""transmission_line"", ""voltage"": ""220kV""}"
node_0579,12.9585403,77.5284681,intermediate_path_node,"{""id"": ""line_62"", ""type"": ""transmission_line"", ""voltage"": ""220kV""}"
node_0580,12.9584273,77.5288067,intermediate_path_node,"{""id"": ""line_62"", ""type"": ""transmission_line"", ""voltage"": ""220kV""}"
node_0581,12.9588596,77.5289586,intermediate_path_node,"{""id"": ""line_62"", ""type"": ""transmission_line"", ""voltage"": ""220kV""}"
node_0582,12.9589726,77.5286201,intermediate_path_node,"{""id"": ""line_62"", ""type"": ""transmission_line"", ""voltage"": ""220kV""}"
node_0583,13.0009481,77.54813,intermediate_path_node,"{""id"": ""line_63"", ""type"": ""transmission_line"", ""voltage"": ""220kV""}"
node_0584,13.0011093,77.5485462,intermediate_path_node,"{""id"": ""line_63"", ""type"": ""transmission_line"", ""voltage"": ""220kV""}"
node_0585,13.0013263,77.5484577,intermediate_path_node,"{""id"": ""line_63"", ""type"": ""transmission_line"", ""voltage"": ""220kV""}"
node_0586,13.0011881,77.5481008,intermediate_path_node,"{""id"": ""line_63"", ""type"": ""transmission_line"", ""voltage"": ""220kV""}"
node_0587,13.0011651,77.5480415,intermediate_path_node,"{""id"": ""line_63"", ""type"": ""transmission_line"", ""voltage"": ""220kV""}"
node_0588,13.0010699,77.5480802,intermediate_path_node,"{""id"": ""line_63"", ""type"": ""transmission_line"", ""voltage"": ""220kV""}"
node_0589,12.9798687,77.5360424,intermediate_path_node,"{""id"": ""line_64"", ""type"": ""transmission_line"", ""voltage"": ""220kV""}"
node_0590,12.9797851,77.5363039,intermediate_path_node,"{""id"": ""line_64"", ""type"": ""transmission_line"", ""voltage"": ""220kV""}"
node_0591,12.980581,77.5365721,intermediate_path_node,"{""id"": ""line_64"", ""type"": ""transmission_line"", ""voltage"": ""220kV""}"
node_0592,12.9806646,77.5363106,intermediate_path_node,"{""id"": ""line_64"", ""type"": ""transmission_line"", ""voltage"": ""220kV""}"
node_0593,12.8950015,77.577711,intermediate_path_node,"{""id"": ""line_65"", ""type"": ""transmission_line"", ""voltage"": ""220kV""}"
node_0594,12.8950511,77.5778049,intermediate_path_node,"{""id"": ""line_65"", ""type"": ""transmission_line"", ""voltage"": ""220kV""}"
node_0595,12.8951427,77.5780034,intermediate_path_node,"{""id"": ""line_65"", ""type"": ""transmission_line"", ""voltage"": ""220kV""}"
node_0596,12.8954224,77.5778424,intermediate_path_node,"{""id"": ""line_65"", ""type"": ""transmission_line"", ""voltage"": ""220kV""}"
node_0597,12.8953205,77.5776547,intermediate_path_node,"{""id"": ""line_65"", ""type"": ""transmission_line"", ""voltage"": ""220kV""}"
node_0598,12.8952838,77.5775796,intermediate_path_node,"{""id"": ""line_65"", ""type"": ""transmission_line"", ""voltage"": ""220kV""}"
node_0599,12.9202877,77.5987766,intermediate_path_node,"{""id"": ""line_66"", ""type"": ""transmission_line"", ""voltage"": ""220kV""}"
node_0600,12.9198835,77.5987694,intermediate_path_node,"{""id"": ""line_66"", ""type"": ""transmission_line"", ""voltage"": ""220kV""}"
node_0601,12.9198736,77.5993623,intermediate_path_node,"{""id"": ""line_66"", ""type"": ""transmission_line"", ""voltage"": ""220kV""}"
node_0602,12.9199755,77.5993641,intermediate_path_node,"{""id"": ""line_66"", ""type"": ""transmission_line"", ""voltage"": ""220kV""}"
node_0603,12.920173,77.5993676,intermediate_path_node,"{""id"": ""line_66"", ""type"": ""transmission_line"", ""voltage"": ""220kV""}"
node_0604,12.9202777,77.5993691,intermediate_path_node,"{""id"": ""line_66"", ""type"": ""transmission_line"", ""voltage"": ""220kV""}"
node_0605,13.0542423,77.62398,intermediate_path_node,"{""id"": ""line_67"", ""type"": ""transmission_line"", ""voltage"": ""220kV""}"
node_0606,13.0543455,77.6239811,intermediate_path_node,"{""id"": ""line_67"", ""type"": ""transmission_line"", ""voltage"": ""220kV""}"
node_0607,13.0543464,77.6238975,intermediate_path_node,"{""id"": ""line_67"", ""type"": ""transmission_line"", ""voltage"": ""220kV""}"
node_0608,13.0542432,77.6238964,intermediate_path_node,"{""id"": ""line_67"", ""type"": ""transmission_line"", ""voltage"": ""220kV""}"
node_0609,12.9911445,77.653786,intermediate_path_node,"{""id"": ""line_68"", ""type"": ""transmission_line"", ""voltage"": ""220kV""}"
node_0610,12.991291,77.654322,intermediate_path_node,"{""id"": ""line_68"", ""type"": ""transmission_line"", ""voltage"": ""220kV""}"
node_0611,12.991349,77.6544893,intermediate_path_node,"{""id"": ""line_68"", ""type"": ""transmission_line"", ""voltage"": ""220kV""}"
node_0612,12.9914236,77.6546452,intermediate_path_node,"{""id"": ""line_68"", ""type"": ""transmission_line"", ""voltage"": ""220kV""}"
node_0613,12.9917336,77.6545126,intermediate_path_node,"{""id"": ""line_68"", ""type"": ""transmission_line"", ""voltage"": ""220kV""}"
node_0614,12.9913739,77.6536849,intermediate_path_node,"{""id"": ""line_68"", ""type"": ""transmission_line"", ""voltage"": ""220kV""}"
node_0615,12.9685161,77.6622301,intermediate_path_node,"{""id"": ""line_69"", ""type"": ""transmission_line"", ""voltage"": ""220kV""}"
node_0616,12.9678444,77.6625976,intermediate_path_node,"{""id"": ""line_69"", ""type"": ""transmission_line"", ""voltage"": ""220kV""}"
node_0617,12.9679254,77.6627371,intermediate_path_node,"{""id"": ""line_69"", ""type"": ""transmission_line"", ""voltage"": ""220kV""}"
node_0618,12.9680169,77.6628551,intermediate_path_node,"{""id"": ""line_69"", ""type"": ""transmission_line"", ""voltage"": ""220kV""}"
node_0619,12.9686416,77.6624688,intermediate_path_node,"{""id"": ""line_69"", ""type"": ""transmission_line"", ""voltage"": ""220kV""}"
node_0620,12.9687026,77.6627005,intermediate_path_node,"{""id"": ""line_69"", ""type"": ""transmission_line"", ""voltage"": ""220kV""}"
node_0621,12.9690542,77.6624744,intermediate_path_node,"{""id"": ""line_69"", ""type"": ""transmission_line"", ""voltage"": ""220kV""}"
node_0622,12.96941,77.6618171,intermediate_path_node,"{""id"": ""line_69"", ""type"": ""transmission_line"", ""voltage"": ""220kV""}"
node_0623,12.9693065,77.6616239,intermediate_path_node,"{""id"": ""line_69"", ""type"": ""transmission_line"", ""voltage"": ""220kV""}"
node_0624,13.0206835,77.6489897,intermediate_path_node,"{""id"": ""line_70"", ""type"": ""transmission_line"", ""voltage"": ""220kV""}"
node_0625,13.0200882,77.6487402,intermediate_path_node,"{""id"": ""line_70"", ""type"": ""transmission_line"", ""voltage"": ""220kV""}"
node_0626,13.0201683,77.6491629,intermediate_path_node,"{""id"": ""line_70"", ""type"": ""transmission_line"", ""voltage"": ""220kV""}"
node_0627,12.947886,77.6987123,intermediate_path_node,"{""id"": ""line_71"", ""type"": ""transmission_line"", ""voltage"": ""220kV""}"
node_0628,12.9480794,77.6982911,intermediate_path_node,"{""id"": ""line_71"", ""type"": ""transmission_line"", ""voltage"": ""220kV""}"
node_0629,12.9476187,77.6982676,intermediate_path_node,"{""id"": ""line_71"", ""type"": ""transmission_line"", ""voltage"": ""220kV""}"
node_0630,12.9476076,77.6983891,intermediate_path_node,"{""id"": ""line_71"", ""type"": ""transmission_line"", ""voltage"": ""220kV""}"
node_0631,12.9475305,77.6985862,intermediate_path_node,"{""id"": ""line_71"", ""type"": ""transmission_line"", ""voltage"": ""220kV""}"
node_0632,13.1153302,77.5817966,intermediate_path_node,"{""id"": ""line_72"", ""type"": ""transmission_line"", ""voltage"": ""220kV""}"
node_0633,13.1157259,77.5828121,intermediate_path_node,"{""id"": ""line_72"", ""type"": ""transmission_line"", ""voltage"": ""220kV""}"
node_0634,13.116653,77.5824312,intermediate_path_node,"{""id"": ""line_72"", ""type"": ""transmission_line"", ""voltage"": ""220kV""}"
node_0635,13.1162572,77.5814157,intermediate_path_node,"{""id"": ""line_72"", ""type"": ""transmission_line"", ""voltage"": ""220kV""}"
node_0636,12.9326232,77.7317078,intermediate_path_node,"{""id"": ""line_73"", ""type"": ""transmission_line"", ""voltage"": ""220kV""}"
node_0637,12.9323192,77.7316447,intermediate_path_node,"{""id"": ""line_73"", ""type"": ""transmission_line"", ""voltage"": ""220kV""}"
node_0638,12.9321673,77.7323752,intermediate_path_node,"{""id"": ""line_73"", ""type"": ""transmission_line"", ""voltage"": ""220kV""}"
node_0639,12.9325829,77.7324442,intermediate_path_node,"{""id"": ""line_73"", ""type"": ""transmission_line"", ""voltage"": ""220kV""}"
node_0640,12.9921259,77.5994385,intermediate_path_node,"{""id"": ""line_74"", ""type"": ""transmission_line"", ""voltage"": ""220kV""}"
node_0641,12.9923847,77.5995511,intermediate_path_node,"{""id"": ""line_74"", ""type"": ""transmission_line"", ""voltage"": ""220kV""}"
node_0642,12.9925699,77.5991027,intermediate_path_node,"{""id"": ""line_74"", ""type"": ""transmission_line"", ""voltage"": ""220kV""}"
node_0643,12.9923111,77.5989901,intermediate_path_node,"{""id"": ""line_74"", ""type"": ""transmission_line"", ""voltage"": ""220kV""}"
node_0644,13.0151421,77.563776,intermediate_path_node,"{""id"": ""line_75"", ""type"": ""transmission_line"", ""voltage"": ""220kV""}"
node_0645,13.0153201,77.5634453,intermediate_path_node,"{""id"": ""line_75"", ""type"": ""transmission_line"", ""voltage"": ""220kV""}"
node_0646,13.0151457,77.5633234,intermediate_path_node,"{""id"": ""line_75"", ""type"": ""transmission_line"", ""voltage"": ""220kV""}"
node_0647,13.0150174,77.5635166,intermediate_path_node,"{""id"": ""line_75"", ""type"": ""transmission_line"", ""voltage"": ""220kV""}"
node_0648,13.0150328,77.5636201,intermediate_path_node,"{""id"": ""line_75"", ""type"": ""transmission_line"", ""voltage"": ""220kV""}"
node_0649,13.0150831,77.56361,intermediate_path_node,"{""id"": ""line_75"", ""type"": ""transmission_line"", ""voltage"": ""220kV""}"
node_0650,12.8731231,77.5651824,intermediate_path_node,"{""id"": ""line_76"", ""type"": ""transmission_line"", ""voltage"": ""220kV""}"
node_0651,12.8729714,77.5661534,intermediate_path_node,"{""id"": ""line_76"", ""type"": ""transmission_line"", ""voltage"": ""220kV""}"
node_0652,12.8733246,77.5661923,intermediate_path_node,"{""id"": ""line_76"", ""type"": ""transmission_line"", ""voltage"": ""220kV""}"
node_0653,12.8739206,77.566258,intermediate_path_node,"{""id"": ""line_76"", ""type"": ""transmission_line"", ""voltage"": ""220kV""}"
node_0654,12.8739834,77.5659791,intermediate_path_node,"{""id"": ""line_76"", ""type"": ""transmission_line"", ""voltage"": ""220kV""}"
node_0655,12.8741141,77.5658315,intermediate_path_node,"{""id"": ""line_76"", ""type"": ""transmission_line"", ""voltage"": ""220kV""}"
node_0656,12.904298,77.6643139,intermediate_path_node,"{""id"": ""line_77"", ""type"": ""transmission_line"", ""voltage"": ""220kV""}"
node_0657,12.9043572,77.6643395,intermediate_path_node,"{""id"": ""line_77"", ""type"": ""transmission_line"", ""voltage"": ""220kV""}"
node_0658,12.9044592,77.6643856,intermediate_path_node,"{""id"": ""line_77"", ""type"": ""transmission_line"", ""voltage"": ""220kV""}"
node_0659,12.9047209,77.6641774,intermediate_path_node,"{""id"": ""line_77"", ""type"": ""transmission_line"", ""voltage"": ""220kV""}"
node_0660,12.9044242,77.6640433,intermediate_path_node,"{""id"": ""line_77"", ""type"": ""transmission_line"", ""voltage"": ""220kV""}"
node_0661,13.0772398,77.6351489,intermediate_path_node,"{""id"": ""line_78"", ""type"": ""transmission_line"", ""voltage"": ""220kV""}"
node_0662,13.0772852,77.6346696,intermediate_path_node,"{""id"": ""line_78"", ""type"": ""transmission_line"", ""voltage"": ""220kV""}"
node_0663,13.0766927,77.6346104,intermediate_path_node,"{""id"": ""line_78"", ""type"": ""transmission_line"", ""voltage"": ""220kV""}"
node_0664,13.0766472,77.6350897,intermediate_path_node,"{""id"": ""line_78"", ""type"": ""transmission_line"", ""voltage"": ""220kV""}"
node_0665,13.0227281,77.5761702,intermediate_path_node,"{""id"": ""line_79"", ""type"": ""transmission_line"", ""voltage"": ""220kV""}"
node_0666,13.0222335,77.5761835,intermediate_path_node,"{""id"": ""line_79"", ""type"": ""transmission_line"", ""voltage"": ""220kV""}"
node_0667,13.0222454,77.5766508,intermediate_path_node,"{""id"": ""line_79"", ""type"": ""transmission_line"", ""voltage"": ""220kV""}"
node_0668,13.02274,77.5766375,intermediate_path_node,"{""id"": ""line_79"", ""type"": ""transmission_line"", ""voltage"": ""220kV""}"
node_0669,13.0190608,77.5722329,intermediate_path_node,"{""id"": ""line_80"", ""type"": ""transmission_line"", ""voltage"": ""220kV""}"
node_0670,13.0190524,77.5719607,intermediate_path_node,"{""id"": ""line_80"", ""type"": ""transmission_line"", ""voltage"": ""220kV""}"
node_0671,13.0186629,77.5719735,intermediate_path_node,"{""id"": ""line_80"", ""type"": ""transmission_line"", ""voltage"": ""220kV""}"
node_0672,13.0186714,77.5722457,intermediate_path_node,"{""id"": ""line_80"", ""type"": ""transmission_line"", ""voltage"": ""220kV""}"
node_0673,12.9429428,77.6673442,intermediate_path_node,"{""id"": ""line_81"", ""type"": ""transmission_line"", ""voltage"": ""220kV""}"
node_0674,12.9429835,77.66807,intermediate_path_node,"{""id"": ""line_81"", ""type"": ""transmission_line"", ""voltage"": ""220kV""}"
node_0675,12.9436616,77.66803,intermediate_path_node,"{""id"": ""line_81"", ""type"": ""transmission_line"", ""voltage"": ""220kV""}"
node_0676,12.9436209,77.6673042,intermediate_path_node,"{""id"": ""line_81"", ""type"": ""transmission_line"", ""voltage"": ""220kV""}"
node_0677,13.0022117,77.6191082,intermediate_path_node,"{""id"": ""line_82"", ""type"": ""transmission_line"", ""voltage"": ""220kV""}"
node_0678,13.0016205,77.6189122,intermediate_path_node,"{""id"": ""line_82"", ""type"": ""transmission_line"", ""voltage"": ""220kV""}"
node_0679,13.0015406,77.6191661,intermediate_path_node,"{""id"": ""line_82"", ""type"": ""transmission_line"", ""voltage"": ""220kV""}"
node_0680,13.0017608,77.6192391,intermediate_path_node,"{""id"": ""line_82"", ""type"": ""transmission_line"", ""voltage"": ""220kV""}"
node_0681,13.0018027,77.6191061,intermediate_path_node,"{""id"": ""line_82"", ""type"": ""transmission_line"", ""voltage"": ""220kV""}"
node_0682,13.0021737,77.6192291,intermediate_path_node,"{""id"": ""line_82"", ""type"": ""transmission_line"", ""voltage"": ""220kV""}"
node_0683,13.0145228,77.5554085,intermediate_path_node,"{""id"": ""line_83"", ""type"": ""transmission_line"", ""voltage"": ""220kV""}"
node_0684,13.0145253,77.5556059,intermediate_path_node,"{""id"": ""line_83"", ""type"": ""transmission_line"", ""voltage"": ""220kV""}"
node_0685,13.0149688,77.5556058,intermediate_path_node,"{""id"": ""line_83"", ""type"": ""transmission_line"", ""voltage"": ""220kV""}"
node_0686,12.9303974,77.6970018,intermediate_path_node,"{""id"": ""line_84"", ""type"": ""transmission_line"", ""voltage"": ""220kV""}"
node_0687,12.9305984,77.6970578,intermediate_path_node,"{""id"": ""line_84"", ""type"": ""transmission_line"", ""voltage"": ""220kV""}"
node_0688,12.9305367,77.6971484,intermediate_path_node,"{""id"": ""line_84"", ""type"": ""transmission_line"", ""voltage"": ""220kV""}"
node_0689,12.9309064,77.6972648,intermediate_path_node,"{""id"": ""line_84"", ""type"": ""transmission_line"", ""voltage"": ""220kV""}"
node_0690,12.9309394,77.6970003,intermediate_path_node,"{""id"": ""line_84"", ""type"": ""transmission_line"", ""voltage"": ""220kV""}"
node_0691,12.9310163,77.6962965,intermediate_path_node,"{""id"": ""line_84"", ""type"": ""transmission_line"", ""voltage"": ""220kV""}"
node_0692,12.9309326,77.6962722,intermediate_path_node,"{""id"": ""line_84"", ""type"": ""transmission_line"", ""voltage"": ""220kV""}"
node_0693,12.9305809,77.6961943,intermediate_path_node,"{""id"": ""line_84"", ""type"": ""transmission_line"", ""voltage"": ""220kV""}"
node_0694,12.9305594,77.696399,intermediate_path_node,"{""id"": ""line_84"", ""type"": ""transmission_line"", ""voltage"": ""220kV""}"
node_0695,12.9816308,77.5192155,intermediate_path_node,"{""id"": ""line_85"", ""type"": ""transmission_line"", ""voltage"": ""220kV""}"
node_0696,12.9816581,77.5191035,intermediate_path_node,"{""id"": ""line_85"", ""type"": ""transmission_line"", ""voltage"": ""220kV""}"
node_0697,12.9817778,77.5190393,intermediate_path_node,"{""id"": ""line_85"", ""type"": ""transmission_line"", ""voltage"": ""220kV""}"
node_0698,12.9817271,77.5189619,intermediate_path_node,"{""id"": ""line_85"", ""type"": ""transmission_line"", ""voltage"": ""220kV""}"
node_0699,12.9816131,77.5188752,intermediate_path_node,"{""id"": ""line_85"", ""type"": ""transmission_line"", ""voltage"": ""220kV""}"
node_0700,12.9815355,77.5191911,intermediate_path_node,"{""id"": ""line_85"", ""type"": ""transmission_line"", ""voltage"": ""220kV""}"
node_0701,12.9382758,77.6977191,intermediate_path_node,"{""id"": ""line_86"", ""type"": ""transmission_line"", ""voltage"": ""220kV""}"
node_0702,12.9385562,77.6971491,intermediate_path_node,"{""id"": ""line_86"", ""type"": ""transmission_line"", ""voltage"": ""220kV""}"
node_0703,12.9380267,77.6969932,intermediate_path_node,"{""id"": ""line_86"", ""type"": ""transmission_line"", ""voltage"": ""220kV""}"
node_0704,12.9375538,77.6968539,intermediate_path_node,"{""id"": ""line_86"", ""type"": ""transmission_line"", ""voltage"": ""220kV""}"
node_0705,12.9374252,77.6972851,intermediate_path_node,"{""id"": ""line_86"", ""type"": ""transmission_line"", ""voltage"": ""220kV""}"
node_0706,12.9374196,77.6973039,intermediate_path_node,"{""id"": ""line_86"", ""type"": ""transmission_line"", ""voltage"": ""220kV""}"
node_0707,12.937623,77.6973613,intermediate_path_node,"{""id"": ""line_86"", ""type"": ""transmission_line"", ""voltage"": ""220kV""}"
node_0708,12.9375506,77.6975972,intermediate_path_node,"{""id"": ""line_86"", ""type"": ""transmission_line"", ""voltage"": ""220kV""}"
node_0709,12.9677607,77.7217215,intermediate_path_node,"{""id"": ""line_87"", ""type"": ""transmission_line"", ""voltage"": ""220kV""}"
node_0710,12.9676359,77.7216679,intermediate_path_node,"{""id"": ""line_87"", ""type"": ""transmission_line"", ""voltage"": ""220kV""}"
node_0711,12.9673334,77.7216746,intermediate_path_node,"{""id"": ""line_87"", ""type"": ""transmission_line"", ""voltage"": ""220kV""}"
node_0712,12.9673719,77.7221239,intermediate_path_node,"{""id"": ""line_87"", ""type"": ""transmission_line"", ""voltage"": ""220kV""}"
node_0713,12.9677614,77.7220991,intermediate_path_node,"{""id"": ""line_87"", ""type"": ""transmission_line"", ""voltage"": ""220kV""}"
node_0714,13.0685472,77.5880087,intermediate_path_node,"{""id"": ""line_88"", ""type"": ""transmission_line"", ""voltage"": ""220kV""}"
node_0715,13.0684083,77.5880563,intermediate_path_node,"{""id"": ""line_88"", ""type"": ""transmission_line"", ""voltage"": ""220kV""}"
node_0716,13.0682027,77.5884197,intermediate_path_node,"{""id"": ""line_88"", ""type"": ""transmission_line"", ""voltage"": ""220kV""}"
node_0717,13.0685526,77.5887778,intermediate_path_node,"{""id"": ""line_88"", ""type"": ""transmission_line"", ""voltage"": ""220kV""}"
node_0718,13.068901,77.588395,intermediate_path_node,"{""id"": ""line_88"", ""type"": ""transmission_line"", ""voltage"": ""220kV""}"
node_0719,12.8752199,77.612046,intermediate_path_node,"{""id"": ""line_89"", ""type"": ""transmission_line"", ""voltage"": ""220kV""}"
node_0720,12.8752619,77.6114854,intermediate_path_node,"{""id"": ""line_89"", ""type"": ""transmission_line"", ""voltage"": ""220kV""}"
node_0721,12.874815,77.6114501,intermediate_path_node,"{""id"": ""line_89"", ""type"": ""transmission_line"", ""voltage"": ""220kV""}"
node_0722,12.8747838,77.6118667,intermediate_path_node,"{""id"": ""line_89"", ""type"": ""transmission_line"", ""voltage"": ""220kV""}"
node_0723,12.8749038,77.6120326,intermediate_path_node,"{""id"": ""line_89"", ""type"": ""transmission_line"", ""voltage"": ""220kV""}"
node_0724,13.0346721,77.4998889,intermediate_path_node,"{""id"": ""line_90"", ""type"": ""transmission_line"", ""voltage"": ""220kV""}"
node_0725,13.0343676,77.4998451,intermediate_path_node,"{""id"": ""line_90"", ""type"": ""transmission_line"", ""voltage"": ""220kV""}"
node_0726,13.0342696,77.5005622,intermediate_path_node,"{""id"": ""line_90"", ""type"": ""transmission_line"", ""voltage"": ""220kV""}"
node_0727,13.0345742,77.500606,intermediate_path_node,"{""id"": ""line_90"", ""type"": ""transmission_line"", ""voltage"": ""220kV""}"
node_0728,12.9752418,77.6042056,intermediate_path_node,"{""id"": ""line_91"", ""type"": ""transmission_line"", ""voltage"": ""220kV""}"
node_0729,12.9754756,77.604257,intermediate_path_node,"{""id"": ""line_91"", ""type"": ""transmission_line"", ""voltage"": ""220kV""}"
node_0730,12.9754847,77.6042164,intermediate_path_node,"{""id"": ""line_91"", ""type"": ""transmission_line"", ""voltage"": ""220kV""}"
node_0731,12.9752918,77.6041704,intermediate_path_node,"{""id"": ""line_91"", ""type"": ""transmission_line"", ""voltage"": ""220kV""}"
node_0732,12.9752487,77.6041765,intermediate_path_node,"{""id"": ""line_91"", ""type"": ""transmission_line"", ""voltage"": ""220kV""}"
node_0733,12.9698646,77.5914888,intermediate_path_node,"{""id"": ""line_92"", ""type"": ""transmission_line"", ""voltage"": ""220kV""}"
node_0734,12.9696488,77.5916133,intermediate_path_node,"{""id"": ""line_92"", ""type"": ""transmission_line"", ""voltage"": ""220kV""}"
node_0735,12.9697773,77.5918758,intermediate_path_node,"{""id"": ""line_92"", ""type"": ""transmission_line"", ""voltage"": ""220kV""}"
node_0736,12.9644116,77.5730987,intermediate_path_node,"{""id"": ""line_93"", ""type"": ""transmission_line"", ""voltage"": ""220kV""}"
node_0737,12.964391,77.5728398,intermediate_path_node,"{""id"": ""line_93"", ""type"": ""transmission_line"", ""voltage"": ""220kV""}"
node_0738,12.9640047,77.5728495,intermediate_path_node,"{""id"": ""line_93"", ""type"": ""transmission_line"", ""voltage"": ""220kV""}"
node_0739,12.9641027,77.573107,intermediate_path_node,"{""id"": ""line_93"", ""type"": ""transmission_line"", ""voltage"": ""220kV""}"
node_0740,12.966608,77.545664,intermediate_path_node,"{""id"": ""line_94"", ""type"": ""transmission_line"", ""voltage"": ""220kV""}"
node_0741,12.9669099,77.5462608,intermediate_path_node,"{""id"": ""line_94"", ""type"": ""transmission_line"", ""voltage"": ""220kV""}"
node_0742,12.9669524,77.5462074,intermediate_path_node,"{""id"": ""line_94"", ""type"": ""transmission_line"", ""voltage"": ""220kV""}"
node_0743,12.9671239,77.5457671,intermediate_path_node,"{""id"": ""line_94"", ""type"": ""transmission_line"", ""voltage"": ""220kV""}"
node_0744,12.9668638,77.5456509,intermediate_path_node,"{""id"": ""line_94"", ""type"": ""transmission_line"", ""voltage"": ""220kV""}"
node_0745,12.9669073,77.5455447,intermediate_path_node,"{""id"": ""line_94"", ""type"": ""transmission_line"", ""voltage"": ""220kV""}"
node_0746,12.9668665,77.5455243,intermediate_path_node,"{""id"": ""line_94"", ""type"": ""transmission_line"", ""voltage"": ""220kV""}"
node_0747,12.9790539,77.5034671,intermediate_path_node,"{""id"": ""line_95"", ""type"": ""transmission_line"", ""voltage"": ""220kV""}"
node_0748,12.978486,77.5033225,intermediate_path_node,"{""id"": ""line_95"", ""type"": ""transmission_line"", ""voltage"": ""220kV""}"
node_0749,12.9784269,77.5035672,intermediate_path_node,"{""id"": ""line_95"", ""type"": ""transmission_line"", ""voltage"": ""220kV""}"
node_0750,12.9789948,77.5037117,intermediate_path_node,"{""id"": ""line_95"", ""type"": ""transmission_line"", ""voltage"": ""220kV""}"
node_0751,12.9531068,77.5733686,intermediate_path_node,"{""id"": ""line_96"", ""type"": ""transmission_line"", ""voltage"": ""220kV""}"
node_0752,12.9527532,77.5733803,intermediate_path_node,"{""id"": ""line_96"", ""type"": ""transmission_line"", ""voltage"": ""220kV""}"
node_0753,12.9527492,77.5735254,intermediate_path_node,"{""id"": ""line_96"", ""type"": ""transmission_line"", ""voltage"": ""220kV""}"
node_0754,12.932466,77.5834902,intermediate_path_node,"{""id"": ""line_97"", ""type"": ""transmission_line"", ""voltage"": ""220kV""}"
node_0755,12.9324666,77.5832304,intermediate_path_node,"{""id"": ""line_97"", ""type"": ""transmission_line"", ""voltage"": ""220kV""}"
node_0756,12.9321683,77.5832297,intermediate_path_node,"{""id"": ""line_97"", ""type"": ""transmission_line"", ""voltage"": ""220kV""}"
node_0757,12.9454418,77.5314027,intermediate_path_node,"{""id"": ""line_98"", ""type"": ""transmission_line"", ""voltage"": ""220kV""}"
node_0758,12.945911,77.5312136,intermediate_path_node,"{""id"": ""line_98"", ""type"": ""transmission_line"", ""voltage"": ""220kV""}"
node_0759,12.9458391,77.5309923,intermediate_path_node,"{""id"": ""line_98"", ""type"": ""transmission_line"", ""voltage"": ""220kV""}"
node_0760,12.9459629,77.5309448,intermediate_path_node,"{""id"": ""line_98"", ""type"": ""transmission_line"", ""voltage"": ""220kV""}"
node_0761,12.9459321,77.5308415,intermediate_path_node,"{""id"": ""line_98"", ""type"": ""transmission_line"", ""voltage"": ""220kV""}"
node_0762,12.9458963,77.5307082,intermediate_path_node,"{""id"": ""line_98"", ""type"": ""transmission_line"", ""voltage"": ""220kV""}"
node_0763,12.9717029,77.6050593,intermediate_path_node,"{""id"": ""line_99"", ""type"": ""transmission_line"", ""voltage"": ""220kV""}"
node_0764,12.9719492,77.604971,intermediate_path_node,"{""id"": ""line_99"", ""type"": ""transmission_line"", ""voltage"": ""220kV""}"
node_0765,12.9718212,77.6045757,intermediate_path_node,"{""id"": ""line_99"", ""type"": ""transmission_line"", ""voltage"": ""220kV""}"
node_0766,12.9717077,77.6046179,intermediate_path_node,"{""id"": ""line_99"", ""type"": ""transmission_line"", ""voltage"": ""220kV""}"
node_0767,12.9981049,77.623794,intermediate_path_node,"{""id"": ""line_100"", ""type"": ""transmission_line"", ""voltage"": ""220kV""}"
node_0768,12.9978246,77.6233746,intermediate_path_node,"{""id"": ""line_100"", ""type"": ""transmission_line"", ""voltage"": ""220kV""}"
node_0769,12.9976482,77.6235878,intermediate_path_node,"{""id"": ""line_100"", ""type"": ""transmission_line"", ""voltage"": ""220kV""}"
node_0770,12.9978344,77.6238061,intermediate_path_node,"{""id"": ""line_100"", ""type"": ""transmission_line"", ""voltage"": ""220kV""}"
node_0771,12.9979344,77.6238252,intermediate_path_node,"{""id"": ""line_100"", ""type"": ""transmission_line"", ""voltage"": ""220kV""}"
node_0772,12.998051,77.6238252,intermediate_path_node,"{""id"": ""line_100"", ""type"": ""transmission_line"", ""voltage"": ""220kV""}"
node_0773,12.929261,77.6098401,intermediate_path_node,"{""id"": ""line_101"", ""type"": ""transmission_line"", ""voltage"": ""220kV""}"
node_0774,12.9293128,77.6095251,intermediate_path_node,"{""id"": ""line_101"", ""type"": ""transmission_line"", ""voltage"": ""220kV""}"
node_0775,12.929036,77.6094573,intermediate_path_node,"{""id"": ""line_101"", ""type"": ""transmission_line"", ""voltage"": ""220kV""}"
node_0776,12.9159794,77.5431373,intermediate_path_node,"{""id"": ""line_102"", ""type"": ""transmission_line"", ""voltage"": ""220kV""}"
node_0777,12.9158139,77.5431347,intermediate_path_node,"{""id"": ""line_102"", ""type"": ""transmission_line"", ""voltage"": ""220kV""}"
node_0778,12.9157583,77.5433284,intermediate_path_node,"{""id"": ""line_102"", ""type"": ""transmission_line"", ""voltage"": ""220kV""}"
node_0779,12.9156057,77.5432939,intermediate_path_node,"{""id"": ""line_102"", ""type"": ""transmission_line"", ""voltage"": ""220kV""}"
node_0780,12.9155578,77.543554,intermediate_path_node,"{""id"": ""line_102"", ""type"": ""transmission_line"", ""voltage"": ""220kV""}"
node_0781,12.9351146,77.538441,intermediate_path_node,"{""id"": ""line_103"", ""type"": ""transmission_line"", ""voltage"": ""220kV""}"
node_0782,12.9347382,77.5383642,intermediate_path_node,"{""id"": ""line_103"", ""type"": ""transmission_line"", ""voltage"": ""220kV""}"
node_0783,12.9345504,77.5383259,intermediate_path_node,"{""id"": ""line_103"", ""type"": ""transmission_line"", ""voltage"": ""220kV""}"
node_0784,12.934191,77.5390091,intermediate_path_node,"{""id"": ""line_103"", ""type"": ""transmission_line"", ""voltage"": ""220kV""}"
node_0785,12.9139283,77.5281937,intermediate_path_node,"{""id"": ""line_104"", ""type"": ""transmission_line"", ""voltage"": ""220kV""}"
node_0786,12.9139019,77.5284323,intermediate_path_node,"{""id"": ""line_104"", ""type"": ""transmission_line"", ""voltage"": ""220kV""}"
node_0787,12.9139667,77.5287079,intermediate_path_node,"{""id"": ""line_104"", ""type"": ""transmission_line"", ""voltage"": ""220kV""}"
node_0788,12.9144367,77.5288801,intermediate_path_node,"{""id"": ""line_104"", ""type"": ""transmission_line"", ""voltage"": ""220kV""}"
node_0789,12.9354558,77.5200335,intermediate_path_node,"{""id"": ""line_105"", ""type"": ""transmission_line"", ""voltage"": ""220kV""}"
node_0790,12.93522,77.5207147,intermediate_path_node,"{""id"": ""line_105"", ""type"": ""transmission_line"", ""voltage"": ""220kV""}"
node_0791,12.9353586,77.5207715,intermediate_path_node,"{""id"": ""line_105"", ""type"": ""transmission_line"", ""voltage"": ""220kV""}"
node_0792,12.9359012,77.5209062,intermediate_path_node,"{""id"": ""line_105"", ""type"": ""transmission_line"", ""voltage"": ""220kV""}"
node_0793,13.0530421,77.6154757,intermediate_path_node,"{""id"": ""line_106"", ""type"": ""transmission_line"", ""voltage"": ""220kV""}"
node_0794,13.0530736,77.6150702,intermediate_path_node,"{""id"": ""line_106"", ""type"": ""transmission_line"", ""voltage"": ""220kV""}"
node_0795,13.053261,77.6150771,intermediate_path_node,"{""id"": ""line_106"", ""type"": ""transmission_line"", ""voltage"": ""220kV""}"
node_0796,13.053335,77.6146062,intermediate_path_node,"{""id"": ""line_106"", ""type"": ""transmission_line"", ""voltage"": ""220kV""}"
node_0797,13.0524204,77.614511,intermediate_path_node,"{""id"": ""line_106"", ""type"": ""transmission_line"", ""voltage"": ""220kV""}"
node_0798,13.0523302,77.615439,intermediate_path_node,"{""id"": ""line_106"", ""type"": ""transmission_line"", ""voltage"": ""220kV""}"
node_0799,12.930112,77.6962497,intermediate_path_node,"{""id"": ""line_107"", ""type"": ""transmission_line"", ""voltage"": ""220kV""}"
node_0800,12.9299083,77.6962084,intermediate_path_node,"{""id"": ""line_107"", ""type"": ""transmission_line"", ""voltage"": ""220kV""}"
node_0801,12.9297526,77.6968218,intermediate_path_node,"{""id"": ""line_107"", ""type"": ""transmission_line"", ""voltage"": ""220kV""}"
node_0802,12.9300938,77.696917,intermediate_path_node,"{""id"": ""line_107"", ""type"": ""transmission_line"", ""voltage"": ""220kV""}"
node_0803,12.9688362,77.6607459,intermediate_path_node,"{""id"": ""line_108"", ""type"": ""transmission_line"", ""voltage"": ""220kV""}"
node_0804,12.9680275,77.6612956,intermediate_path_node,"{""id"": ""line_108"", ""type"": ""transmission_line"", ""voltage"": ""220kV""}"
node_0805,12.9410267,77.5912223,intermediate_path_node,"{""id"": ""line_109"", ""type"": ""transmission_line"", ""voltage"": ""220kV""}"
node_0806,12.9409778,77.5918497,intermediate_path_node,"{""id"": ""line_109"", ""type"": ""transmission_line"", ""voltage"": ""220kV""}"
node_0807,12.8748633,77.6584656,intermediate_path_node,"{""id"": ""line_110"", ""type"": ""transmission_line"", ""voltage"": ""220kV""}"
node_0808,12.8748758,77.6583811,intermediate_path_node,"{""id"": ""line_110"", ""type"": ""transmission_line"", ""voltage"": ""220kV""}"
node_0809,12.8748598,77.657403,intermediate_path_node,"{""id"": ""line_110"", ""type"": ""transmission_line"", ""voltage"": ""220kV""}"
node_0810,12.874535,77.6573673,intermediate_path_node,"{""id"": ""line_110"", ""type"": ""transmission_line"", ""voltage"": ""220kV""}"
node_0811,12.903243,77.6503286,intermediate_path_node,"{""id"": ""line_111"", ""type"": ""transmission_line"", ""voltage"": ""220kV""}"
node_0812,12.9036125,77.6502663,intermediate_path_node,"{""id"": ""line_111"", ""type"": ""transmission_line"", ""voltage"": ""220kV""}"
node_0813,12.9035938,77.6501311,intermediate_path_node,"{""id"": ""line_111"", ""type"": ""transmission_line"", ""voltage"": ""220kV""}"
node_0814,12.9034031,77.6487533,intermediate_path_node,"{""id"": ""line_111"", ""type"": ""transmission_line"", ""voltage"": ""220kV""}"
node_0815,12.9024331,77.6485521,intermediate_path_node,"{""id"": ""line_111"", ""type"": ""transmission_line"", ""voltage"": ""220kV""}"
node_0816,13.0276126,77.5263765,intermediate_path_node,"{""id"": ""line_112"", ""type"": ""transmission_line"", ""voltage"": ""220kV""}"
node_0817,13.0297784,77.5271026,intermediate_path_node,"{""id"": ""line_112"", ""type"": ""transmission_line"", ""voltage"": ""220kV""}"
node_0818,12.9258211,77.6408516,intermediate_path_node,"{""id"": ""line_113"", ""type"": ""transmission_line"", ""voltage"": ""220kV""}"
node_0819,12.9258331,77.6402521,intermediate_path_node,"{""id"": ""line_113"", ""type"": ""transmission_line"", ""voltage"": ""220kV""}"
node_0820,12.9256171,77.6402468,intermediate_path_node,"{""id"": ""line_113"", ""type"": ""transmission_line"", ""voltage"": ""220kV""}"
node_0821,12.9255612,77.6402454,intermediate_path_node,"{""id"": ""line_113"", ""type"": ""transmission_line"", ""voltage"": ""220kV""}"
node_0822,12.9255445,77.640836,intermediate_path_node,"{""id"": ""line_113"", ""type"": ""transmission_line"", ""voltage"": ""220kV""}"
node_0823,13.0462864,77.6468457,intermediate_path_node,"{""id"": ""line_114"", ""type"": ""transmission_line"", ""voltage"": ""220kV""}"
node_0824,13.0464315,77.6465162,intermediate_path_node,"{""id"": ""line_114"", ""type"": ""transmission_line"", ""voltage"": ""220kV""}"
node_0825,13.0460775,77.6461986,intermediate_path_node,"{""id"": ""line_114"", ""type"": ""transmission_line"", ""voltage"": ""220kV""}"
node_0826,13.0459299,77.6465647,intermediate_path_node,"{""id"": ""line_114"", ""type"": ""transmission_line"", ""voltage"": ""220kV""}"
node_0827,13.0103608,77.5542869,intermediate_path_node,"{""id"": ""line_115"", ""type"": ""transmission_line"", ""voltage"": ""220kV""}"
node_0828,13.010691,77.5542865,intermediate_path_node,"{""id"": ""line_115"", ""type"": ""transmission_line"", ""voltage"": ""220kV""}"
node_0829,13.0106855,77.5540009,intermediate_path_node,"{""id"": ""line_115"", ""type"": ""transmission_line"", ""voltage"": ""220kV""}"
node_0830,13.0103642,77.5539837,intermediate_path_node,"{""id"": ""line_115"", ""type"": ""transmission_line"", ""voltage"": ""220kV""}"
node_0831,12.9314562,77.7229525,intermediate_path_node,"{""id"": ""line_116"", ""type"": ""transmission_line"", ""voltage"": ""220kV""}"
node_0832,12.9309266,77.7226702,intermediate_path_node,"{""id"": ""line_116"", ""type"": ""transmission_line"", ""voltage"": ""220kV""}"
node_0833,12.9304198,77.7224001,intermediate_path_node,"{""id"": ""line_116"", ""type"": ""transmission_line"", ""voltage"": ""220kV""}"
node_0834,12.9306726,77.7238002,intermediate_path_node,"{""id"": ""line_116"", ""type"": ""transmission_line"", ""voltage"": ""220kV""}"
node_0835,12.9310381,77.7237279,intermediate_path_node,"{""id"": ""line_116"", ""type"": ""transmission_line"", ""voltage"": ""220kV""}"
node_0836,12.9281573,77.6818422,intermediate_path_node,"{""id"": ""line_117"", ""type"": ""transmission_line"", ""voltage"": ""220kV""}"
node_0837,12.9276757,77.6821349,intermediate_path_node,"{""id"": ""line_117"", ""type"": ""transmission_line"", ""voltage"": ""220kV""}"
node_0838,12.9276957,77.6822193,intermediate_path_node,"{""id"": ""line_117"", ""type"": ""transmission_line"", ""voltage"": ""220kV""}"
node_0839,12.9282264,77.6820557,intermediate_path_node,"{""id"": ""line_117"", ""type"": ""transmission_line"", ""voltage"": ""220kV""}"
node_0840,12.9244127,77.6800366,intermediate_path_node,"{""id"": ""line_118"", ""type"": ""transmission_line"", ""voltage"": ""220kV""}"
node_0841,12.9244356,77.6796667,intermediate_path_node,"{""id"": ""line_118"", ""type"": ""transmission_line"", ""voltage"": ""220kV""}"
node_0842,12.9242072,77.6796518,intermediate_path_node,"{""id"": ""line_118"", ""type"": ""transmission_line"", ""voltage"": ""220kV""}"
node_0843,12.9241844,77.6800217,intermediate_path_node,"{""id"": ""line_118"", ""type"": ""transmission_line"", ""voltage"": ""220kV""}"
node_0844,12.9186197,77.6869217,intermediate_path_node,"{""id"": ""line_119"", ""type"": ""transmission_line"", ""voltage"": ""220kV""}"
node_0845,12.9187366,77.6859865,intermediate_path_node,"{""id"": ""line_119"", ""type"": ""transmission_line"", ""voltage"": ""220kV""}"
node_0846,12.9186538,77.6859714,intermediate_path_node,"{""id"": ""line_119"", ""type"": ""transmission_line"", ""voltage"": ""220kV""}"
node_0847,12.9185406,77.6862641,intermediate_path_node,"{""id"": ""line_119"", ""type"": ""transmission_line"", ""voltage"": ""220kV""}"
node_0848,12.9184216,77.686374,intermediate_path_node,"{""id"": ""line_119"", ""type"": ""transmission_line"", ""voltage"": ""220kV""}"
node_0849,12.9181803,77.6869102,intermediate_path_node,"{""id"": ""line_119"", ""type"": ""transmission_line"", ""voltage"": ""220kV""}"
node_0850,12.9809435,77.562395,intermediate_path_node,"{""id"": ""line_120"", ""type"": ""transmission_line"", ""voltage"": ""220kV""}"
node_0851,12.9814659,77.5623805,intermediate_path_node,"{""id"": ""line_120"", ""type"": ""transmission_line"", ""voltage"": ""220kV""}"
node_0852,12.9814577,77.5620687,intermediate_path_node,"{""id"": ""line_120"", ""type"": ""transmission_line"", ""voltage"": ""220kV""}"
node_0853,12.9809353,77.5620831,intermediate_path_node,"{""id"": ""line_120"", ""type"": ""transmission_line"", ""voltage"": ""220kV""}"
node_0854,12.9885397,77.7490371,intermediate_path_node,"{""id"": ""line_121"", ""type"": ""transmission_line"", ""voltage"": ""220kV""}"
node_0855,12.9881835,77.7490341,intermediate_path_node,"{""id"": ""line_121"", ""type"": ""transmission_line"", ""voltage"": ""220kV""}"
node_0856,12.9881811,77.7493331,intermediate_path_node,"{""id"": ""line_121"", ""type"": ""transmission_line"", ""voltage"": ""220kV""}"
node_0857,12.9885647,77.7493364,intermediate_path_node,"{""id"": ""line_121"", ""type"": ""transmission_line"", ""voltage"": ""220kV""}"
node_0858,12.9885669,77.7490692,intermediate_path_node,"{""id"": ""line_121"", ""type"": ""transmission_line"", ""voltage"": ""220kV""}"
node_0859,12.9848394,77.7359138,intermediate_path_node,"{""id"": ""line_122"", ""type"": ""transmission_line"", ""voltage"": ""220kV""}"
node_0860,12.9847656,77.7364442,intermediate_path_node,"{""id"": ""line_122"", ""type"": ""transmission_line"", ""voltage"": ""220kV""}"
node_0861,12.9846205,77.7364187,intermediate_path_node,"{""id"": ""line_122"", ""type"": ""transmission_line"", ""voltage"": ""220kV""}"
node_0862,12.9846384,77.7363583,intermediate_path_node,"{""id"": ""line_122"", ""type"": ""transmission_line"", ""voltage"": ""220kV""}"
node_0863,12.9843527,77.7363166,intermediate_path_node,"{""id"": ""line_122"", ""type"": ""transmission_line"", ""voltage"": ""220kV""}"
node_0864,12.9843159,77.7365483,intermediate_path_node,"{""id"": ""line_122"", ""type"": ""transmission_line"", ""voltage"": ""220kV""}"
node_0865,12.9843278,77.7371342,intermediate_path_node,"{""id"": ""line_122"", ""type"": ""transmission_line"", ""voltage"": ""220kV""}"
node_0866,12.9849452,77.7371464,intermediate_path_node,"{""id"": ""line_122"", ""type"": ""transmission_line"", ""voltage"": ""220kV""}"
node_0867,12.9849988,77.7359051,intermediate_path_node,"{""id"": ""line_122"", ""type"": ""transmission_line"", ""voltage"": ""220kV""}"
node_0868,13.0008171,77.6267406,intermediate_path_node,"{""id"": ""line_123"", ""type"": ""transmission_line"", ""voltage"": ""220kV""}"
node_0869,13.0008522,77.6266429,intermediate_path_node,"{""id"": ""line_123"", ""type"": ""transmission_line"", ""voltage"": ""220kV""}"
node_0870,13.0007108,77.6265814,intermediate_path_node,"{""id"": ""line_123"", ""type"": ""transmission_line"", ""voltage"": ""220kV""}"
node_0871,12.9267577,77.6904136,intermediate_path_node,"{""id"": ""line_124"", ""type"": ""transmission_line"", ""voltage"": ""220kV""}"
node_0872,12.9267197,77.6909587,intermediate_path_node,"{""id"": ""line_124"", ""type"": ""transmission_line"", ""voltage"": ""220kV""}"
node_0873,12.9271493,77.6909892,intermediate_path_node,"{""id"": ""line_124"", ""type"": ""transmission_line"", ""voltage"": ""220kV""}"
node_0874,12.9271832,77.6905051,intermediate_path_node,"{""id"": ""line_124"", ""type"": ""transmission_line"", ""voltage"": ""220kV""}"
node_0875,12.9271874,77.6904454,intermediate_path_node,"{""id"": ""line_124"", ""type"": ""transmission_line"", ""voltage"": ""220kV""}"
node_0876,12.9391185,77.6886151,intermediate_path_node,"{""id"": ""line_125"", ""type"": ""transmission_line"", ""voltage"": ""220kV""}"
node_0877,12.9387707,77.6887026,intermediate_path_node,"{""id"": ""line_125"", ""type"": ""transmission_line"", ""voltage"": ""220kV""}"
node_0878,12.9389327,77.6892212,intermediate_path_node,"{""id"": ""line_125"", ""type"": ""transmission_line"", ""voltage"": ""220kV""}"
node_0879,12.9392665,77.6891223,intermediate_path_node,"{""id"": ""line_125"", ""type"": ""transmission_line"", ""voltage"": ""220kV""}"
node_0880,12.9406116,77.6903565,intermediate_path_node,"{""id"": ""line_126"", ""type"": ""transmission_line"", ""voltage"": ""220kV""}"
node_0881,12.9405034,77.6908875,intermediate_path_node,"{""id"": ""line_126"", ""type"": ""transmission_line"", ""voltage"": ""220kV""}"
node_0882,12.9408133,77.690954,intermediate_path_node,"{""id"": ""line_126"", ""type"": ""transmission_line"", ""voltage"": ""220kV""}"
node_0883,12.9409215,77.690423,intermediate_path_node,"{""id"": ""line_126"", ""type"": ""transmission_line"", ""voltage"": ""220kV""}"
node_0884,12.93707,77.697283,intermediate_path_node,"{""id"": ""line_127"", ""type"": ""transmission_line"", ""voltage"": ""220kV""}"
node_0885,12.9370319,77.6974587,intermediate_path_node,"{""id"": ""line_127"", ""type"": ""transmission_line"", ""voltage"": ""220kV""}"
node_0886,12.9372081,77.6972742,intermediate_path_node,"{""id"": ""line_127"", ""type"": ""transmission_line"", ""voltage"": ""220kV""}"
node_0887,12.9666681,77.5122203,intermediate_path_node,"{""id"": ""line_128"", ""type"": ""transmission_line"", ""voltage"": ""220kV""}"
node_0888,12.9666708,77.5122718,intermediate_path_node,"{""id"": ""line_128"", ""type"": ""transmission_line"", ""voltage"": ""220kV""}"
node_0889,12.9675398,77.5123107,intermediate_path_node,"{""id"": ""line_128"", ""type"": ""transmission_line"", ""voltage"": ""220kV""}"
node_0890,12.9690298,77.5124154,intermediate_path_node,"{""id"": ""line_128"", ""type"": ""transmission_line"", ""voltage"": ""220kV""}"
node_0891,12.9687984,77.5115544,intermediate_path_node,"{""id"": ""line_128"", ""type"": ""transmission_line"", ""voltage"": ""220kV""}"
node_0892,12.96803,77.5115168,intermediate_path_node,"{""id"": ""line_128"", ""type"": ""transmission_line"", ""voltage"": ""220kV""}"
node_0893,12.9670942,77.5111413,intermediate_path_node,"{""id"": ""line_128"", ""type"": ""transmission_line"", ""voltage"": ""220kV""}"
node_0894,12.966791,77.5112084,intermediate_path_node,"{""id"": ""line_128"", ""type"": ""transmission_line"", ""voltage"": ""220kV""}"
node_0895,12.9668668,77.5118172,intermediate_path_node,"{""id"": ""line_128"", ""type"": ""transmission_line"", ""voltage"": ""220kV""}"
node_0896,12.9667414,77.511836,intermediate_path_node,"{""id"": ""line_128"", ""type"": ""transmission_line"", ""voltage"": ""220kV""}"
node_0897,12.9666901,77.5121052,intermediate_path_node,"{""id"": ""line_128"", ""type"": ""transmission_line"", ""voltage"": ""220kV""}"
node_0898,12.8965304,77.5400066,intermediate_path_node,"{""id"": ""line_129"", ""type"": ""transmission_line"", ""voltage"": ""220kV""}"
node_0899,12.8964028,77.5400774,intermediate_path_node,"{""id"": ""line_129"", ""type"": ""transmission_line"", ""voltage"": ""220kV""}"
node_0900,12.8964433,77.5401574,intermediate_path_node,"{""id"": ""line_129"", ""type"": ""transmission_line"", ""voltage"": ""220kV""}"
node_0901,12.8965729,77.5400874,intermediate_path_node,"{""id"": ""line_129"", ""type"": ""transmission_line"", ""voltage"": ""220kV""}"
node_0902,12.8946601,77.5405974,intermediate_path_node,"{""id"": ""line_130"", ""type"": ""transmission_line"", ""voltage"": ""220kV""}"
node_0903,12.8945896,77.5405768,intermediate_path_node,"{""id"": ""line_130"", ""type"": ""transmission_line"", ""voltage"": ""220kV""}"
node_0904,12.8945324,77.5407792,intermediate_path_node,"{""id"": ""line_130"", ""type"": ""transmission_line"", ""voltage"": ""220kV""}"
node_0905,12.894606,77.5407999,intermediate_path_node,"{""id"": ""line_130"", ""type"": ""transmission_line"", ""voltage"": ""220kV""}"
node_0906,12.8875903,77.6107076,intermediate_path_node,"{""id"": ""line_131"", ""type"": ""transmission_line"", ""voltage"": ""220kV""}"
node_0907,12.8869655,77.6106204,intermediate_path_node,"{""id"": ""line_131"", ""type"": ""transmission_line"", ""voltage"": ""220kV""}"
node_0908,12.8869877,77.6110616,intermediate_path_node,"{""id"": ""line_131"", ""type"": ""transmission_line"", ""voltage"": ""220kV""}"
node_0909,12.8876179,77.6110283,intermediate_path_node,"{""id"": ""line_131"", ""type"": ""transmission_line"", ""voltage"": ""220kV""}"
node_0910,12.9670354,77.6947103,intermediate_path_node,"{""id"": ""line_132"", ""type"": ""transmission_line"", ""voltage"": ""220kV""}"
node_0911,12.966676,77.694701,intermediate_path_node,"{""id"": ""line_132"", ""type"": ""transmission_line"", ""voltage"": ""220kV""}"
node_0912,12.9667792,77.6953407,intermediate_path_node,"{""id"": ""line_132"", ""type"": ""transmission_line"", ""voltage"": ""220kV""}"
node_0913,12.9671034,77.6952977,intermediate_path_node,"{""id"": ""line_132"", ""type"": ""transmission_line"", ""voltage"": ""220kV""}"
node_0914,12.9416161,77.7189146,intermediate_path_node,"{""id"": ""line_133"", ""type"": ""transmission_line"", ""voltage"": ""220kV""}"
node_0915,12.9410733,77.7190671,intermediate_path_node,"{""id"": ""line_133"", ""type"": ""transmission_line"", ""voltage"": ""220kV""}"
node_0916,12.9411334,77.7192925,intermediate_path_node,"{""id"": ""line_133"", ""type"": ""transmission_line"", ""voltage"": ""220kV""}"
node_0917,12.9416762,77.7191399,intermediate_path_node,"{""id"": ""line_133"", ""type"": ""transmission_line"", ""voltage"": ""220kV""}"
node_0918,12.9409508,77.6068023,intermediate_path_node,"{""id"": ""line_134"", ""type"": ""transmission_line"", ""voltage"": ""220kV""}"
node_0919,12.9407299,77.6065555,intermediate_path_node,"{""id"": ""line_134"", ""type"": ""transmission_line"", ""voltage"": ""220kV""}"
node_0920,12.9402777,77.6069981,intermediate_path_node,"{""id"": ""line_134"", ""type"": ""transmission_line"", ""voltage"": ""220kV""}"
node_0921,12.9404968,77.6072354,intermediate_path_node,"{""id"": ""line_134"", ""type"": ""transmission_line"", ""voltage"": ""220kV""}"
node_0922,12.9858662,77.4810707,intermediate_path_node,"{""id"": ""line_135"", ""type"": ""transmission_line"", ""voltage"": ""220kV""}"
node_0923,12.9854332,77.4810213,intermediate_path_node,"{""id"": ""line_135"", ""type"": ""transmission_line"", ""voltage"": ""220kV""}"
node_0924,12.9853477,77.4814291,intermediate_path_node,"{""id"": ""line_135"", ""type"": ""transmission_line"", ""voltage"": ""220kV""}"
node_0925,12.9857791,77.4814504,intermediate_path_node,"{""id"": ""line_135"", ""type"": ""transmission_line"", ""voltage"": ""220kV""}"
node_0926,13.0631933,77.6617809,intermediate_path_node,"{""id"": ""line_136"", ""type"": ""transmission_line"", ""voltage"": ""220kV""}"
node_0927,13.0627122,77.6620112,intermediate_path_node,"{""id"": ""line_136"", ""type"": ""transmission_line"", ""voltage"": ""220kV""}"
node_0928,13.0628572,77.6623304,intermediate_path_node,"{""id"": ""line_136"", ""type"": ""transmission_line"", ""voltage"": ""220kV""}"
node_0929,13.0633383,77.6621,intermediate_path_node,"{""id"": ""line_136"", ""type"": ""transmission_line"", ""voltage"": ""220kV""}"
node_0930,12.9894875,77.7261142,intermediate_path_node,"{""id"": ""line_137"", ""type"": ""transmission_line"", ""voltage"": ""220kV""}"
node_0931,12.989402,77.7264563,intermediate_path_node,"{""id"": ""line_137"", ""type"": ""transmission_line"", ""voltage"": ""220kV""}"
node_0932,12.9897344,77.726616,intermediate_path_node,"{""id"": ""line_137"", ""type"": ""transmission_line"", ""voltage"": ""220kV""}"
node_0933,12.9898949,77.7266918,intermediate_path_node,"{""id"": ""line_137"", ""type"": ""transmission_line"", ""voltage"": ""220kV""}"
node_0934,12.9899891,77.7263285,intermediate_path_node,"{""id"": ""line_137"", ""type"": ""transmission_line"", ""voltage"": ""220kV""}"
node_0935,12.8732048,77.6214166,intermediate_path_node,"{""id"": ""line_138"", ""type"": ""transmission_line"", ""voltage"": ""220kV""}"
node_0936,12.8731545,77.6214159,intermediate_path_node,"{""id"": ""line_138"", ""type"": ""transmission_line"", ""voltage"": ""220kV""}"
node_0937,12.8728392,77.6214118,intermediate_path_node,"{""id"": ""line_138"", ""type"": ""transmission_line"", ""voltage"": ""220kV""}"
node_0938,12.8728324,77.6219546,intermediate_path_node,"{""id"": ""line_138"", ""type"": ""transmission_line"", ""voltage"": ""220kV""}"
node_0939,12.873198,77.6219594,intermediate_path_node,"{""id"": ""line_138"", ""type"": ""transmission_line"", ""voltage"": ""220kV""}"
node_0940,12.8732019,77.621651,intermediate_path_node,"{""id"": ""line_138"", ""type"": ""transmission_line"", ""voltage"": ""220kV""}"
node_0941,13.1252675,77.6155503,intermediate_path_node,"{""id"": ""line_139"", ""type"": ""transmission_line"", ""voltage"": ""220kV""}"
node_0942,13.1250397,77.6154939,intermediate_path_node,"{""id"": ""line_139"", ""type"": ""transmission_line"", ""voltage"": ""220kV""}"
node_0943,13.1249986,77.6156689,intermediate_path_node,"{""id"": ""line_139"", ""type"": ""transmission_line"", ""voltage"": ""220kV""}"
node_0944,13.1252263,77.6157253,intermediate_path_node,"{""id"": ""line_139"", ""type"": ""transmission_line"", ""voltage"": ""220kV""}"
node_0945,12.9957059,77.6895256,intermediate_path_node,"{""id"": ""line_140"", ""type"": ""transmission_line"", ""voltage"": ""220kV""}"
node_0946,12.995328,77.6893317,intermediate_path_node,"{""id"": ""line_140"", ""type"": ""transmission_line"", ""voltage"": ""220kV""}"
node_0947,12.9952211,77.6895511,intermediate_path_node,"{""id"": ""line_140"", ""type"": ""transmission_line"", ""voltage"": ""220kV""}"
node_0948,12.9955991,77.689745,intermediate_path_node,"{""id"": ""line_140"", ""type"": ""transmission_line"", ""voltage"": ""220kV""}"
node_0949,12.9964037,77.7026785,intermediate_path_node,"{""id"": ""line_141"", ""type"": ""transmission_line"", ""voltage"": ""220kV""}"
node_0950,12.9963955,77.7028467,intermediate_path_node,"{""id"": ""line_141"", ""type"": ""transmission_line"", ""voltage"": ""220kV""}"
node_0951,12.9965321,77.7028882,intermediate_path_node,"{""id"": ""line_141"", ""type"": ""transmission_line"", ""voltage"": ""220kV""}"
node_0952,12.9965411,77.7027882,intermediate_path_node,"{""id"": ""line_141"", ""type"": ""transmission_line"", ""voltage"": ""220kV""}"
node_0953,12.9965501,77.7026872,intermediate_path_node,"{""id"": ""line_141"", ""type"": ""transmission_line"", ""voltage"": ""220kV""}"
node_0954,12.9848869,77.6925698,intermediate_path_node,"{""id"": ""line_142"", ""type"": ""transmission_line"", ""voltage"": ""220kV""}"
node_0955,12.9848964,77.6924878,intermediate_path_node,"{""id"": ""line_142"", ""type"": ""transmission_line"", ""voltage"": ""220kV""}"
node_0956,12.9844103,77.692429,intermediate_path_node,"{""id"": ""line_142"", ""type"": ""transmission_line"", ""voltage"": ""220kV""}"
node_0957,12.9844009,77.692511,intermediate_path_node,"{""id"": ""line_142"", ""type"": ""transmission_line"", ""voltage"": ""220kV""}"
node_0958,12.9848528,77.6925657,intermediate_path_node,"{""id"": ""line_142"", ""type"": ""transmission_line"", ""voltage"": ""220kV""}"
node_0959,12.8887002,77.5802927,intermediate_path_node,"{""id"": ""line_143"", ""type"": ""transmission_line"", ""voltage"": ""220kV""}"
node_0960,12.8883068,77.5803664,intermediate_path_node,"{""id"": ""line_143"", ""type"": ""transmission_line"", ""voltage"": ""220kV""}"
node_0961,12.8883112,77.5809075,intermediate_path_node,"{""id"": ""line_143"", ""type"": ""transmission_line"", ""voltage"": ""220kV""}"
node_0962,12.8887114,77.5808546,intermediate_path_node,"{""id"": ""line_143"", ""type"": ""transmission_line"", ""voltage"": ""220kV""}"
node_0963,12.8888362,77.5882038,intermediate_path_node,"{""id"": ""line_144"", ""type"": ""transmission_line"", ""voltage"": ""220kV""}"
node_0964,12.8885303,77.5880764,intermediate_path_node,"{""id"": ""line_144"", ""type"": ""transmission_line"", ""voltage"": ""220kV""}"
node_0965,12.8884754,77.5886223,intermediate_path_node,"{""id"": ""line_144"", ""type"": ""transmission_line"", ""voltage"": ""220kV""}"
node_0966,12.8888088,77.5886478,intermediate_path_node,"{""id"": ""line_144"", ""type"": ""transmission_line"", ""voltage"": ""220kV""}"
node_0967,12.9639872,77.7222438,intermediate_path_node,"{""id"": ""line_145"", ""type"": ""transmission_line"", ""voltage"": ""220kV""}"
node_0968,12.9635865,77.7223022,intermediate_path_node,"{""id"": ""line_145"", ""type"": ""transmission_line"", ""voltage"": ""220kV""}"
node_0969,12.9636413,77.7225959,intermediate_path_node,"{""id"": ""line_145"", ""type"": ""transmission_line"", ""voltage"": ""220kV""}"
node_0970,12.9640308,77.722616,intermediate_path_node,"{""id"": ""line_145"", ""type"": ""transmission_line"", ""voltage"": ""220kV""}"
node_0971,12.9639895,77.7222636,intermediate_path_node,"{""id"": ""line_145"", ""type"": ""transmission_line"", ""voltage"": ""220kV""}"
node_0972,13.0697271,77.6072288,intermediate_path_node,"{""id"": ""line_146"", ""type"": ""transmission_line"", ""voltage"": ""220kV""}"
node_0973,13.069283,77.6071449,intermediate_path_node,"{""id"": ""line_146"", ""type"": ""transmission_line"", ""voltage"": ""220kV""}"
node_0974,13.0692743,77.6071934,intermediate_path_node,"{""id"": ""line_146"", ""type"": ""transmission_line"", ""voltage"": ""220kV""}"
node_0975,13.0697184,77.6072773,intermediate_path_node,"{""id"": ""line_146"", ""type"": ""transmission_line"", ""voltage"": ""220kV""}"
node_0976,13.0263746,77.5259614,intermediate_path_node,"{""id"": ""line_147"", ""type"": ""transmission_line"", ""voltage"": ""220kV""}"
node_0977,13.0284584,77.5237187,intermediate_path_node,"{""id"": ""line_147"", ""type"": ""transmission_line"", ""voltage"": ""220kV""}"
node_0978,13.0273285,77.5233398,intermediate_path_node,"{""id"": ""line_147"", ""type"": ""transmission_line"", ""voltage"": ""220kV""}"
node_0979,13.0271314,77.5237557,intermediate_path_node,"{""id"": ""line_147"", ""type"": ""transmission_line"", ""voltage"": ""220kV""}"
node_0980,13.0269537,77.5236592,intermediate_path_node,"{""id"": ""line_147"", ""type"": ""transmission_line"", ""voltage"": ""220kV""}"
node_0981,13.0264259,77.5247133,intermediate_path_node,"{""id"": ""line_147"", ""type"": ""transmission_line"", ""voltage"": ""220kV""}"
node_0982,13.0267525,77.524834,intermediate_path_node,"{""id"": ""line_147"", ""type"": ""transmission_line"", ""voltage"": ""220kV""}"
node_0983,13.0534526,77.4988514,intermediate_path_node,"{""id"": ""line_148"", ""type"": ""transmission_line"", ""voltage"": ""220kV""}"
node_0984,13.0530645,77.4987414,intermediate_path_node,"{""id"": ""line_148"", ""type"": ""transmission_line"", ""voltage"": ""220kV""}"
node_0985,13.0528607,77.4992698,intermediate_path_node,"{""id"": ""line_148"", ""type"": ""transmission_line"", ""voltage"": ""220kV""}"
node_0986,13.0534499,77.4991532,intermediate_path_node,"{""id"": ""line_148"", ""type"": ""transmission_line"", ""voltage"": ""220kV""}"
node_0987,12.9689556,77.7067361,intermediate_path_node,"{""id"": ""line_149"", ""type"": ""transmission_line"", ""voltage"": ""220kV""}"
node_0988,12.9688771,77.70669,intermediate_path_node,"{""id"": ""line_149"", ""type"": ""transmission_line"", ""voltage"": ""220kV""}"
node_0989,12.9687441,77.7069288,intermediate_path_node,"{""id"": ""line_149"", ""type"": ""transmission_line"", ""voltage"": ""220kV""}"
node_0990,12.9688226,77.7069749,intermediate_path_node,"{""id"": ""line_149"", ""type"": ""transmission_line"", ""voltage"": ""220kV""}"
node_0991,12.9165866,77.5047309,intermediate_path_node,"{""id"": ""line_150"", ""type"": ""transmission_line"", ""voltage"": ""220kV""}"
node_0992,12.917243,77.505139,intermediate_path_node,"{""id"": ""line_150"", ""type"": ""transmission_line"", ""voltage"": ""220kV""}"
node_0993,12.9174166,77.504635,intermediate_path_node,"{""id"": ""line_150"", ""type"": ""transmission_line"", ""voltage"": ""220kV""}"
node_0994,12.9171001,77.504358,intermediate_path_node,"{""id"": ""line_150"", ""type"": ""transmission_line"", ""voltage"": ""220kV""}"
node_0995,12.9431832,77.4783204,intermediate_path_node,"{""id"": ""line_151"", ""type"": ""transmission_line"", ""voltage"": ""220kV""}"
node_0996,12.9431113,77.4781542,intermediate_path_node,"{""id"": ""line_151"", ""type"": ""transmission_line"", ""voltage"": ""220kV""}"
node_0997,12.9427179,77.4781676,intermediate_path_node,"{""id"": ""line_151"", ""type"": ""transmission_line"", ""voltage"": ""220kV""}"
node_0998,12.9427205,77.4788743,intermediate_path_node,"{""id"": ""line_151"", ""type"": ""transmission_line"", ""voltage"": ""220kV""}"
node_0999,12.943114,77.4787804,intermediate_path_node,"{""id"": ""line_151"", ""type"": ""transmission_line"", ""voltage"": ""220kV""}"
node_1000,12.946518,77.7649736,intermediate_path_node,"{""id"": ""line_152"", ""type"": ""transmission_line"", ""voltage"": ""220kV""}"
node_1001,12.9459437,77.7649051,intermediate_path_node,"{""id"": ""line_152"", ""type"": ""transmission_line"", ""voltage"": ""220kV""}"
node_1002,12.9459566,77.7655644,intermediate_path_node,"{""id"": ""line_152"", ""type"": ""transmission_line"", ""voltage"": ""220kV""}"
node_1003,12.9465042,77.7655629,intermediate_path_node,"{""id"": ""line_152"", ""type"": ""transmission_line"", ""voltage"": ""220kV""}"
node_1004,12.8600263,77.5554017,intermediate_path_node,"{""id"": ""line_153"", ""type"": ""transmission_line"", ""voltage"": ""220kV""}"
node_1005,12.8601508,77.5558913,intermediate_path_node,"{""id"": ""line_153"", ""type"": ""transmission_line"", ""voltage"": ""220kV""}"
node_1006,12.8603165,77.5561768,intermediate_path_node,"{""id"": ""line_153"", ""type"": ""transmission_line"", ""voltage"": ""220kV""}"
node_1007,12.8607095,77.5560094,intermediate_path_node,"{""id"": ""line_153"", ""type"": ""transmission_line"", ""voltage"": ""220kV""}"
node_1008,12.8604132,77.5552528,intermediate_path_node,"{""id"": ""line_153"", ""type"": ""transmission_line"", ""voltage"": ""220kV""}"
node_1009,12.8768847,77.5302068,intermediate_path_node,"{""id"": ""line_154"", ""type"": ""transmission_line"", ""voltage"": ""220kV""}"
node_1010,12.8767809,77.5306082,intermediate_path_node,"{""id"": ""line_154"", ""type"": ""transmission_line"", ""voltage"": ""220kV""}"
node_1011,12.8772271,77.5307202,intermediate_path_node,"{""id"": ""line_154"", ""type"": ""transmission_line"", ""voltage"": ""220kV""}"
node_1012,12.8773129,77.5303805,intermediate_path_node,"{""id"": ""line_154"", ""type"": ""transmission_line"", ""voltage"": ""220kV""}"
node_1013,12.9782811,77.6558384,intermediate_path_node,"{""id"": ""line_155"", ""type"": ""transmission_line"", ""voltage"": ""220kV""}"
node_1014,12.9779792,77.6557419,intermediate_path_node,"{""id"": ""line_155"", ""type"": ""transmission_line"", ""voltage"": ""220kV""}"
node_1015,12.9778524,77.6561254,intermediate_path_node,"{""id"": ""line_155"", ""type"": ""transmission_line"", ""voltage"": ""220kV""}"
node_1016,12.978102,77.6562086,intermediate_path_node,"{""id"": ""line_155"", ""type"": ""transmission_line"", ""voltage"": ""220kV""}"
node_1017,12.9782275,77.6559752,intermediate_path_node,"{""id"": ""line_155"", ""type"": ""transmission_line"", ""voltage"": ""220kV""}"
node_1018,12.9924705,77.6578674,intermediate_path_node,"{""id"": ""line_156"", ""type"": ""transmission_line"", ""voltage"": ""220kV""}"
node_1019,12.992228,77.6574949,intermediate_path_node,"{""id"": ""line_156"", ""type"": ""transmission_line"", ""voltage"": ""220kV""}"
node_1020,12.9922013,77.6574736,intermediate_path_node,"{""id"": ""line_156"", ""type"": ""transmission_line"", ""voltage"": ""220kV""}"
node_1021,12.992166,77.6574594,intermediate_path_node,"{""id"": ""line_156"", ""type"": ""transmission_line"", ""voltage"": ""220kV""}"
node_1022,12.9921291,77.6574541,intermediate_path_node,"{""id"": ""line_156"", ""type"": ""transmission_line"", ""voltage"": ""220kV""}"
node_1023,12.9920878,77.6574633,intermediate_path_node,"{""id"": ""line_156"", ""type"": ""transmission_line"", ""voltage"": ""220kV""}"
node_1024,12.9916654,77.6577135,intermediate_path_node,"{""id"": ""line_156"", ""type"": ""transmission_line"", ""voltage"": ""220kV""}"
node_1025,12.9918995,77.6581813,intermediate_path_node,"{""id"": ""line_156"", ""type"": ""transmission_line"", ""voltage"": ""220kV""}"
node_1026,13.0053787,77.6858427,intermediate_path_node,"{""id"": ""line_157"", ""type"": ""transmission_line"", ""voltage"": ""220kV""}"
node_1027,13.0043209,77.6865045,intermediate_path_node,"{""id"": ""line_157"", ""type"": ""transmission_line"", ""voltage"": ""220kV""}"
node_1028,13.0045124,77.6868523,intermediate_path_node,"{""id"": ""line_157"", ""type"": ""transmission_line"", ""voltage"": ""220kV""}"
node_1029,13.0046248,77.6867997,intermediate_path_node,"{""id"": ""line_157"", ""type"": ""transmission_line"", ""voltage"": ""220kV""}"
node_1030,13.0049277,77.6873536,intermediate_path_node,"{""id"": ""line_157"", ""type"": ""transmission_line"", ""voltage"": ""220kV""}"
node_1031,13.0058606,77.6867133,intermediate_path_node,"{""id"": ""line_157"", ""type"": ""transmission_line"", ""voltage"": ""220kV""}"
node_1032,13.0178587,77.5065642,intermediate_path_node,"{""id"": ""line_158"", ""type"": ""transmission_line"", ""voltage"": ""220kV""}"
node_1033,13.0171609,77.5061485,intermediate_path_node,"{""id"": ""line_158"", ""type"": ""transmission_line"", ""voltage"": ""220kV""}"
node_1034,13.0167219,77.5068619,intermediate_path_node,"{""id"": ""line_158"", ""type"": ""transmission_line"", ""voltage"": ""220kV""}"
node_1035,13.0173883,77.5073045,intermediate_path_node,"{""id"": ""line_158"", ""type"": ""transmission_line"", ""voltage"": ""220kV""}"
node_1036,12.9469274,77.7469455,intermediate_path_node,"{""id"": ""line_159"", ""type"": ""transmission_line"", ""voltage"": ""220kV""}"
node_1037,12.9468809,77.74696,intermediate_path_node,"{""id"": ""line_159"", ""type"": ""transmission_line"", ""voltage"": ""220kV""}"
node_1038,12.9468902,77.7469911,intermediate_path_node,"{""id"": ""line_159"", ""type"": ""transmission_line"", ""voltage"": ""220kV""}"
node_1039,12.9469366,77.7469766,intermediate_path_node,"{""id"": ""line_159"", ""type"": ""transmission_line"", ""voltage"": ""220kV""}"
node_1040,12.9554204,77.6545375,intermediate_path_node,"{""id"": ""line_160"", ""type"": ""transmission_line"", ""voltage"": ""220kV""}"
node_1041,12.9554303,77.6544863,intermediate_path_node,"{""id"": ""line_160"", ""type"": ""transmission_line"", ""voltage"": ""220kV""}"
node_1042,12.9554552,77.654398,intermediate_path_node,"{""id"": ""line_160"", ""type"": ""transmission_line"", ""voltage"": ""220kV""}"
node_1043,12.9553998,77.6543773,intermediate_path_node,"{""id"": ""line_160"", ""type"": ""transmission_line"", ""voltage"": ""220kV""}"
node_1044,12.9553481,77.6545154,intermediate_path_node,"{""id"": ""line_160"", ""type"": ""transmission_line"", ""voltage"": ""220kV""}"
node_1045,12.8752568,77.6115578,intermediate_path_node,"{""id"": ""line_161"", ""type"": ""transmission_line"", ""voltage"": ""220kV""}"
node_1046,12.8751992,77.6114693,intermediate_path_node,"{""id"": ""line_161"", ""type"": ""transmission_line"", ""voltage"": ""220kV""}"
node_1047,12.8749443,77.6114492,intermediate_path_node,"{""id"": ""line_161"", ""type"": ""transmission_line"", ""voltage"": ""220kV""}"
node_1048,12.8748829,77.6120527,intermediate_path_node,"{""id"": ""line_161"", ""type"": ""transmission_line"", ""voltage"": ""220kV""}"
node_1049,12.8752306,77.6120768,intermediate_path_node,"{""id"": ""line_161"", ""type"": ""transmission_line"", ""voltage"": ""220kV""}"
node_1050,12.8609536,77.5407931,intermediate_path_node,"{""id"": ""line_162"", ""type"": ""transmission_line"", ""voltage"": ""220kV""}"
node_1051,12.8603391,77.5406671,intermediate_path_node,"{""id"": ""line_162"", ""type"": ""transmission_line"", ""voltage"": ""220kV""}"
node_1052,12.8602868,77.541174,intermediate_path_node,"{""id"": ""line_162"", ""type"": ""transmission_line"", ""voltage"": ""220kV""}"
node_1053,12.8609143,77.5412813,intermediate_path_node,"{""id"": ""line_162"", ""type"": ""transmission_line"", ""voltage"": ""220kV""}"
node_1054,12.9649457,77.6533601,intermediate_path_node,"{""id"": ""line_163"", ""type"": ""transmission_line"", ""voltage"": ""220kV""}"
node_1055,12.9647183,77.6533735,intermediate_path_node,"{""id"": ""line_163"", ""type"": ""transmission_line"", ""voltage"": ""220kV""}"
node_1056,12.9647026,77.6535639,intermediate_path_node,"{""id"": ""line_163"", ""type"": ""transmission_line"", ""voltage"": ""220kV""}"
node_1057,12.9646215,77.6535961,intermediate_path_node,"{""id"": ""line_163"", ""type"": ""transmission_line"", ""voltage"": ""220kV""}"
node_1058,12.9646424,77.6540574,intermediate_path_node,"{""id"": ""line_163"", ""type"": ""transmission_line"", ""voltage"": ""220kV""}"
node_1059,12.9649457,77.6540494,intermediate_path_node,"{""id"": ""line_163"", ""type"": ""transmission_line"", ""voltage"": ""220kV""}"
node_1060,13.0750263,77.6239791,intermediate_path_node,"{""id"": ""line_164"", ""type"": ""transmission_line"", ""voltage"": ""220kV""}"
node_1061,13.0749715,77.6243412,intermediate_path_node,"{""id"": ""line_164"", ""type"": ""transmission_line"", ""voltage"": ""220kV""}"
node_1062,13.0756403,77.624521,intermediate_path_node,"{""id"": ""line_164"", ""type"": ""transmission_line"", ""voltage"": ""220kV""}"
node_1063,13.0756037,77.6247248,intermediate_path_node,"{""id"": ""line_164"", ""type"": ""transmission_line"", ""voltage"": ""220kV""}"
node_1064,13.0760609,77.6245853,intermediate_path_node,"{""id"": ""line_164"", ""type"": ""transmission_line"", ""voltage"": ""220kV""}"
node_1065,13.0760035,77.6242742,intermediate_path_node,"{""id"": ""line_164"", ""type"": ""transmission_line"", ""voltage"": ""220kV""}"
node_1066,13.0370877,77.557665,intermediate_path_node,"{""id"": ""line_165"", ""type"": ""transmission_line"", ""voltage"": ""220kV""}"
node_1067,13.0363101,77.5577363,intermediate_path_node,"{""id"": ""line_165"", ""type"": ""transmission_line"", ""voltage"": ""220kV""}"
node_1068,13.0363449,77.5586902,intermediate_path_node,"{""id"": ""line_165"", ""type"": ""transmission_line"", ""voltage"": ""220kV""}"
node_1069,13.037192,77.5592547,intermediate_path_node,"{""id"": ""line_165"", ""type"": ""transmission_line"", ""voltage"": ""220kV""}"
node_1070,12.972629,77.7603207,intermediate_path_node,"{""id"": ""line_166"", ""type"": ""transmission_line"", ""voltage"": ""220kV""}"
node_1071,12.9721789,77.7603622,intermediate_path_node,"{""id"": ""line_166"", ""type"": ""transmission_line"", ""voltage"": ""220kV""}"
node_1072,12.9719151,77.7604443,intermediate_path_node,"{""id"": ""line_166"", ""type"": ""transmission_line"", ""voltage"": ""220kV""}"
node_1073,12.971359,77.7614004,intermediate_path_node,"{""id"": ""line_166"", ""type"": ""transmission_line"", ""voltage"": ""220kV""}"
node_1074,12.9719183,77.761747,intermediate_path_node,"{""id"": ""line_166"", ""type"": ""transmission_line"", ""voltage"": ""220kV""}"
node_1075,12.9721531,77.7606708,intermediate_path_node,"{""id"": ""line_166"", ""type"": ""transmission_line"", ""voltage"": ""220kV""}"
node_1076,12.9725143,77.7607767,intermediate_path_node,"{""id"": ""line_166"", ""type"": ""transmission_line"", ""voltage"": ""220kV""}"
node_1077,12.9994274,77.7148175,intermediate_path_node,"{""id"": ""line_167"", ""type"": ""transmission_line"", ""voltage"": ""220kV""}"
node_1078,12.9994781,77.7164218,intermediate_path_node,"{""id"": ""line_167"", ""type"": ""transmission_line"", ""voltage"": ""220kV""}"
node_1079,12.9999746,77.71756,intermediate_path_node,"{""id"": ""line_167"", ""type"": ""transmission_line"", ""voltage"": ""220kV""}"
node_1080,13.00098,77.7192533,intermediate_path_node,"{""id"": ""line_167"", ""type"": ""transmission_line"", ""voltage"": ""220kV""}"
node_1081,13.0017159,77.7204848,intermediate_path_node,"{""id"": ""line_167"", ""type"": ""transmission_line"", ""voltage"": ""220kV""}"
node_1082,13.0034595,77.7232676,intermediate_path_node,"{""id"": ""line_167"", ""type"": ""transmission_line"", ""voltage"": ""220kV""}"
node_1083,13.0044813,77.7250608,intermediate_path_node,"{""id"": ""line_167"", ""type"": ""transmission_line"", ""voltage"": ""220kV""}"
node_1084,13.0059436,77.7274671,intermediate_path_node,"{""id"": ""line_167"", ""type"": ""transmission_line"", ""voltage"": ""220kV""}"
node_1085,13.007417,77.7298509,intermediate_path_node,"{""id"": ""line_167"", ""type"": ""transmission_line"", ""voltage"": ""220kV""}"
node_1086,13.0089232,77.7318277,intermediate_path_node,"{""id"": ""line_167"", ""type"": ""transmission_line"", ""voltage"": ""220kV""}"
node_1087,13.0104005,77.7337667,intermediate_path_node,"{""id"": ""line_167"", ""type"": ""transmission_line"", ""voltage"": ""220kV""}"
node_1088,13.0121337,77.7360416,intermediate_path_node,"{""id"": ""line_167"", ""type"": ""transmission_line"", ""voltage"": ""220kV""}"
node_1089,13.0137535,77.7381717,intermediate_path_node,"{""id"": ""line_167"", ""type"": ""transmission_line"", ""voltage"": ""220kV""}"
node_1090,13.0154726,77.7404345,intermediate_path_node,"{""id"": ""line_167"", ""type"": ""transmission_line"", ""voltage"": ""220kV""}"
node_1091,13.0174282,77.7429769,intermediate_path_node,"{""id"": ""line_167"", ""type"": ""transmission_line"", ""voltage"": ""220kV""}"
node_1092,13.0190471,77.7450817,intermediate_path_node,"{""id"": ""line_167"", ""type"": ""transmission_line"", ""voltage"": ""220kV""}"
node_1093,13.0205645,77.7474749,intermediate_path_node,"{""id"": ""line_167"", ""type"": ""transmission_line"", ""voltage"": ""220kV""}"
node_1094,13.0221011,77.7499691,intermediate_path_node,"{""id"": ""line_167"", ""type"": ""transmission_line"", ""voltage"": ""220kV""}"
node_1095,13.0223566,77.752485,intermediate_path_node,"{""id"": ""line_167"", ""type"": ""transmission_line"", ""voltage"": ""220kV""}"
node_1096,13.0226823,77.7556959,intermediate_path_node,"{""id"": ""line_167"", ""type"": ""transmission_line"", ""voltage"": ""220kV""}"
node_1097,13.0230268,77.7588203,intermediate_path_node,"{""id"": ""line_167"", ""type"": ""transmission_line"", ""voltage"": ""220kV""}"
node_1098,13.0234297,77.7596579,intermediate_path_node,"{""id"": ""line_167"", ""type"": ""transmission_line"", ""voltage"": ""220kV""}"
node_1099,13.0235144,77.7598338,intermediate_path_node,"{""id"": ""line_167"", ""type"": ""transmission_line"", ""voltage"": ""220kV""}"
node_1100,13.0237928,77.7604127,intermediate_path_node,"{""id"": ""line_167"", ""type"": ""transmission_line"", ""voltage"": ""220kV""}"
node_1101,13.0241445,77.7611437,intermediate_path_node,"{""id"": ""line_167"", ""type"": ""transmission_line"", ""voltage"": ""220kV""}"
node_1102,13.0243015,77.7631665,intermediate_path_node,"{""id"": ""line_167"", ""type"": ""transmission_line"", ""voltage"": ""220kV""}"
node_1103,13.0240508,77.7662404,intermediate_path_node,"{""id"": ""line_167"", ""type"": ""transmission_line"", ""voltage"": ""220kV""}"
node_1104,13.0238399,77.7690786,intermediate_path_node,"{""id"": ""line_167"", ""type"": ""transmission_line"", ""voltage"": ""220kV""}"
node_1105,13.023622,77.7719335,intermediate_path_node,"{""id"": ""line_167"", ""type"": ""transmission_line"", ""voltage"": ""220kV""}"
node_1106,13.0234111,77.7743965,intermediate_path_node,"{""id"": ""line_167"", ""type"": ""transmission_line"", ""voltage"": ""220kV""}"
node_1107,13.0238282,77.7768185,intermediate_path_node,"{""id"": ""line_167"", ""type"": ""transmission_line"", ""voltage"": ""220kV""}"
node_1108,13.0242406,77.7792718,intermediate_path_node,"{""id"": ""line_167"", ""type"": ""transmission_line"", ""voltage"": ""220kV""}"
node_1109,13.0246343,77.7815015,intermediate_path_node,"{""id"": ""line_167"", ""type"": ""transmission_line"", ""voltage"": ""220kV""}"
node_1110,13.0250069,77.7837143,intermediate_path_node,"{""id"": ""line_167"", ""type"": ""transmission_line"", ""voltage"": ""220kV""}"
node_1111,13.0255083,77.7865308,intermediate_path_node,"{""id"": ""line_167"", ""type"": ""transmission_line"", ""voltage"": ""220kV""}"
node_1112,13.0259278,77.7890466,intermediate_path_node,"{""id"": ""line_167"", ""type"": ""transmission_line"", ""voltage"": ""220kV""}"
node_1113,13.026373,77.7916491,intermediate_path_node,"{""id"": ""line_167"", ""type"": ""transmission_line"", ""voltage"": ""220kV""}"
node_1114,13.0268487,77.7943814,intermediate_path_node,"{""id"": ""line_167"", ""type"": ""transmission_line"", ""voltage"": ""220kV""}"
node_1115,13.0275084,77.796274,intermediate_path_node,"{""id"": ""line_167"", ""type"": ""transmission_line"", ""voltage"": ""220kV""}"
node_1116,13.0284375,77.7989393,intermediate_path_node,"{""id"": ""line_167"", ""type"": ""transmission_line"", ""voltage"": ""220kV""}"
node_1117,13.0292014,77.8011316,intermediate_path_node,"{""id"": ""line_167"", ""type"": ""transmission_line"", ""voltage"": ""220kV""}"
node_1118,13.029846,77.8029746,intermediate_path_node,"{""id"": ""line_167"", ""type"": ""transmission_line"", ""voltage"": ""220kV""}"
node_1119,13.0308578,77.8058677,intermediate_path_node,"{""id"": ""line_167"", ""type"": ""transmission_line"", ""voltage"": ""220kV""}"
node_1120,13.0308146,77.8076699,intermediate_path_node,"{""id"": ""line_167"", ""type"": ""transmission_line"", ""voltage"": ""220kV""}"
node_1121,13.0307913,77.8086393,intermediate_path_node,"{""id"": ""line_167"", ""type"": ""transmission_line"", ""voltage"": ""220kV""}"
node_1122,13.0307895,77.8087414,intermediate_path_node,"{""id"": ""line_167"", ""type"": ""transmission_line"", ""voltage"": ""220kV""}"
node_1123,13.0307658,77.810104,intermediate_path_node,"{""id"": ""line_167"", ""type"": ""transmission_line"", ""voltage"": ""220kV""}"
node_1124,13.0307445,77.8113271,intermediate_path_node,"{""id"": ""line_167"", ""type"": ""transmission_line"", ""voltage"": ""220kV""}"
node_1125,13.0307061,77.8129974,intermediate_path_node,"{""id"": ""line_167"", ""type"": ""transmission_line"", ""voltage"": ""220kV""}"
node_1126,13.0306862,77.8138611,intermediate_path_node,"{""id"": ""line_167"", ""type"": ""transmission_line"", ""voltage"": ""220kV""}"
node_1127,13.0306276,77.8164051,intermediate_path_node,"{""id"": ""line_167"", ""type"": ""transmission_line"", ""voltage"": ""220kV""}"
node_1128,13.0305902,77.8190592,intermediate_path_node,"{""id"": ""line_167"", ""type"": ""transmission_line"", ""voltage"": ""220kV""}"
node_1129,13.0297766,77.822083,intermediate_path_node,"{""id"": ""line_167"", ""type"": ""transmission_line"", ""voltage"": ""220kV""}"
node_1130,13.0290693,77.8247735,intermediate_path_node,"{""id"": ""line_167"", ""type"": ""transmission_line"", ""voltage"": ""220kV""}"
node_1131,13.0284252,77.8272233,intermediate_path_node,"{""id"": ""line_167"", ""type"": ""transmission_line"", ""voltage"": ""220kV""}"
node_1132,13.0277495,77.8298576,intermediate_path_node,"{""id"": ""line_167"", ""type"": ""transmission_line"", ""voltage"": ""220kV""}"
node_1133,13.0270598,77.8325461,intermediate_path_node,"{""id"": ""line_167"", ""type"": ""transmission_line"", ""voltage"": ""220kV""}"
node_1134,13.0277566,77.8354546,intermediate_path_node,"{""id"": ""line_167"", ""type"": ""transmission_line"", ""voltage"": ""220kV""}"
node_1135,13.0281821,77.8373696,intermediate_path_node,"{""id"": ""line_167"", ""type"": ""transmission_line"", ""voltage"": ""220kV""}"
node_1136,13.0287198,77.8398462,intermediate_path_node,"{""id"": ""line_167"", ""type"": ""transmission_line"", ""voltage"": ""220kV""}"
node_1137,13.0294072,77.8428364,intermediate_path_node,"{""id"": ""line_167"", ""type"": ""transmission_line"", ""voltage"": ""220kV""}"
node_1138,13.0292202,77.8455913,intermediate_path_node,"{""id"": ""line_167"", ""type"": ""transmission_line"", ""voltage"": ""220kV""}"
node_1139,13.0290612,77.8480871,intermediate_path_node,"{""id"": ""line_167"", ""type"": ""transmission_line"", ""voltage"": ""220kV""}"
node_1140,13.0289209,77.8506069,intermediate_path_node,"{""id"": ""line_167"", ""type"": ""transmission_line"", ""voltage"": ""220kV""}"
node_1141,13.0288051,77.8523863,intermediate_path_node,"{""id"": ""line_167"", ""type"": ""transmission_line"", ""voltage"": ""220kV""}"
node_1142,13.0287572,77.8531171,intermediate_path_node,"{""id"": ""line_167"", ""type"": ""transmission_line"", ""voltage"": ""220kV""}"
node_1143,13.0286123,77.8556225,intermediate_path_node,"{""id"": ""line_167"", ""type"": ""transmission_line"", ""voltage"": ""220kV""}"
node_1144,13.0284533,77.8578159,intermediate_path_node,"{""id"": ""line_167"", ""type"": ""transmission_line"", ""voltage"": ""220kV""}"
node_1145,13.0271367,77.8598238,intermediate_path_node,"{""id"": ""line_167"", ""type"": ""transmission_line"", ""voltage"": ""220kV""}"
node_1146,13.026925,77.8625735,intermediate_path_node,"{""id"": ""line_167"", ""type"": ""transmission_line"", ""voltage"": ""220kV""}"
node_1147,13.0267147,77.8653065,intermediate_path_node,"{""id"": ""line_167"", ""type"": ""transmission_line"", ""voltage"": ""220kV""}"
node_1148,13.0265068,77.8680934,intermediate_path_node,"{""id"": ""line_167"", ""type"": ""transmission_line"", ""voltage"": ""220kV""}"
node_1149,13.0263217,77.8702234,intermediate_path_node,"{""id"": ""line_167"", ""type"": ""transmission_line"", ""voltage"": ""220kV""}"
node_1150,13.0260673,77.8734095,intermediate_path_node,"{""id"": ""line_167"", ""type"": ""transmission_line"", ""voltage"": ""220kV""}"
node_1151,13.0258178,77.8764273,intermediate_path_node,"{""id"": ""line_167"", ""type"": ""transmission_line"", ""voltage"": ""220kV""}"
node_1152,13.025676,77.8784309,intermediate_path_node,"{""id"": ""line_167"", ""type"": ""transmission_line"", ""voltage"": ""220kV""}"
node_1153,13.0254632,77.8809817,intermediate_path_node,"{""id"": ""line_167"", ""type"": ""transmission_line"", ""voltage"": ""220kV""}"
node_1154,13.0250204,77.8836833,intermediate_path_node,"{""id"": ""line_167"", ""type"": ""transmission_line"", ""voltage"": ""220kV""}"
node_1155,13.0245532,77.88644,intermediate_path_node,"{""id"": ""line_167"", ""type"": ""transmission_line"", ""voltage"": ""220kV""}"
node_1156,13.0240787,77.8891541,intermediate_path_node,"{""id"": ""line_167"", ""type"": ""transmission_line"", ""voltage"": ""220kV""}"
node_1157,13.0236628,77.8916572,intermediate_path_node,"{""id"": ""line_167"", ""type"": ""transmission_line"", ""voltage"": ""220kV""}"
node_1158,13.0231883,77.8944089,intermediate_path_node,"{""id"": ""line_167"", ""type"": ""transmission_line"", ""voltage"": ""220kV""}"
node_1159,13.0227186,77.8972284,intermediate_path_node,"{""id"": ""line_167"", ""type"": ""transmission_line"", ""voltage"": ""220kV""}"
node_1160,13.0222881,77.899827,intermediate_path_node,"{""id"": ""line_167"", ""type"": ""transmission_line"", ""voltage"": ""220kV""}"
node_1161,13.0218576,77.9024557,intermediate_path_node,"{""id"": ""line_167"", ""type"": ""transmission_line"", ""voltage"": ""220kV""}"
node_1162,13.0213855,77.9053832,intermediate_path_node,"{""id"": ""line_167"", ""type"": ""transmission_line"", ""voltage"": ""220kV""}"
node_1163,13.0208009,77.9086747,intermediate_path_node,"{""id"": ""line_167"", ""type"": ""transmission_line"", ""voltage"": ""220kV""}"
node_1164,13.0203392,77.9115914,intermediate_path_node,"{""id"": ""line_167"", ""type"": ""transmission_line"", ""voltage"": ""220kV""}"
node_1165,13.0199044,77.9141104,intermediate_path_node,"{""id"": ""line_167"", ""type"": ""transmission_line"", ""voltage"": ""220kV""}"
node_1166,13.0194995,77.9164549,intermediate_path_node,"{""id"": ""line_167"", ""type"": ""transmission_line"", ""voltage"": ""220kV""}"
node_1167,13.0191221,77.9186302,intermediate_path_node,"{""id"": ""line_167"", ""type"": ""transmission_line"", ""voltage"": ""220kV""}"
node_1168,13.0187123,77.9210466,intermediate_path_node,"{""id"": ""line_167"", ""type"": ""transmission_line"", ""voltage"": ""220kV""}"
node_1169,13.0182749,77.9235373,intermediate_path_node,"{""id"": ""line_167"", ""type"": ""transmission_line"", ""voltage"": ""220kV""}"
node_1170,13.01785,77.9258844,intermediate_path_node,"{""id"": ""line_167"", ""type"": ""transmission_line"", ""voltage"": ""220kV""}"
node_1171,13.0173752,77.9287856,intermediate_path_node,"{""id"": ""line_167"", ""type"": ""transmission_line"", ""voltage"": ""220kV""}"
node_1172,13.0160871,77.9308721,intermediate_path_node,"{""id"": ""line_167"", ""type"": ""transmission_line"", ""voltage"": ""220kV""}"
node_1173,13.0156278,77.931621,intermediate_path_node,"{""id"": ""line_167"", ""type"": ""transmission_line"", ""voltage"": ""220kV""}"
node_1174,13.0148725,77.9328641,intermediate_path_node,"{""id"": ""line_167"", ""type"": ""transmission_line"", ""voltage"": ""220kV""}"
node_1175,13.0135395,77.9350229,intermediate_path_node,"{""id"": ""line_167"", ""type"": ""transmission_line"", ""voltage"": ""220kV""}"
node_1176,13.0133755,77.9376466,intermediate_path_node,"{""id"": ""line_167"", ""type"": ""transmission_line"", ""voltage"": ""220kV""}"
node_1177,13.0131919,77.9408556,intermediate_path_node,"{""id"": ""line_167"", ""type"": ""transmission_line"", ""voltage"": ""220kV""}"
node_1178,13.0126502,77.9435904,intermediate_path_node,"{""id"": ""line_167"", ""type"": ""transmission_line"", ""voltage"": ""220kV""}"
node_1179,13.0121282,77.9463268,intermediate_path_node,"{""id"": ""line_167"", ""type"": ""transmission_line"", ""voltage"": ""220kV""}"
node_1180,13.0115624,77.9492362,intermediate_path_node,"{""id"": ""line_167"", ""type"": ""transmission_line"", ""voltage"": ""220kV""}"
node_1181,13.0110223,77.9519247,intermediate_path_node,"{""id"": ""line_167"", ""type"": ""transmission_line"", ""voltage"": ""220kV""}"
node_1182,13.0107304,77.9529069,intermediate_path_node,"{""id"": ""line_167"", ""type"": ""transmission_line"", ""voltage"": ""220kV""}"
node_1183,13.0102985,77.9560969,intermediate_path_node,"{""id"": ""line_167"", ""type"": ""transmission_line"", ""voltage"": ""220kV""}"
node_1184,13.009841,77.9591369,intermediate_path_node,"{""id"": ""line_167"", ""type"": ""transmission_line"", ""voltage"": ""220kV""}"
node_1185,13.0103176,77.9596326,intermediate_path_node,"{""id"": ""line_167"", ""type"": ""transmission_line"", ""voltage"": ""220kV""}"
node_1186,13.0110922,77.9599712,intermediate_path_node,"{""id"": ""line_167"", ""type"": ""transmission_line"", ""voltage"": ""220kV""}"
node_1187,13.0124752,77.9614584,intermediate_path_node,"{""id"": ""line_167"", ""type"": ""transmission_line"", ""voltage"": ""220kV""}"
node_1188,13.0125985,77.9641322,intermediate_path_node,"{""id"": ""line_167"", ""type"": ""transmission_line"", ""voltage"": ""220kV""}"
node_1189,13.0128098,77.9687145,intermediate_path_node,"{""id"": ""line_167"", ""type"": ""transmission_line"", ""voltage"": ""220kV""}"
node_1190,13.0135186,77.9705071,intermediate_path_node,"{""id"": ""line_167"", ""type"": ""transmission_line"", ""voltage"": ""220kV""}"
node_1191,13.0140781,77.9719269,intermediate_path_node,"{""id"": ""line_167"", ""type"": ""transmission_line"", ""voltage"": ""220kV""}"
node_1192,13.0145523,77.9731216,intermediate_path_node,"{""id"": ""line_167"", ""type"": ""transmission_line"", ""voltage"": ""220kV""}"
node_1193,13.0154372,77.9754808,intermediate_path_node,"{""id"": ""line_167"", ""type"": ""transmission_line"", ""voltage"": ""220kV""}"
node_1194,13.0163708,77.9779209,intermediate_path_node,"{""id"": ""line_167"", ""type"": ""transmission_line"", ""voltage"": ""220kV""}"
node_1195,13.0172596,77.9802966,intermediate_path_node,"{""id"": ""line_167"", ""type"": ""transmission_line"", ""voltage"": ""220kV""}"
node_1196,13.0179049,77.9820051,intermediate_path_node,"{""id"": ""line_167"", ""type"": ""transmission_line"", ""voltage"": ""220kV""}"
node_1197,13.178018,78.1129727,intermediate_path_node,"{""id"": ""line_168"", ""type"": ""transmission_line"", ""voltage"": ""220kV""}"
node_1198,13.1782201,78.1118308,intermediate_path_node,"{""id"": ""line_168"", ""type"": ""transmission_line"", ""voltage"": ""220kV""}"
node_1199,13.1787107,78.1092743,intermediate_path_node,"{""id"": ""line_168"", ""type"": ""transmission_line"", ""voltage"": ""220kV""}"
node_1200,13.1780042,78.1071881,intermediate_path_node,"{""id"": ""line_168"", ""type"": ""transmission_line"", ""voltage"": ""220kV""}"
node_1201,13.1760123,78.1043226,intermediate_path_node,"{""id"": ""line_168"", ""type"": ""transmission_line"", ""voltage"": ""220kV""}"
node_1202,13.1752109,78.1031771,intermediate_path_node,"{""id"": ""line_168"", ""type"": ""transmission_line"", ""voltage"": ""220kV""}"
node_1203,13.1740039,78.0991727,intermediate_path_node,"{""id"": ""line_168"", ""type"": ""transmission_line"", ""voltage"": ""220kV""}"
node_1204,13.1728493,78.0953834,intermediate_path_node,"{""id"": ""line_168"", ""type"": ""transmission_line"", ""voltage"": ""220kV""}"
node_1205,13.1720446,78.092407,intermediate_path_node,"{""id"": ""line_168"", ""type"": ""transmission_line"", ""voltage"": ""220kV""}"
node_1206,13.1713773,78.0899412,intermediate_path_node,"{""id"": ""line_168"", ""type"": ""transmission_line"", ""voltage"": ""220kV""}"
node_1207,13.171229,78.0862626,intermediate_path_node,"{""id"": ""line_168"", ""type"": ""transmission_line"", ""voltage"": ""220kV""}"
node_1208,13.1711227,78.0827143,intermediate_path_node,"{""id"": ""line_168"", ""type"": ""transmission_line"", ""voltage"": ""220kV""}"
node_1209,13.1710042,78.0792626,intermediate_path_node,"{""id"": ""line_168"", ""type"": ""transmission_line"", ""voltage"": ""220kV""}"
node_1210,13.1709183,78.075794,intermediate_path_node,"{""id"": ""line_168"", ""type"": ""transmission_line"", ""voltage"": ""220kV""}"
node_1211,13.1688085,78.0742571,intermediate_path_node,"{""id"": ""line_168"", ""type"": ""transmission_line"", ""voltage"": ""220kV""}"
node_1212,13.1661999,78.0723154,intermediate_path_node,"{""id"": ""line_168"", ""type"": ""transmission_line"", ""voltage"": ""220kV""}"
node_1213,13.1644367,78.0709784,intermediate_path_node,"{""id"": ""line_168"", ""type"": ""transmission_line"", ""voltage"": ""220kV""}"
node_1214,13.1628077,78.0676325,intermediate_path_node,"{""id"": ""line_168"", ""type"": ""transmission_line"", ""voltage"": ""220kV""}"
node_1215,13.1627652,78.0641992,intermediate_path_node,"{""id"": ""line_168"", ""type"": ""transmission_line"", ""voltage"": ""220kV""}"
node_1216,13.162726,78.0604703,intermediate_path_node,"{""id"": ""line_168"", ""type"": ""transmission_line"", ""voltage"": ""220kV""}"
node_1217,13.1626834,78.056859,intermediate_path_node,"{""id"": ""line_168"", ""type"": ""transmission_line"", ""voltage"": ""220kV""}"
node_1218,13.1626492,78.0532576,intermediate_path_node,"{""id"": ""line_168"", ""type"": ""transmission_line"", ""voltage"": ""220kV""}"
node_1219,13.1626283,78.0496247,intermediate_path_node,"{""id"": ""line_168"", ""type"": ""transmission_line"", ""voltage"": ""220kV""}"
node_1220,13.1625761,78.0458781,intermediate_path_node,"{""id"": ""line_168"", ""type"": ""transmission_line"", ""voltage"": ""220kV""}"
node_1221,13.1625552,78.0423192,intermediate_path_node,"{""id"": ""line_168"", ""type"": ""transmission_line"", ""voltage"": ""220kV""}"
node_1222,13.1625656,78.0383054,intermediate_path_node,"{""id"": ""line_168"", ""type"": ""transmission_line"", ""voltage"": ""220kV""}"
node_1223,13.1616307,78.0353614,intermediate_path_node,"{""id"": ""line_168"", ""type"": ""transmission_line"", ""voltage"": ""220kV""}"
node_1224,13.1607766,78.0327159,intermediate_path_node,"{""id"": ""line_168"", ""type"": ""transmission_line"", ""voltage"": ""220kV""}"
node_1225,13.1597642,78.0293389,intermediate_path_node,"{""id"": ""line_168"", ""type"": ""transmission_line"", ""voltage"": ""220kV""}"
node_1226,13.1586447,78.0260189,intermediate_path_node,"{""id"": ""line_168"", ""type"": ""transmission_line"", ""voltage"": ""220kV""}"
node_1227,13.1576434,78.0229113,intermediate_path_node,"{""id"": ""line_168"", ""type"": ""transmission_line"", ""voltage"": ""220kV""}"
node_1228,13.1565719,78.0195684,intermediate_path_node,"{""id"": ""line_168"", ""type"": ""transmission_line"", ""voltage"": ""220kV""}"
node_1229,13.1554909,78.0161455,intermediate_path_node,"{""id"": ""line_168"", ""type"": ""transmission_line"", ""voltage"": ""220kV""}"
node_1230,13.1545743,78.0133457,intermediate_path_node,"{""id"": ""line_168"", ""type"": ""transmission_line"", ""voltage"": ""220kV""}"
node_1231,13.1550793,78.0095385,intermediate_path_node,"{""id"": ""line_168"", ""type"": ""transmission_line"", ""voltage"": ""220kV""}"
node_1232,13.1556154,78.0058118,intermediate_path_node,"{""id"": ""line_168"", ""type"": ""transmission_line"", ""voltage"": ""220kV""}"
node_1233,13.1554444,78.002599,intermediate_path_node,"{""id"": ""line_168"", ""type"": ""transmission_line"", ""voltage"": ""220kV""}"
node_1234,13.155294,77.9993762,intermediate_path_node,"{""id"": ""line_168"", ""type"": ""transmission_line"", ""voltage"": ""220kV""}"
node_1235,13.1551135,77.9957277,intermediate_path_node,"{""id"": ""line_168"", ""type"": ""transmission_line"", ""voltage"": ""220kV""}"
node_1236,13.154923,77.9921067,intermediate_path_node,"{""id"": ""line_168"", ""type"": ""transmission_line"", ""voltage"": ""220kV""}"
node_1237,13.1547726,77.9889422,intermediate_path_node,"{""id"": ""line_168"", ""type"": ""transmission_line"", ""voltage"": ""220kV""}"
node_1238,13.1545855,77.9852354,intermediate_path_node,"{""id"": ""line_168"", ""type"": ""transmission_line"", ""voltage"": ""220kV""}"
node_1239,13.1544351,77.9819576,intermediate_path_node,"{""id"": ""line_168"", ""type"": ""transmission_line"", ""voltage"": ""220kV""}"
node_1240,13.1528375,77.9794418,intermediate_path_node,"{""id"": ""line_168"", ""type"": ""transmission_line"", ""voltage"": ""220kV""}"
node_1241,13.150869,77.9763528,intermediate_path_node,"{""id"": ""line_168"", ""type"": ""transmission_line"", ""voltage"": ""220kV""}"
node_1242,13.1490107,77.9733839,intermediate_path_node,"{""id"": ""line_168"", ""type"": ""transmission_line"", ""voltage"": ""220kV""}"
node_1243,13.1472226,77.9705523,intermediate_path_node,"{""id"": ""line_168"", ""type"": ""transmission_line"", ""voltage"": ""220kV""}"
node_1244,13.1456851,77.9681429,intermediate_path_node,"{""id"": ""line_168"", ""type"": ""transmission_line"", ""voltage"": ""220kV""}"
node_1245,13.1438101,77.9652049,intermediate_path_node,"{""id"": ""line_168"", ""type"": ""transmission_line"", ""voltage"": ""220kV""}"
node_1246,13.141905,77.9621674,intermediate_path_node,"{""id"": ""line_168"", ""type"": ""transmission_line"", ""voltage"": ""220kV""}"
node_1247,13.1401937,77.95948,intermediate_path_node,"{""id"": ""line_168"", ""type"": ""transmission_line"", ""voltage"": ""220kV""}"
node_1248,13.1382284,77.9563326,intermediate_path_node,"{""id"": ""line_168"", ""type"": ""transmission_line"", ""voltage"": ""220kV""}"
node_1249,13.1363065,77.9532745,intermediate_path_node,"{""id"": ""line_168"", ""type"": ""transmission_line"", ""voltage"": ""220kV""}"
node_1250,13.1344114,77.9503228,intermediate_path_node,"{""id"": ""line_168"", ""type"": ""transmission_line"", ""voltage"": ""220kV""}"
node_1251,13.1323791,77.9496158,intermediate_path_node,"{""id"": ""line_168"", ""type"": ""transmission_line"", ""voltage"": ""220kV""}"
node_1252,13.1303168,77.9473745,intermediate_path_node,"{""id"": ""line_168"", ""type"": ""transmission_line"", ""voltage"": ""220kV""}"
node_1253,13.1282345,77.9450852,intermediate_path_node,"{""id"": ""line_168"", ""type"": ""transmission_line"", ""voltage"": ""220kV""}"
node_1254,13.1259081,77.9425763,intermediate_path_node,"{""id"": ""line_168"", ""type"": ""transmission_line"", ""voltage"": ""220kV""}"
node_1255,13.1236752,77.9401531,intermediate_path_node,"{""id"": ""line_168"", ""type"": ""transmission_line"", ""voltage"": ""220kV""}"
node_1256,13.1220073,77.9370367,intermediate_path_node,"{""id"": ""line_168"", ""type"": ""transmission_line"", ""voltage"": ""220kV""}"
node_1257,13.1203995,77.9340403,intermediate_path_node,"{""id"": ""line_168"", ""type"": ""transmission_line"", ""voltage"": ""220kV""}"
node_1258,13.1198513,77.9308792,intermediate_path_node,"{""id"": ""line_168"", ""type"": ""transmission_line"", ""voltage"": ""220kV""}"
node_1259,13.1192429,77.9275088,intermediate_path_node,"{""id"": ""line_168"", ""type"": ""transmission_line"", ""voltage"": ""220kV""}"
node_1260,13.1187281,77.9243992,intermediate_path_node,"{""id"": ""line_168"", ""type"": ""transmission_line"", ""voltage"": ""220kV""}"
node_1261,13.1181164,77.9210768,intermediate_path_node,"{""id"": ""line_168"", ""type"": ""transmission_line"", ""voltage"": ""220kV""}"
node_1262,13.1178824,77.9196112,intermediate_path_node,"{""id"": ""line_168"", ""type"": ""transmission_line"", ""voltage"": ""220kV""}"
node_1263,13.1150475,77.9181057,intermediate_path_node,"{""id"": ""line_168"", ""type"": ""transmission_line"", ""voltage"": ""220kV""}"
node_1264,13.1121307,77.9165274,intermediate_path_node,"{""id"": ""line_168"", ""type"": ""transmission_line"", ""voltage"": ""220kV""}"
node_1265,13.1090154,77.9148709,intermediate_path_node,"{""id"": ""line_168"", ""type"": ""transmission_line"", ""voltage"": ""220kV""}"
node_1266,13.1060628,77.9132859,intermediate_path_node,"{""id"": ""line_168"", ""type"": ""transmission_line"", ""voltage"": ""220kV""}"
node_1267,13.1030471,77.9116763,intermediate_path_node,"{""id"": ""line_168"", ""type"": ""transmission_line"", ""voltage"": ""220kV""}"
node_1268,13.1004377,77.9102737,intermediate_path_node,"{""id"": ""line_168"", ""type"": ""transmission_line"", ""voltage"": ""220kV""}"
node_1269,13.0974697,77.9087097,intermediate_path_node,"{""id"": ""line_168"", ""type"": ""transmission_line"", ""voltage"": ""220kV""}"
node_1270,13.0945461,77.9071632,intermediate_path_node,"{""id"": ""line_168"", ""type"": ""transmission_line"", ""voltage"": ""220kV""}"
node_1271,13.0928964,77.9034742,intermediate_path_node,"{""id"": ""line_168"", ""type"": ""transmission_line"", ""voltage"": ""220kV""}"
node_1272,13.0914004,77.9001604,intermediate_path_node,"{""id"": ""line_168"", ""type"": ""transmission_line"", ""voltage"": ""220kV""}"
node_1273,13.0898668,77.896801,intermediate_path_node,"{""id"": ""line_168"", ""type"": ""transmission_line"", ""voltage"": ""220kV""}"
node_1274,13.0884391,77.8935678,intermediate_path_node,"{""id"": ""line_168"", ""type"": ""transmission_line"", ""voltage"": ""220kV""}"
node_1275,13.0857647,77.8918461,intermediate_path_node,"{""id"": ""line_168"", ""type"": ""transmission_line"", ""voltage"": ""220kV""}"
node_1276,13.0831995,77.8901804,intermediate_path_node,"{""id"": ""line_168"", ""type"": ""transmission_line"", ""voltage"": ""220kV""}"
node_1277,13.0806378,77.8884796,intermediate_path_node,"{""id"": ""line_168"", ""type"": ""transmission_line"", ""voltage"": ""220kV""}"
node_1278,13.0778437,77.8866492,intermediate_path_node,"{""id"": ""line_168"", ""type"": ""transmission_line"", ""voltage"": ""220kV""}"
node_1279,13.0751248,77.8848643,intermediate_path_node,"{""id"": ""line_168"", ""type"": ""transmission_line"", ""voltage"": ""220kV""}"
node_1280,13.072621,77.8832582,intermediate_path_node,"{""id"": ""line_168"", ""type"": ""transmission_line"", ""voltage"": ""220kV""}"
node_1281,13.0723785,77.8796603,intermediate_path_node,"{""id"": ""line_168"", ""type"": ""transmission_line"", ""voltage"": ""220kV""}"
node_1282,13.0720881,77.8759783,intermediate_path_node,"{""id"": ""line_168"", ""type"": ""transmission_line"", ""voltage"": ""220kV""}"
node_1283,13.0718559,77.872647,intermediate_path_node,"{""id"": ""line_168"", ""type"": ""transmission_line"", ""voltage"": ""220kV""}"
node_1284,13.0715655,77.8690702,intermediate_path_node,"{""id"": ""line_168"", ""type"": ""transmission_line"", ""voltage"": ""220kV""}"
node_1285,13.0712918,77.8654401,intermediate_path_node,"{""id"": ""line_168"", ""type"": ""transmission_line"", ""voltage"": ""220kV""}"
node_1286,13.0710202,77.8616881,intermediate_path_node,"{""id"": ""line_168"", ""type"": ""transmission_line"", ""voltage"": ""220kV""}"
node_1287,13.070784,77.8584257,intermediate_path_node,"{""id"": ""line_168"", ""type"": ""transmission_line"", ""voltage"": ""220kV""}"
node_1288,13.0705205,77.8547861,intermediate_path_node,"{""id"": ""line_168"", ""type"": ""transmission_line"", ""voltage"": ""220kV""}"
node_1289,13.0702785,77.8514434,intermediate_path_node,"{""id"": ""line_168"", ""type"": ""transmission_line"", ""voltage"": ""220kV""}"
node_1290,13.0700134,77.8477814,intermediate_path_node,"{""id"": ""line_168"", ""type"": ""transmission_line"", ""voltage"": ""220kV""}"
node_1291,13.069753,77.8441849,intermediate_path_node,"{""id"": ""line_168"", ""type"": ""transmission_line"", ""voltage"": ""220kV""}"
node_1292,13.0695415,77.841263,intermediate_path_node,"{""id"": ""line_168"", ""type"": ""transmission_line"", ""voltage"": ""220kV""}"
node_1293,13.0684771,77.838361,intermediate_path_node,"{""id"": ""line_168"", ""type"": ""transmission_line"", ""voltage"": ""220kV""}"
node_1294,13.0672469,77.8349798,intermediate_path_node,"{""id"": ""line_168"", ""type"": ""transmission_line"", ""voltage"": ""220kV""}"
node_1295,13.0659992,77.8316658,intermediate_path_node,"{""id"": ""line_168"", ""type"": ""transmission_line"", ""voltage"": ""220kV""}"
node_1296,13.0647254,77.8282442,intermediate_path_node,"{""id"": ""line_168"", ""type"": ""transmission_line"", ""voltage"": ""220kV""}"
node_1297,13.0638647,77.8258449,intermediate_path_node,"{""id"": ""line_168"", ""type"": ""transmission_line"", ""voltage"": ""220kV""}"
node_1298,13.062584,77.8243308,intermediate_path_node,"{""id"": ""line_168"", ""type"": ""transmission_line"", ""voltage"": ""220kV""}"
node_1299,13.0614622,77.8237031,intermediate_path_node,"{""id"": ""line_168"", ""type"": ""transmission_line"", ""voltage"": ""220kV""}"
node_1300,13.0602572,77.8205317,intermediate_path_node,"{""id"": ""line_168"", ""type"": ""transmission_line"", ""voltage"": ""220kV""}"
node_1301,13.0590322,77.8173079,intermediate_path_node,"{""id"": ""line_168"", ""type"": ""transmission_line"", ""voltage"": ""220kV""}"
node_1302,13.057802,77.8140431,intermediate_path_node,"{""id"": ""line_168"", ""type"": ""transmission_line"", ""voltage"": ""220kV""}"
node_1303,13.0565717,77.8108948,intermediate_path_node,"{""id"": ""line_168"", ""type"": ""transmission_line"", ""voltage"": ""220kV""}"
node_1304,13.0553676,77.807733,intermediate_path_node,"{""id"": ""line_168"", ""type"": ""transmission_line"", ""voltage"": ""220kV""}"
node_1305,13.0543424,77.805028,intermediate_path_node,"{""id"": ""line_168"", ""type"": ""transmission_line"", ""voltage"": ""220kV""}"
node_1306,13.0542088,77.804684,intermediate_path_node,"{""id"": ""line_168"", ""type"": ""transmission_line"", ""voltage"": ""220kV""}"
node_1307,13.0532953,77.802332,intermediate_path_node,"{""id"": ""line_168"", ""type"": ""transmission_line"", ""voltage"": ""220kV""}"
node_1308,13.0520673,77.7991218,intermediate_path_node,"{""id"": ""line_168"", ""type"": ""transmission_line"", ""voltage"": ""220kV""}"
node_1309,13.0508014,77.7958182,intermediate_path_node,"{""id"": ""line_168"", ""type"": ""transmission_line"", ""voltage"": ""220kV""}"
node_1310,13.0498164,77.7940292,intermediate_path_node,"{""id"": ""line_168"", ""type"": ""transmission_line"", ""voltage"": ""220kV""}"
node_1311,13.048332,77.7912061,intermediate_path_node,"{""id"": ""line_168"", ""type"": ""transmission_line"", ""voltage"": ""220kV""}"
node_1312,13.0479299,77.7904372,intermediate_path_node,"{""id"": ""line_168"", ""type"": ""transmission_line"", ""voltage"": ""220kV""}"
node_1313,13.046919,77.7885248,intermediate_path_node,"{""id"": ""line_168"", ""type"": ""transmission_line"", ""voltage"": ""220kV""}"
node_1314,13.0454213,77.7857337,intermediate_path_node,"{""id"": ""line_168"", ""type"": ""transmission_line"", ""voltage"": ""220kV""}"
node_1315,13.0443248,77.7828556,intermediate_path_node,"{""id"": ""line_168"", ""type"": ""transmission_line"", ""voltage"": ""220kV""}"
node_1316,13.0432906,77.7802476,intermediate_path_node,"{""id"": ""line_168"", ""type"": ""transmission_line"", ""voltage"": ""220kV""}"
node_1317,13.0422074,77.7773467,intermediate_path_node,"{""id"": ""line_168"", ""type"": ""transmission_line"", ""voltage"": ""220kV""}"
node_1318,13.0411777,77.7746059,intermediate_path_node,"{""id"": ""line_168"", ""type"": ""transmission_line"", ""voltage"": ""220kV""}"
node_1319,13.0400812,77.7717095,intermediate_path_node,"{""id"": ""line_168"", ""type"": ""transmission_line"", ""voltage"": ""220kV""}"
node_1320,13.0395797,77.7709692,intermediate_path_node,"{""id"": ""line_168"", ""type"": ""transmission_line"", ""voltage"": ""220kV""}"
node_1321,13.0381778,77.7689001,intermediate_path_node,"{""id"": ""line_168"", ""type"": ""transmission_line"", ""voltage"": ""220kV""}"
node_1322,13.0361719,77.7657842,intermediate_path_node,"{""id"": ""line_168"", ""type"": ""transmission_line"", ""voltage"": ""220kV""}"
node_1323,13.0328152,77.7637526,intermediate_path_node,"{""id"": ""line_168"", ""type"": ""transmission_line"", ""voltage"": ""220kV""}"
node_1324,13.0297216,77.7618217,intermediate_path_node,"{""id"": ""line_168"", ""type"": ""transmission_line"", ""voltage"": ""220kV""}"
node_1325,13.0270023,77.7602157,intermediate_path_node,"{""id"": ""line_168"", ""type"": ""transmission_line"", ""voltage"": ""220kV""}"
node_1326,13.0259057,77.7575985,intermediate_path_node,"{""id"": ""line_168"", ""type"": ""transmission_line"", ""voltage"": ""220kV""}"
node_1327,13.0245148,77.7541531,intermediate_path_node,"{""id"": ""line_168"", ""type"": ""transmission_line"", ""voltage"": ""220kV""}"
node_1328,13.0231106,77.7506756,intermediate_path_node,"{""id"": ""line_168"", ""type"": ""transmission_line"", ""voltage"": ""220kV""}"
node_1329,13.0217153,77.7472806,intermediate_path_node,"{""id"": ""line_168"", ""type"": ""transmission_line"", ""voltage"": ""220kV""}"
node_1330,13.0200213,77.74319,intermediate_path_node,"{""id"": ""line_168"", ""type"": ""transmission_line"", ""voltage"": ""220kV""}"
node_1331,13.01777,77.7409114,intermediate_path_node,"{""id"": ""line_168"", ""type"": ""transmission_line"", ""voltage"": ""220kV""}"
node_1332,13.0154474,77.7386236,intermediate_path_node,"{""id"": ""line_168"", ""type"": ""transmission_line"", ""voltage"": ""220kV""}"
node_1333,13.0130222,77.7361619,intermediate_path_node,"{""id"": ""line_168"", ""type"": ""transmission_line"", ""voltage"": ""220kV""}"
node_1334,13.0116224,77.73284,intermediate_path_node,"{""id"": ""line_168"", ""type"": ""transmission_line"", ""voltage"": ""220kV""}"
node_1335,13.0101435,77.7293979,intermediate_path_node,"{""id"": ""line_168"", ""type"": ""transmission_line"", ""voltage"": ""220kV""}"
node_1336,13.0087334,77.7260582,intermediate_path_node,"{""id"": ""line_168"", ""type"": ""transmission_line"", ""voltage"": ""220kV""}"
node_1337,13.0074944,77.7230476,intermediate_path_node,"{""id"": ""line_168"", ""type"": ""transmission_line"", ""voltage"": ""220kV""}"
node_1338,13.0055887,77.7223333,intermediate_path_node,"{""id"": ""line_168"", ""type"": ""transmission_line"", ""voltage"": ""220kV""}"
node_1339,13.0024257,77.7210842,intermediate_path_node,"{""id"": ""line_168"", ""type"": ""transmission_line"", ""voltage"": ""220kV""}"
node_1340,13.0014455,77.7185411,intermediate_path_node,"{""id"": ""line_168"", ""type"": ""transmission_line"", ""voltage"": ""220kV""}"
node_1341,13.0015257,77.7166861,intermediate_path_node,"{""id"": ""line_168"", ""type"": ""transmission_line"", ""voltage"": ""220kV""}"
node_1342,13.0003377,77.7158147,intermediate_path_node,"{""id"": ""line_168"", ""type"": ""transmission_line"", ""voltage"": ""220kV""}"
node_1343,12.9993039,77.7139138,intermediate_path_node,"{""id"": ""line_168"", ""type"": ""transmission_line"", ""voltage"": ""220kV""}"
node_1344,12.9982716,77.7131788,intermediate_path_node,"{""id"": ""line_168"", ""type"": ""transmission_line"", ""voltage"": ""220kV""}"
node_1345,12.9969887,77.7129622,intermediate_path_node,"{""id"": ""line_168"", ""type"": ""transmission_line"", ""voltage"": ""220kV""}"
node_1346,12.8958888,77.6636068,intermediate_path_node,"{""id"": ""line_169"", ""type"": ""transmission_line"", ""voltage"": ""220kV""}"
node_1347,12.8951366,77.6630777,intermediate_path_node,"{""id"": ""line_169"", ""type"": ""transmission_line"", ""voltage"": ""220kV""}"
node_1348,12.8942202,77.6631729,intermediate_path_node,"{""id"": ""line_169"", ""type"": ""transmission_line"", ""voltage"": ""220kV""}"
node_1349,12.8927365,77.6637018,intermediate_path_node,"{""id"": ""line_169"", ""type"": ""transmission_line"", ""voltage"": ""220kV""}"
node_1350,12.8903927,77.663866,intermediate_path_node,"{""id"": ""line_169"", ""type"": ""transmission_line"", ""voltage"": ""220kV""}"
node_1351,12.8885025,77.6641438,intermediate_path_node,"{""id"": ""line_169"", ""type"": ""transmission_line"", ""voltage"": ""220kV""}"
node_1352,12.8865376,77.6630866,intermediate_path_node,"{""id"": ""line_169"", ""type"": ""transmission_line"", ""voltage"": ""220kV""}"
node_1353,12.8842495,77.6629858,intermediate_path_node,"{""id"": ""line_169"", ""type"": ""transmission_line"", ""voltage"": ""220kV""}"
node_1354,12.8823426,77.6635926,intermediate_path_node,"{""id"": ""line_169"", ""type"": ""transmission_line"", ""voltage"": ""220kV""}"
node_1355,12.8820329,77.6637568,intermediate_path_node,"{""id"": ""line_169"", ""type"": ""transmission_line"", ""voltage"": ""220kV""}"
node_1356,12.8753467,77.5763289,intermediate_path_node,"{""id"": ""line_170"", ""type"": ""transmission_line"", ""voltage"": ""220kV""}"
node_1357,12.8745503,77.5763996,intermediate_path_node,"{""id"": ""line_170"", ""type"": ""transmission_line"", ""voltage"": ""220kV""}"
node_1358,12.8737187,77.5763263,intermediate_path_node,"{""id"": ""line_170"", ""type"": ""transmission_line"", ""voltage"": ""220kV""}"
node_1359,12.8727982,77.5762272,intermediate_path_node,"{""id"": ""line_170"", ""type"": ""transmission_line"", ""voltage"": ""220kV""}"
node_1360,12.8719115,77.5760896,intermediate_path_node,"{""id"": ""line_170"", ""type"": ""transmission_line"", ""voltage"": ""220kV""}"
node_1361,12.8711075,77.5759841,intermediate_path_node,"{""id"": ""line_170"", ""type"": ""transmission_line"", ""voltage"": ""220kV""}"
node_1362,12.8697893,77.5757847,intermediate_path_node,"{""id"": ""line_170"", ""type"": ""transmission_line"", ""voltage"": ""220kV""}"
node_1363,12.8689929,77.5757023,intermediate_path_node,"{""id"": ""line_170"", ""type"": ""transmission_line"", ""voltage"": ""220kV""}"
node_1364,12.8683407,77.575665,intermediate_path_node,"{""id"": ""line_170"", ""type"": ""transmission_line"", ""voltage"": ""220kV""}"
node_1365,12.867301,77.5754926,intermediate_path_node,"{""id"": ""line_170"", ""type"": ""transmission_line"", ""voltage"": ""220kV""}"
node_1366,12.8656534,77.5752795,intermediate_path_node,"{""id"": ""line_170"", ""type"": ""transmission_line"", ""voltage"": ""220kV""}"
node_1367,12.8648286,77.5751698,intermediate_path_node,"{""id"": ""line_170"", ""type"": ""transmission_line"", ""voltage"": ""220kV""}"
node_1368,12.863858,77.5750639,intermediate_path_node,"{""id"": ""line_170"", ""type"": ""transmission_line"", ""voltage"": ""220kV""}"
node_1369,12.8635618,77.5750204,intermediate_path_node,"{""id"": ""line_170"", ""type"": ""transmission_line"", ""voltage"": ""220kV""}"
node_1370,12.8629579,77.5749318,intermediate_path_node,"{""id"": ""line_170"", ""type"": ""transmission_line"", ""voltage"": ""220kV""}"
node_1371,12.8620902,77.5747952,intermediate_path_node,"{""id"": ""line_170"", ""type"": ""transmission_line"", ""voltage"": ""220kV""}"
node_1372,12.8617741,77.5744622,intermediate_path_node,"{""id"": ""line_170"", ""type"": ""transmission_line"", ""voltage"": ""220kV""}"
node_1373,12.8608774,77.5742789,intermediate_path_node,"{""id"": ""line_170"", ""type"": ""transmission_line"", ""voltage"": ""220kV""}"
node_1374,12.8602228,77.5741412,intermediate_path_node,"{""id"": ""line_170"", ""type"": ""transmission_line"", ""voltage"": ""220kV""}"
node_1375,12.8599978,77.5741098,intermediate_path_node,"{""id"": ""line_170"", ""type"": ""transmission_line"", ""voltage"": ""220kV""}"
node_1376,12.8590426,77.5739071,intermediate_path_node,"{""id"": ""line_170"", ""type"": ""transmission_line"", ""voltage"": ""220kV""}"
node_1377,12.8581029,77.5736939,intermediate_path_node,"{""id"": ""line_170"", ""type"": ""transmission_line"", ""voltage"": ""220kV""}"
node_1378,12.8570807,77.5734736,intermediate_path_node,"{""id"": ""line_170"", ""type"": ""transmission_line"", ""voltage"": ""220kV""}"
node_1379,12.8558713,77.5731177,intermediate_path_node,"{""id"": ""line_170"", ""type"": ""transmission_line"", ""voltage"": ""220kV""}"
node_1380,12.8545759,77.5727476,intermediate_path_node,"{""id"": ""line_170"", ""type"": ""transmission_line"", ""voltage"": ""220kV""}"
node_1381,12.8536414,77.5726648,intermediate_path_node,"{""id"": ""line_170"", ""type"": ""transmission_line"", ""voltage"": ""220kV""}"
node_1382,12.8523197,77.5725336,intermediate_path_node,"{""id"": ""line_170"", ""type"": ""transmission_line"", ""voltage"": ""220kV""}"
node_1383,12.8515218,77.5725228,intermediate_path_node,"{""id"": ""line_170"", ""type"": ""transmission_line"", ""voltage"": ""220kV""}"
node_1384,12.8508503,77.5723975,intermediate_path_node,"{""id"": ""line_170"", ""type"": ""transmission_line"", ""voltage"": ""220kV""}"
node_1385,12.8500133,77.5722252,intermediate_path_node,"{""id"": ""line_170"", ""type"": ""transmission_line"", ""voltage"": ""220kV""}"
node_1386,12.8490209,77.5720344,intermediate_path_node,"{""id"": ""line_170"", ""type"": ""transmission_line"", ""voltage"": ""220kV""}"
node_1387,12.8479116,77.5718065,intermediate_path_node,"{""id"": ""line_170"", ""type"": ""transmission_line"", ""voltage"": ""220kV""}"
node_1388,12.8467035,77.5715499,intermediate_path_node,"{""id"": ""line_170"", ""type"": ""transmission_line"", ""voltage"": ""220kV""}"
node_1389,12.8451812,77.5712121,intermediate_path_node,"{""id"": ""line_170"", ""type"": ""transmission_line"", ""voltage"": ""220kV""}"
node_1390,12.8443301,77.5711126,intermediate_path_node,"{""id"": ""line_170"", ""type"": ""transmission_line"", ""voltage"": ""220kV""}"
node_1391,12.8436273,77.5714299,intermediate_path_node,"{""id"": ""line_170"", ""type"": ""transmission_line"", ""voltage"": ""220kV""}"
node_1392,12.8424258,77.5719802,intermediate_path_node,"{""id"": ""line_170"", ""type"": ""transmission_line"", ""voltage"": ""220kV""}"
node_1393,12.8421082,77.5721406,intermediate_path_node,"{""id"": ""line_170"", ""type"": ""transmission_line"", ""voltage"": ""220kV""}"
node_1394,12.8418054,77.572314,intermediate_path_node,"{""id"": ""line_170"", ""type"": ""transmission_line"", ""voltage"": ""220kV""}"
node_1395,12.8415009,77.5715746,intermediate_path_node,"{""id"": ""line_170"", ""type"": ""transmission_line"", ""voltage"": ""220kV""}"
node_1396,12.841068,77.5708825,intermediate_path_node,"{""id"": ""line_170"", ""type"": ""transmission_line"", ""voltage"": ""220kV""}"
node_1397,12.840515,77.5699321,intermediate_path_node,"{""id"": ""line_170"", ""type"": ""transmission_line"", ""voltage"": ""220kV""}"
node_1398,12.83946,77.5695877,intermediate_path_node,"{""id"": ""line_170"", ""type"": ""transmission_line"", ""voltage"": ""220kV""}"
node_1399,12.8379721,77.569083,intermediate_path_node,"{""id"": ""line_170"", ""type"": ""transmission_line"", ""voltage"": ""220kV""}"
node_1400,12.8368421,77.5692711,intermediate_path_node,"{""id"": ""line_170"", ""type"": ""transmission_line"", ""voltage"": ""220kV""}"
node_1401,12.8358662,77.5691971,intermediate_path_node,"{""id"": ""line_170"", ""type"": ""transmission_line"", ""voltage"": ""220kV""}"
node_1402,12.8348233,77.5691302,intermediate_path_node,"{""id"": ""line_170"", ""type"": ""transmission_line"", ""voltage"": ""220kV""}"
node_1403,12.833734,77.5690702,intermediate_path_node,"{""id"": ""line_170"", ""type"": ""transmission_line"", ""voltage"": ""220kV""}"
node_1404,12.8326156,77.5690015,intermediate_path_node,"{""id"": ""line_170"", ""type"": ""transmission_line"", ""voltage"": ""220kV""}"
node_1405,12.8309782,77.5688764,intermediate_path_node,"{""id"": ""line_170"", ""type"": ""transmission_line"", ""voltage"": ""220kV""}"
node_1406,12.8304194,77.569558,intermediate_path_node,"{""id"": ""line_170"", ""type"": ""transmission_line"", ""voltage"": ""220kV""}"
node_1407,12.8294376,77.5707731,intermediate_path_node,"{""id"": ""line_170"", ""type"": ""transmission_line"", ""voltage"": ""220kV""}"
node_1408,12.8288544,77.5715057,intermediate_path_node,"{""id"": ""line_170"", ""type"": ""transmission_line"", ""voltage"": ""220kV""}"
node_1409,12.8279287,77.5718558,intermediate_path_node,"{""id"": ""line_170"", ""type"": ""transmission_line"", ""voltage"": ""220kV""}"
node_1410,12.8268073,77.572049,intermediate_path_node,"{""id"": ""line_170"", ""type"": ""transmission_line"", ""voltage"": ""220kV""}"
node_1411,12.8258268,77.5725586,intermediate_path_node,"{""id"": ""line_170"", ""type"": ""transmission_line"", ""voltage"": ""220kV""}"
node_1412,12.8240935,77.5725298,intermediate_path_node,"{""id"": ""line_170"", ""type"": ""transmission_line"", ""voltage"": ""220kV""}"
node_1413,12.8227681,77.5723723,intermediate_path_node,"{""id"": ""line_170"", ""type"": ""transmission_line"", ""voltage"": ""220kV""}"
node_1414,12.8223315,77.5723692,intermediate_path_node,"{""id"": ""line_170"", ""type"": ""transmission_line"", ""voltage"": ""220kV""}"
node_1415,12.8220335,77.572367,intermediate_path_node,"{""id"": ""line_170"", ""type"": ""transmission_line"", ""voltage"": ""220kV""}"
node_1416,12.8211367,77.5724018,intermediate_path_node,"{""id"": ""line_170"", ""type"": ""transmission_line"", ""voltage"": ""220kV""}"
node_1417,12.8200385,77.5719809,intermediate_path_node,"{""id"": ""line_170"", ""type"": ""transmission_line"", ""voltage"": ""220kV""}"
node_1418,12.8198628,77.5720646,intermediate_path_node,"{""id"": ""line_170"", ""type"": ""transmission_line"", ""voltage"": ""220kV""}"
node_1419,12.8954921,77.6640578,intermediate_path_node,"{""id"": ""line_171"", ""type"": ""transmission_line"", ""voltage"": ""220kV""}"
node_1420,12.8944043,77.6663537,intermediate_path_node,"{""id"": ""line_171"", ""type"": ""transmission_line"", ""voltage"": ""220kV""}"
node_1421,12.8927897,77.6688725,intermediate_path_node,"{""id"": ""line_171"", ""type"": ""transmission_line"", ""voltage"": ""220kV""}"
node_1422,12.8921153,77.6711816,intermediate_path_node,"{""id"": ""line_171"", ""type"": ""transmission_line"", ""voltage"": ""220kV""}"
node_1423,12.8911445,77.6732284,intermediate_path_node,"{""id"": ""line_171"", ""type"": ""transmission_line"", ""voltage"": ""220kV""}"
node_1424,12.891091,77.673304,intermediate_path_node,"{""id"": ""line_171"", ""type"": ""transmission_line"", ""voltage"": ""220kV""}"
node_1425,12.8909376,77.6736217,intermediate_path_node,"{""id"": ""line_171"", ""type"": ""transmission_line"", ""voltage"": ""220kV""}"
node_1426,12.8896736,77.676248,intermediate_path_node,"{""id"": ""line_171"", ""type"": ""transmission_line"", ""voltage"": ""220kV""}"
node_1427,12.8895043,77.6763523,intermediate_path_node,"{""id"": ""line_171"", ""type"": ""transmission_line"", ""voltage"": ""220kV""}"
node_1428,12.9489686,77.8190749,intermediate_path_node,"{""id"": ""line_172"", ""type"": ""transmission_line"", ""voltage"": ""220kV""}"
node_1429,12.9470957,77.8164182,intermediate_path_node,"{""id"": ""line_172"", ""type"": ""transmission_line"", ""voltage"": ""220kV""}"
node_1430,12.9455899,77.8143082,intermediate_path_node,"{""id"": ""line_172"", ""type"": ""transmission_line"", ""voltage"": ""220kV""}"
node_1431,12.9441025,77.812233,intermediate_path_node,"{""id"": ""line_172"", ""type"": ""transmission_line"", ""voltage"": ""220kV""}"
node_1432,12.942829,77.8104631,intermediate_path_node,"{""id"": ""line_172"", ""type"": ""transmission_line"", ""voltage"": ""220kV""}"
node_1433,12.9416129,77.8087334,intermediate_path_node,"{""id"": ""line_172"", ""type"": ""transmission_line"", ""voltage"": ""220kV""}"
node_1434,12.9419522,77.8072981,intermediate_path_node,"{""id"": ""line_172"", ""type"": ""transmission_line"", ""voltage"": ""220kV""}"
node_1435,12.9408744,77.8043152,intermediate_path_node,"{""id"": ""line_172"", ""type"": ""transmission_line"", ""voltage"": ""220kV""}"
node_1436,12.9410537,77.8040065,intermediate_path_node,"{""id"": ""line_172"", ""type"": ""transmission_line"", ""voltage"": ""220kV""}"
node_1437,12.9412632,77.8036458,intermediate_path_node,"{""id"": ""line_172"", ""type"": ""transmission_line"", ""voltage"": ""220kV""}"
node_1438,12.9425586,77.8011117,intermediate_path_node,"{""id"": ""line_172"", ""type"": ""transmission_line"", ""voltage"": ""220kV""}"
node_1439,12.9433024,77.7985251,intermediate_path_node,"{""id"": ""line_172"", ""type"": ""transmission_line"", ""voltage"": ""220kV""}"
node_1440,12.9434433,77.7970497,intermediate_path_node,"{""id"": ""line_172"", ""type"": ""transmission_line"", ""voltage"": ""220kV""}"
node_1441,12.9436625,77.794364,intermediate_path_node,"{""id"": ""line_172"", ""type"": ""transmission_line"", ""voltage"": ""220kV""}"
node_1442,12.943969,77.7914396,intermediate_path_node,"{""id"": ""line_172"", ""type"": ""transmission_line"", ""voltage"": ""220kV""}"
node_1443,12.9438464,77.7886519,intermediate_path_node,"{""id"": ""line_172"", ""type"": ""transmission_line"", ""voltage"": ""220kV""}"
node_1444,12.9434385,77.7870925,intermediate_path_node,"{""id"": ""line_172"", ""type"": ""transmission_line"", ""voltage"": ""220kV""}"
node_1445,12.9428172,77.7846851,intermediate_path_node,"{""id"": ""line_172"", ""type"": ""transmission_line"", ""voltage"": ""220kV""}"
node_1446,12.9421747,77.7822448,intermediate_path_node,"{""id"": ""line_172"", ""type"": ""transmission_line"", ""voltage"": ""220kV""}"
node_1447,12.9415588,77.7799359,intermediate_path_node,"{""id"": ""line_172"", ""type"": ""transmission_line"", ""voltage"": ""220kV""}"
node_1448,12.940023,77.7786802,intermediate_path_node,"{""id"": ""line_172"", ""type"": ""transmission_line"", ""voltage"": ""220kV""}"
node_1449,12.93817,77.7772248,intermediate_path_node,"{""id"": ""line_172"", ""type"": ""transmission_line"", ""voltage"": ""220kV""}"
node_1450,12.9360956,77.7755806,intermediate_path_node,"{""id"": ""line_172"", ""type"": ""transmission_line"", ""voltage"": ""220kV""}"
node_1451,12.9335653,77.7735343,intermediate_path_node,"{""id"": ""line_172"", ""type"": ""transmission_line"", ""voltage"": ""220kV""}"
node_1452,12.9314636,77.7718748,intermediate_path_node,"{""id"": ""line_172"", ""type"": ""transmission_line"", ""voltage"": ""220kV""}"
node_1453,12.9293945,77.7702312,intermediate_path_node,"{""id"": ""line_172"", ""type"": ""transmission_line"", ""voltage"": ""220kV""}"
node_1454,12.9273038,77.7685375,intermediate_path_node,"{""id"": ""line_172"", ""type"": ""transmission_line"", ""voltage"": ""220kV""}"
node_1455,12.9270032,77.766483,intermediate_path_node,"{""id"": ""line_172"", ""type"": ""transmission_line"", ""voltage"": ""220kV""}"
node_1456,12.9266379,77.7641248,intermediate_path_node,"{""id"": ""line_172"", ""type"": ""transmission_line"", ""voltage"": ""220kV""}"
node_1457,12.92507,77.7624095,intermediate_path_node,"{""id"": ""line_172"", ""type"": ""transmission_line"", ""voltage"": ""220kV""}"
node_1458,12.9231742,77.7603604,intermediate_path_node,"{""id"": ""line_172"", ""type"": ""transmission_line"", ""voltage"": ""220kV""}"
node_1459,12.9213717,77.7584235,intermediate_path_node,"{""id"": ""line_172"", ""type"": ""transmission_line"", ""voltage"": ""220kV""}"
node_1460,12.9195852,77.7564675,intermediate_path_node,"{""id"": ""line_172"", ""type"": ""transmission_line"", ""voltage"": ""220kV""}"
node_1461,12.9179613,77.7546947,intermediate_path_node,"{""id"": ""line_172"", ""type"": ""transmission_line"", ""voltage"": ""220kV""}"
node_1462,12.9159401,77.752528,intermediate_path_node,"{""id"": ""line_172"", ""type"": ""transmission_line"", ""voltage"": ""220kV""}"
node_1463,12.9141322,77.750561,intermediate_path_node,"{""id"": ""line_172"", ""type"": ""transmission_line"", ""voltage"": ""220kV""}"
node_1464,12.9122469,77.7484874,intermediate_path_node,"{""id"": ""line_172"", ""type"": ""transmission_line"", ""voltage"": ""220kV""}"
node_1465,12.9104657,77.7465669,intermediate_path_node,"{""id"": ""line_172"", ""type"": ""transmission_line"", ""voltage"": ""220kV""}"
node_1466,12.9102337,77.7435904,intermediate_path_node,"{""id"": ""line_172"", ""type"": ""transmission_line"", ""voltage"": ""220kV""}"
node_1467,12.9100263,77.7409117,intermediate_path_node,"{""id"": ""line_172"", ""type"": ""transmission_line"", ""voltage"": ""220kV""}"
node_1468,12.9098034,77.7377485,intermediate_path_node,"{""id"": ""line_172"", ""type"": ""transmission_line"", ""voltage"": ""220kV""}"
node_1469,12.9091345,77.7348731,intermediate_path_node,"{""id"": ""line_172"", ""type"": ""transmission_line"", ""voltage"": ""220kV""}"
node_1470,12.9084786,77.732367,intermediate_path_node,"{""id"": ""line_172"", ""type"": ""transmission_line"", ""voltage"": ""220kV""}"
node_1471,12.9063589,77.7302733,intermediate_path_node,"{""id"": ""line_172"", ""type"": ""transmission_line"", ""voltage"": ""220kV""}"
node_1472,12.9068474,77.7277768,intermediate_path_node,"{""id"": ""line_172"", ""type"": ""transmission_line"", ""voltage"": ""220kV""}"
node_1473,12.9072944,77.7254057,intermediate_path_node,"{""id"": ""line_172"", ""type"": ""transmission_line"", ""voltage"": ""220kV""}"
node_1474,12.9076902,77.7231231,intermediate_path_node,"{""id"": ""line_172"", ""type"": ""transmission_line"", ""voltage"": ""220kV""}"
node_1475,12.9078735,77.722177,intermediate_path_node,"{""id"": ""line_172"", ""type"": ""transmission_line"", ""voltage"": ""220kV""}"
node_1476,12.9081277,77.7207934,intermediate_path_node,"{""id"": ""line_172"", ""type"": ""transmission_line"", ""voltage"": ""220kV""}"
node_1477,12.9073478,77.7193999,intermediate_path_node,"{""id"": ""line_172"", ""type"": ""transmission_line"", ""voltage"": ""220kV""}"
node_1478,12.9070049,77.7187873,intermediate_path_node,"{""id"": ""line_172"", ""type"": ""transmission_line"", ""voltage"": ""220kV""}"
node_1479,12.9054859,77.7172354,intermediate_path_node,"{""id"": ""line_172"", ""type"": ""transmission_line"", ""voltage"": ""220kV""}"
node_1480,12.9044385,77.7142302,intermediate_path_node,"{""id"": ""line_172"", ""type"": ""transmission_line"", ""voltage"": ""220kV""}"
node_1481,12.9035515,77.7127154,intermediate_path_node,"{""id"": ""line_172"", ""type"": ""transmission_line"", ""voltage"": ""220kV""}"
node_1482,12.9017399,77.7118871,intermediate_path_node,"{""id"": ""line_172"", ""type"": ""transmission_line"", ""voltage"": ""220kV""}"
node_1483,12.9013854,77.711725,intermediate_path_node,"{""id"": ""line_172"", ""type"": ""transmission_line"", ""voltage"": ""220kV""}"
node_1484,12.899798,77.7110342,intermediate_path_node,"{""id"": ""line_172"", ""type"": ""transmission_line"", ""voltage"": ""220kV""}"
node_1485,12.8977644,77.7102435,intermediate_path_node,"{""id"": ""line_172"", ""type"": ""transmission_line"", ""voltage"": ""220kV""}"
node_1486,12.8961554,77.709328,intermediate_path_node,"{""id"": ""line_172"", ""type"": ""transmission_line"", ""voltage"": ""220kV""}"
node_1487,12.8938323,77.7094806,intermediate_path_node,"{""id"": ""line_172"", ""type"": ""transmission_line"", ""voltage"": ""220kV""}"
node_1488,12.8925261,77.7080352,intermediate_path_node,"{""id"": ""line_172"", ""type"": ""transmission_line"", ""voltage"": ""220kV""}"
node_1489,12.8925667,77.7067257,intermediate_path_node,"{""id"": ""line_172"", ""type"": ""transmission_line"", ""voltage"": ""220kV""}"
node_1490,12.8907656,77.7042871,intermediate_path_node,"{""id"": ""line_172"", ""type"": ""transmission_line"", ""voltage"": ""220kV""}"
node_1491,12.8894513,77.7025837,intermediate_path_node,"{""id"": ""line_172"", ""type"": ""transmission_line"", ""voltage"": ""220kV""}"
node_1492,12.8881586,77.7012826,intermediate_path_node,"{""id"": ""line_172"", ""type"": ""transmission_line"", ""voltage"": ""220kV""}"
node_1493,12.8866333,77.6997789,intermediate_path_node,"{""id"": ""line_172"", ""type"": ""transmission_line"", ""voltage"": ""220kV""}"
node_1494,12.8845887,77.6977426,intermediate_path_node,"{""id"": ""line_172"", ""type"": ""transmission_line"", ""voltage"": ""220kV""}"
node_1495,12.8832682,77.6974218,intermediate_path_node,"{""id"": ""line_172"", ""type"": ""transmission_line"", ""voltage"": ""220kV""}"
node_1496,12.8825585,77.69759,intermediate_path_node,"{""id"": ""line_172"", ""type"": ""transmission_line"", ""voltage"": ""220kV""}"
node_1497,12.881028,77.6960744,intermediate_path_node,"{""id"": ""line_172"", ""type"": ""transmission_line"", ""voltage"": ""220kV""}"
node_1498,12.8804175,77.6934479,intermediate_path_node,"{""id"": ""line_172"", ""type"": ""transmission_line"", ""voltage"": ""220kV""}"
node_1499,12.8799191,77.6909918,intermediate_path_node,"{""id"": ""line_172"", ""type"": ""transmission_line"", ""voltage"": ""220kV""}"
node_1500,12.8792318,77.6883451,intermediate_path_node,"{""id"": ""line_172"", ""type"": ""transmission_line"", ""voltage"": ""220kV""}"
node_1501,12.877153,77.6876844,intermediate_path_node,"{""id"": ""line_172"", ""type"": ""transmission_line"", ""voltage"": ""220kV""}"
node_1502,12.8749529,77.6869915,intermediate_path_node,"{""id"": ""line_172"", ""type"": ""transmission_line"", ""voltage"": ""220kV""}"
node_1503,12.8737142,77.6845751,intermediate_path_node,"{""id"": ""line_172"", ""type"": ""transmission_line"", ""voltage"": ""220kV""}"
node_1504,12.8723619,77.6819173,intermediate_path_node,"{""id"": ""line_172"", ""type"": ""transmission_line"", ""voltage"": ""220kV""}"
node_1505,12.8710205,77.6804303,intermediate_path_node,"{""id"": ""line_172"", ""type"": ""transmission_line"", ""voltage"": ""220kV""}"
node_1506,12.868417,77.6762434,intermediate_path_node,"{""id"": ""line_172"", ""type"": ""transmission_line"", ""voltage"": ""220kV""}"
node_1507,12.8670998,77.673569,intermediate_path_node,"{""id"": ""line_172"", ""type"": ""transmission_line"", ""voltage"": ""220kV""}"
node_1508,12.8657772,77.670914,intermediate_path_node,"{""id"": ""line_172"", ""type"": ""transmission_line"", ""voltage"": ""220kV""}"
node_1509,12.8646948,77.6686923,intermediate_path_node,"{""id"": ""line_172"", ""type"": ""transmission_line"", ""voltage"": ""220kV""}"
node_1510,12.8634366,77.6662597,intermediate_path_node,"{""id"": ""line_172"", ""type"": ""transmission_line"", ""voltage"": ""220kV""}"
node_1511,12.8609662,77.6650246,intermediate_path_node,"{""id"": ""line_172"", ""type"": ""transmission_line"", ""voltage"": ""220kV""}"
node_1512,12.8608815,77.6649826,intermediate_path_node,"{""id"": ""line_172"", ""type"": ""transmission_line"", ""voltage"": ""220kV""}"
node_1513,12.8609848,77.6640861,intermediate_path_node,"{""id"": ""line_172"", ""type"": ""transmission_line"", ""voltage"": ""220kV""}"
node_1514,12.8600993,77.6630837,intermediate_path_node,"{""id"": ""line_172"", ""type"": ""transmission_line"", ""voltage"": ""220kV""}"
node_1515,12.859341,77.6622834,intermediate_path_node,"{""id"": ""line_172"", ""type"": ""transmission_line"", ""voltage"": ""220kV""}"
node_1516,12.8586447,77.6613987,intermediate_path_node,"{""id"": ""line_172"", ""type"": ""transmission_line"", ""voltage"": ""220kV""}"
node_1517,12.8570827,77.6587615,intermediate_path_node,"{""id"": ""line_172"", ""type"": ""transmission_line"", ""voltage"": ""220kV""}"
node_1518,12.8561169,77.6572215,intermediate_path_node,"{""id"": ""line_172"", ""type"": ""transmission_line"", ""voltage"": ""220kV""}"
node_1519,12.8550191,77.6552166,intermediate_path_node,"{""id"": ""line_172"", ""type"": ""transmission_line"", ""voltage"": ""220kV""}"
node_1520,12.8544973,77.653874,intermediate_path_node,"{""id"": ""line_172"", ""type"": ""transmission_line"", ""voltage"": ""220kV""}"
node_1521,12.8544178,77.6536695,intermediate_path_node,"{""id"": ""line_172"", ""type"": ""transmission_line"", ""voltage"": ""220kV""}"
node_1522,12.8541202,77.652894,intermediate_path_node,"{""id"": ""line_172"", ""type"": ""transmission_line"", ""voltage"": ""220kV""}"
node_1523,12.8531216,77.6503784,intermediate_path_node,"{""id"": ""line_172"", ""type"": ""transmission_line"", ""voltage"": ""220kV""}"
node_1524,12.8520817,77.6481758,intermediate_path_node,"{""id"": ""line_172"", ""type"": ""transmission_line"", ""voltage"": ""220kV""}"
node_1525,12.8509015,77.6456762,intermediate_path_node,"{""id"": ""line_172"", ""type"": ""transmission_line"", ""voltage"": ""220kV""}"
node_1526,12.8493296,77.643772,intermediate_path_node,"{""id"": ""line_172"", ""type"": ""transmission_line"", ""voltage"": ""220kV""}"
node_1527,12.8471225,77.6422186,intermediate_path_node,"{""id"": ""line_172"", ""type"": ""transmission_line"", ""voltage"": ""220kV""}"
node_1528,12.8455687,77.6411242,intermediate_path_node,"{""id"": ""line_172"", ""type"": ""transmission_line"", ""voltage"": ""220kV""}"
node_1529,12.843356,77.6395785,intermediate_path_node,"{""id"": ""line_172"", ""type"": ""transmission_line"", ""voltage"": ""220kV""}"
node_1530,12.8419279,77.6382705,intermediate_path_node,"{""id"": ""line_172"", ""type"": ""transmission_line"", ""voltage"": ""220kV""}"
node_1531,12.8408583,77.6366032,intermediate_path_node,"{""id"": ""line_172"", ""type"": ""transmission_line"", ""voltage"": ""220kV""}"
node_1532,12.8389589,77.6345279,intermediate_path_node,"{""id"": ""line_172"", ""type"": ""transmission_line"", ""voltage"": ""220kV""}"
node_1533,12.8383078,77.6339722,intermediate_path_node,"{""id"": ""line_172"", ""type"": ""transmission_line"", ""voltage"": ""220kV""}"
node_1534,12.8358067,77.6324945,intermediate_path_node,"{""id"": ""line_172"", ""type"": ""transmission_line"", ""voltage"": ""220kV""}"
node_1535,12.8338154,77.6313456,intermediate_path_node,"{""id"": ""line_172"", ""type"": ""transmission_line"", ""voltage"": ""220kV""}"
node_1536,12.8331404,77.6288407,intermediate_path_node,"{""id"": ""line_172"", ""type"": ""transmission_line"", ""voltage"": ""220kV""}"
node_1537,12.8322946,77.6257021,intermediate_path_node,"{""id"": ""line_172"", ""type"": ""transmission_line"", ""voltage"": ""220kV""}"
node_1538,12.8312257,77.6230397,intermediate_path_node,"{""id"": ""line_172"", ""type"": ""transmission_line"", ""voltage"": ""220kV""}"
node_1539,12.831145,77.6228387,intermediate_path_node,"{""id"": ""line_172"", ""type"": ""transmission_line"", ""voltage"": ""220kV""}"
node_1540,12.8300265,77.6200529,intermediate_path_node,"{""id"": ""line_172"", ""type"": ""transmission_line"", ""voltage"": ""220kV""}"
node_1541,12.8290461,77.6175951,intermediate_path_node,"{""id"": ""line_172"", ""type"": ""transmission_line"", ""voltage"": ""220kV""}"
node_1542,12.8282045,77.6154768,intermediate_path_node,"{""id"": ""line_172"", ""type"": ""transmission_line"", ""voltage"": ""220kV""}"
node_1543,12.8257545,77.614306,intermediate_path_node,"{""id"": ""line_172"", ""type"": ""transmission_line"", ""voltage"": ""220kV""}"
node_1544,12.8237195,77.6133698,intermediate_path_node,"{""id"": ""line_172"", ""type"": ""transmission_line"", ""voltage"": ""220kV""}"
node_1545,12.8216469,77.6124162,intermediate_path_node,"{""id"": ""line_172"", ""type"": ""transmission_line"", ""voltage"": ""220kV""}"
node_1546,12.8185093,77.6128426,intermediate_path_node,"{""id"": ""line_172"", ""type"": ""transmission_line"", ""voltage"": ""220kV""}"
node_1547,12.8166063,77.6128481,intermediate_path_node,"{""id"": ""line_172"", ""type"": ""transmission_line"", ""voltage"": ""220kV""}"
node_1548,12.8146925,77.6128812,intermediate_path_node,"{""id"": ""line_172"", ""type"": ""transmission_line"", ""voltage"": ""220kV""}"
node_1549,12.812716,77.6111117,intermediate_path_node,"{""id"": ""line_172"", ""type"": ""transmission_line"", ""voltage"": ""220kV""}"
node_1550,12.8129133,77.6081999,intermediate_path_node,"{""id"": ""line_172"", ""type"": ""transmission_line"", ""voltage"": ""220kV""}"
node_1551,12.8127237,77.604693,intermediate_path_node,"{""id"": ""line_172"", ""type"": ""transmission_line"", ""voltage"": ""220kV""}"
node_1552,12.8134614,77.602799,intermediate_path_node,"{""id"": ""line_172"", ""type"": ""transmission_line"", ""voltage"": ""220kV""}"
node_1553,12.8144402,77.6002858,intermediate_path_node,"{""id"": ""line_172"", ""type"": ""transmission_line"", ""voltage"": ""220kV""}"
node_1554,12.8155002,77.5977198,intermediate_path_node,"{""id"": ""line_172"", ""type"": ""transmission_line"", ""voltage"": ""220kV""}"
node_1555,12.8173584,77.5970098,intermediate_path_node,"{""id"": ""line_172"", ""type"": ""transmission_line"", ""voltage"": ""220kV""}"
node_1556,12.819482,77.596194,intermediate_path_node,"{""id"": ""line_172"", ""type"": ""transmission_line"", ""voltage"": ""220kV""}"
node_1557,12.8214496,77.595434,intermediate_path_node,"{""id"": ""line_172"", ""type"": ""transmission_line"", ""voltage"": ""220kV""}"
node_1558,12.8235631,77.5946338,intermediate_path_node,"{""id"": ""line_172"", ""type"": ""transmission_line"", ""voltage"": ""220kV""}"
node_1559,12.8259786,77.5915352,intermediate_path_node,"{""id"": ""line_172"", ""type"": ""transmission_line"", ""voltage"": ""220kV""}"
node_1560,12.8259587,77.5895065,intermediate_path_node,"{""id"": ""line_172"", ""type"": ""transmission_line"", ""voltage"": ""220kV""}"
node_1561,12.8261883,77.5874041,intermediate_path_node,"{""id"": ""line_172"", ""type"": ""transmission_line"", ""voltage"": ""220kV""}"
node_1562,12.8264665,77.5861845,intermediate_path_node,"{""id"": ""line_172"", ""type"": ""transmission_line"", ""voltage"": ""220kV""}"
node_1563,12.8284444,77.5841018,intermediate_path_node,"{""id"": ""line_172"", ""type"": ""transmission_line"", ""voltage"": ""220kV""}"
node_1564,12.8283531,77.5822936,intermediate_path_node,"{""id"": ""line_172"", ""type"": ""transmission_line"", ""voltage"": ""220kV""}"
node_1565,12.8266606,77.5792869,intermediate_path_node,"{""id"": ""line_172"", ""type"": ""transmission_line"", ""voltage"": ""220kV""}"
node_1566,12.8256023,77.5780329,intermediate_path_node,"{""id"": ""line_172"", ""type"": ""transmission_line"", ""voltage"": ""220kV""}"
node_1567,12.8240545,77.5766574,intermediate_path_node,"{""id"": ""line_172"", ""type"": ""transmission_line"", ""voltage"": ""220kV""}"
node_1568,12.8236362,77.5751504,intermediate_path_node,"{""id"": ""line_172"", ""type"": ""transmission_line"", ""voltage"": ""220kV""}"
node_1569,12.8233146,77.5738767,intermediate_path_node,"{""id"": ""line_172"", ""type"": ""transmission_line"", ""voltage"": ""220kV""}"
node_1570,12.8232519,77.5725602,intermediate_path_node,"{""id"": ""line_172"", ""type"": ""transmission_line"", ""voltage"": ""220kV""}"
node_1571,12.8231944,77.5704311,intermediate_path_node,"{""id"": ""line_172"", ""type"": ""transmission_line"", ""voltage"": ""220kV""}"
node_1572,12.8231604,77.5689295,intermediate_path_node,"{""id"": ""line_172"", ""type"": ""transmission_line"", ""voltage"": ""220kV""}"
node_1573,12.8233582,77.5666339,intermediate_path_node,"{""id"": ""line_172"", ""type"": ""transmission_line"", ""voltage"": ""220kV""}"
node_1574,12.8235447,77.5644704,intermediate_path_node,"{""id"": ""line_172"", ""type"": ""transmission_line"", ""voltage"": ""220kV""}"
node_1575,12.8237013,77.562943,intermediate_path_node,"{""id"": ""line_172"", ""type"": ""transmission_line"", ""voltage"": ""220kV""}"
node_1576,12.8230235,77.5613249,intermediate_path_node,"{""id"": ""line_172"", ""type"": ""transmission_line"", ""voltage"": ""220kV""}"
node_1577,12.822347,77.5612043,intermediate_path_node,"{""id"": ""line_172"", ""type"": ""transmission_line"", ""voltage"": ""220kV""}"
node_1578,12.8207652,77.5592837,intermediate_path_node,"{""id"": ""line_172"", ""type"": ""transmission_line"", ""voltage"": ""220kV""}"
node_1579,12.8192356,77.5577955,intermediate_path_node,"{""id"": ""line_172"", ""type"": ""transmission_line"", ""voltage"": ""220kV""}"
node_1580,12.8174446,77.5566593,intermediate_path_node,"{""id"": ""line_172"", ""type"": ""transmission_line"", ""voltage"": ""220kV""}"
node_1581,12.8161831,77.5546382,intermediate_path_node,"{""id"": ""line_172"", ""type"": ""transmission_line"", ""voltage"": ""220kV""}"
node_1582,12.8151707,77.5534165,intermediate_path_node,"{""id"": ""line_172"", ""type"": ""transmission_line"", ""voltage"": ""220kV""}"
node_1583,12.8135823,77.5524143,intermediate_path_node,"{""id"": ""line_172"", ""type"": ""transmission_line"", ""voltage"": ""220kV""}"
node_1584,12.8116605,77.5512211,intermediate_path_node,"{""id"": ""line_172"", ""type"": ""transmission_line"", ""voltage"": ""220kV""}"
node_1585,12.8096505,77.5499139,intermediate_path_node,"{""id"": ""line_172"", ""type"": ""transmission_line"", ""voltage"": ""220kV""}"
node_1586,12.8079477,77.5484827,intermediate_path_node,"{""id"": ""line_172"", ""type"": ""transmission_line"", ""voltage"": ""220kV""}"
node_1587,12.8055585,77.5469543,intermediate_path_node,"{""id"": ""line_172"", ""type"": ""transmission_line"", ""voltage"": ""220kV""}"
node_1588,12.8030394,77.5453096,intermediate_path_node,"{""id"": ""line_172"", ""type"": ""transmission_line"", ""voltage"": ""220kV""}"
node_1589,12.7999986,77.5442426,intermediate_path_node,"{""id"": ""line_172"", ""type"": ""transmission_line"", ""voltage"": ""220kV""}"
node_1590,12.7977551,77.542607,intermediate_path_node,"{""id"": ""line_172"", ""type"": ""transmission_line"", ""voltage"": ""220kV""}"
node_1591,12.7962359,77.5419661,intermediate_path_node,"{""id"": ""line_172"", ""type"": ""transmission_line"", ""voltage"": ""220kV""}"
node_1592,12.7935138,77.5409927,intermediate_path_node,"{""id"": ""line_172"", ""type"": ""transmission_line"", ""voltage"": ""220kV""}"
node_1593,12.7921355,77.5381435,intermediate_path_node,"{""id"": ""line_172"", ""type"": ""transmission_line"", ""voltage"": ""220kV""}"
node_1594,12.7910393,77.5362107,intermediate_path_node,"{""id"": ""line_172"", ""type"": ""transmission_line"", ""voltage"": ""220kV""}"
node_1595,12.7895813,77.5337374,intermediate_path_node,"{""id"": ""line_172"", ""type"": ""transmission_line"", ""voltage"": ""220kV""}"
node_1596,12.7878801,77.5308843,intermediate_path_node,"{""id"": ""line_172"", ""type"": ""transmission_line"", ""voltage"": ""220kV""}"
node_1597,12.7865497,77.5286486,intermediate_path_node,"{""id"": ""line_172"", ""type"": ""transmission_line"", ""voltage"": ""220kV""}"
node_1598,12.7846474,77.52769,intermediate_path_node,"{""id"": ""line_172"", ""type"": ""transmission_line"", ""voltage"": ""220kV""}"
node_1599,12.7828627,77.5268286,intermediate_path_node,"{""id"": ""line_172"", ""type"": ""transmission_line"", ""voltage"": ""220kV""}"
node_1600,12.7812087,77.5256086,intermediate_path_node,"{""id"": ""line_172"", ""type"": ""transmission_line"", ""voltage"": ""220kV""}"
node_1601,12.7794076,77.5242846,intermediate_path_node,"{""id"": ""line_172"", ""type"": ""transmission_line"", ""voltage"": ""220kV""}"
node_1602,12.7787375,77.5228769,intermediate_path_node,"{""id"": ""line_172"", ""type"": ""transmission_line"", ""voltage"": ""220kV""}"
node_1603,12.7801496,77.5206714,intermediate_path_node,"{""id"": ""line_172"", ""type"": ""transmission_line"", ""voltage"": ""220kV""}"
node_1604,12.7815346,77.5185138,intermediate_path_node,"{""id"": ""line_172"", ""type"": ""transmission_line"", ""voltage"": ""220kV""}"
node_1605,12.7827907,77.5179874,intermediate_path_node,"{""id"": ""line_172"", ""type"": ""transmission_line"", ""voltage"": ""220kV""}"
node_1606,12.7845476,77.5165154,intermediate_path_node,"{""id"": ""line_172"", ""type"": ""transmission_line"", ""voltage"": ""220kV""}"
node_1607,12.784678,77.516258,intermediate_path_node,"{""id"": ""line_172"", ""type"": ""transmission_line"", ""voltage"": ""220kV""}"
node_1608,12.7848772,77.5158649,intermediate_path_node,"{""id"": ""line_172"", ""type"": ""transmission_line"", ""voltage"": ""220kV""}"
node_1609,12.7841708,77.5141696,intermediate_path_node,"{""id"": ""line_172"", ""type"": ""transmission_line"", ""voltage"": ""220kV""}"
node_1610,12.7843911,77.5137485,intermediate_path_node,"{""id"": ""line_172"", ""type"": ""transmission_line"", ""voltage"": ""220kV""}"
node_1611,12.7845981,77.5133822,intermediate_path_node,"{""id"": ""line_172"", ""type"": ""transmission_line"", ""voltage"": ""220kV""}"
node_1612,12.7844512,77.5119924,intermediate_path_node,"{""id"": ""line_172"", ""type"": ""transmission_line"", ""voltage"": ""220kV""}"
node_1613,12.7860725,77.5095488,intermediate_path_node,"{""id"": ""line_172"", ""type"": ""transmission_line"", ""voltage"": ""220kV""}"
node_1614,12.7861359,77.5089916,intermediate_path_node,"{""id"": ""line_172"", ""type"": ""transmission_line"", ""voltage"": ""220kV""}"
node_1615,12.785762,77.5089447,intermediate_path_node,"{""id"": ""line_172"", ""type"": ""transmission_line"", ""voltage"": ""220kV""}"
node_1616,12.7851956,77.5088826,intermediate_path_node,"{""id"": ""line_172"", ""type"": ""transmission_line"", ""voltage"": ""220kV""}"
node_1617,13.0401605,77.7294049,intermediate_path_node,"{""id"": ""line_173"", ""type"": ""transmission_line"", ""voltage"": ""220kV""}"
node_1618,13.0383788,77.7287409,intermediate_path_node,"{""id"": ""line_173"", ""type"": ""transmission_line"", ""voltage"": ""220kV""}"
node_1619,13.0368143,77.7281255,intermediate_path_node,"{""id"": ""line_173"", ""type"": ""transmission_line"", ""voltage"": ""220kV""}"
node_1620,13.0343105,77.7272011,intermediate_path_node,"{""id"": ""line_173"", ""type"": ""transmission_line"", ""voltage"": ""220kV""}"
node_1621,13.0322065,77.7263871,intermediate_path_node,"{""id"": ""line_173"", ""type"": ""transmission_line"", ""voltage"": ""220kV""}"
node_1622,13.0298703,77.7255113,intermediate_path_node,"{""id"": ""line_173"", ""type"": ""transmission_line"", ""voltage"": ""220kV""}"
node_1623,13.0283336,77.7251429,intermediate_path_node,"{""id"": ""line_173"", ""type"": ""transmission_line"", ""voltage"": ""220kV""}"
node_1624,13.0265605,77.7247194,intermediate_path_node,"{""id"": ""line_173"", ""type"": ""transmission_line"", ""voltage"": ""220kV""}"
node_1625,13.0246606,77.7242606,intermediate_path_node,"{""id"": ""line_173"", ""type"": ""transmission_line"", ""voltage"": ""220kV""}"
node_1626,13.0224919,77.7237294,intermediate_path_node,"{""id"": ""line_173"", ""type"": ""transmission_line"", ""voltage"": ""220kV""}"
node_1627,13.0202201,77.7231845,intermediate_path_node,"{""id"": ""line_173"", ""type"": ""transmission_line"", ""voltage"": ""220kV""}"
node_1628,13.0178667,77.7226793,intermediate_path_node,"{""id"": ""line_173"", ""type"": ""transmission_line"", ""voltage"": ""220kV""}"
node_1629,13.0152273,77.7221256,intermediate_path_node,"{""id"": ""line_173"", ""type"": ""transmission_line"", ""voltage"": ""220kV""}"
node_1630,13.0130629,77.7216513,intermediate_path_node,"{""id"": ""line_173"", ""type"": ""transmission_line"", ""voltage"": ""220kV""}"
node_1631,13.0117823,77.721385,intermediate_path_node,"{""id"": ""line_173"", ""type"": ""transmission_line"", ""voltage"": ""220kV""}"
node_1632,13.0107825,77.721177,intermediate_path_node,"{""id"": ""line_173"", ""type"": ""transmission_line"", ""voltage"": ""220kV""}"
node_1633,13.0092177,77.7203718,intermediate_path_node,"{""id"": ""line_173"", ""type"": ""transmission_line"", ""voltage"": ""220kV""}"
node_1634,13.0086606,77.7200814,intermediate_path_node,"{""id"": ""line_173"", ""type"": ""transmission_line"", ""voltage"": ""220kV""}"
node_1635,13.0060234,77.7190377,intermediate_path_node,"{""id"": ""line_173"", ""type"": ""transmission_line"", ""voltage"": ""220kV""}"
node_1636,13.0042759,77.7183913,intermediate_path_node,"{""id"": ""line_173"", ""type"": ""transmission_line"", ""voltage"": ""220kV""}"
node_1637,13.0039712,77.7182678,intermediate_path_node,"{""id"": ""line_173"", ""type"": ""transmission_line"", ""voltage"": ""220kV""}"
node_1638,13.0023994,77.7176308,intermediate_path_node,"{""id"": ""line_173"", ""type"": ""transmission_line"", ""voltage"": ""220kV""}"
node_1639,13.000051,77.7162061,intermediate_path_node,"{""id"": ""line_173"", ""type"": ""transmission_line"", ""voltage"": ""220kV""}"
node_1640,12.9975657,77.7146808,intermediate_path_node,"{""id"": ""line_173"", ""type"": ""transmission_line"", ""voltage"": ""220kV""}"
node_1641,12.9961869,77.7138016,intermediate_path_node,"{""id"": ""line_173"", ""type"": ""transmission_line"", ""voltage"": ""220kV""}"
node_1642,12.9952132,77.7136303,intermediate_path_node,"{""id"": ""line_173"", ""type"": ""transmission_line"", ""voltage"": ""220kV""}"
node_1643,12.9937068,77.7133436,intermediate_path_node,"{""id"": ""line_173"", ""type"": ""transmission_line"", ""voltage"": ""220kV""}"
node_1644,12.9932972,77.7121143,intermediate_path_node,"{""id"": ""line_173"", ""type"": ""transmission_line"", ""voltage"": ""220kV""}"
node_1645,12.9931826,77.7112636,intermediate_path_node,"{""id"": ""line_173"", ""type"": ""transmission_line"", ""voltage"": ""220kV""}"
node_1646,13.0430764,77.675087,intermediate_path_node,"{""id"": ""line_174"", ""type"": ""transmission_line"", ""voltage"": ""220kV""}"
node_1647,13.0434253,77.6749894,intermediate_path_node,"{""id"": ""line_174"", ""type"": ""transmission_line"", ""voltage"": ""220kV""}"
node_1648,13.0444784,77.6752375,intermediate_path_node,"{""id"": ""line_174"", ""type"": ""transmission_line"", ""voltage"": ""220kV""}"
node_1649,13.0456111,77.6755433,intermediate_path_node,"{""id"": ""line_174"", ""type"": ""transmission_line"", ""voltage"": ""220kV""}"
node_1650,13.0468967,77.6758866,intermediate_path_node,"{""id"": ""line_174"", ""type"": ""transmission_line"", ""voltage"": ""220kV""}"
node_1651,13.0481784,77.6762031,intermediate_path_node,"{""id"": ""line_174"", ""type"": ""transmission_line"", ""voltage"": ""220kV""}"
node_1652,13.0495345,77.6765598,intermediate_path_node,"{""id"": ""line_174"", ""type"": ""transmission_line"", ""voltage"": ""220kV""}"
node_1653,13.0507861,77.6769997,intermediate_path_node,"{""id"": ""line_174"", ""type"": ""transmission_line"", ""voltage"": ""220kV""}"
node_1654,13.0520063,77.6771526,intermediate_path_node,"{""id"": ""line_174"", ""type"": ""transmission_line"", ""voltage"": ""220kV""}"
node_1655,13.0526922,77.67739,intermediate_path_node,"{""id"": ""line_174"", ""type"": ""transmission_line"", ""voltage"": ""220kV""}"
node_1656,13.0535466,77.6783609,intermediate_path_node,"{""id"": ""line_174"", ""type"": ""transmission_line"", ""voltage"": ""220kV""}"
node_1657,13.0544677,77.6787767,intermediate_path_node,"{""id"": ""line_174"", ""type"": ""transmission_line"", ""voltage"": ""220kV""}"
node_1658,13.0557179,77.6790234,intermediate_path_node,"{""id"": ""line_174"", ""type"": ""transmission_line"", ""voltage"": ""220kV""}"
node_1659,13.0565384,77.6792166,intermediate_path_node,"{""id"": ""line_174"", ""type"": ""transmission_line"", ""voltage"": ""220kV""}"
node_1660,13.0579519,77.6787096,intermediate_path_node,"{""id"": ""line_174"", ""type"": ""transmission_line"", ""voltage"": ""220kV""}"
node_1661,13.0582165,77.6780988,intermediate_path_node,"{""id"": ""line_174"", ""type"": ""transmission_line"", ""voltage"": ""220kV""}"
node_1662,13.0585464,77.6778272,intermediate_path_node,"{""id"": ""line_174"", ""type"": ""transmission_line"", ""voltage"": ""220kV""}"
node_1663,13.0595105,77.6778432,intermediate_path_node,"{""id"": ""line_174"", ""type"": ""transmission_line"", ""voltage"": ""220kV""}"
node_1664,13.0606484,77.6778808,intermediate_path_node,"{""id"": ""line_174"", ""type"": ""transmission_line"", ""voltage"": ""220kV""}"
node_1665,13.0619443,77.6779438,intermediate_path_node,"{""id"": ""line_174"", ""type"": ""transmission_line"", ""voltage"": ""220kV""}"
node_1666,13.0632965,77.6780082,intermediate_path_node,"{""id"": ""line_174"", ""type"": ""transmission_line"", ""voltage"": ""220kV""}"
node_1667,13.064629,77.6780619,intermediate_path_node,"{""id"": ""line_174"", ""type"": ""transmission_line"", ""voltage"": ""220kV""}"
node_1668,13.0658857,77.6781343,intermediate_path_node,"{""id"": ""line_174"", ""type"": ""transmission_line"", ""voltage"": ""220kV""}"
node_1669,13.0671085,77.678204,intermediate_path_node,"{""id"": ""line_174"", ""type"": ""transmission_line"", ""voltage"": ""220kV""}"
node_1670,13.0683691,77.6782979,intermediate_path_node,"{""id"": ""line_174"", ""type"": ""transmission_line"", ""voltage"": ""220kV""}"
node_1671,13.0696233,77.6783368,intermediate_path_node,"{""id"": ""line_174"", ""type"": ""transmission_line"", ""voltage"": ""220kV""}"
node_1672,13.0710315,77.6784012,intermediate_path_node,"{""id"": ""line_174"", ""type"": ""transmission_line"", ""voltage"": ""220kV""}"
node_1673,13.0723549,77.6784655,intermediate_path_node,"{""id"": ""line_174"", ""type"": ""transmission_line"", ""voltage"": ""220kV""}"
node_1674,13.0733268,77.6783247,intermediate_path_node,"{""id"": ""line_174"", ""type"": ""transmission_line"", ""voltage"": ""220kV""}"
node_1675,13.0748565,77.6780538,intermediate_path_node,"{""id"": ""line_174"", ""type"": ""transmission_line"", ""voltage"": ""220kV""}"
node_1676,13.0755972,77.6779009,intermediate_path_node,"{""id"": ""line_174"", ""type"": ""transmission_line"", ""voltage"": ""220kV""}"
node_1677,13.076769,77.6776689,intermediate_path_node,"{""id"": ""line_174"", ""type"": ""transmission_line"", ""voltage"": ""220kV""}"
node_1678,13.0779616,77.6774852,intermediate_path_node,"{""id"": ""line_174"", ""type"": ""transmission_line"", ""voltage"": ""220kV""}"
node_1679,13.0805991,77.6770252,intermediate_path_node,"{""id"": ""line_174"", ""type"": ""transmission_line"", ""voltage"": ""220kV""}"
node_1680,13.0809244,77.6760864,intermediate_path_node,"{""id"": ""line_174"", ""type"": ""transmission_line"", ""voltage"": ""220kV""}"
node_1681,13.0815396,77.6747601,intermediate_path_node,"{""id"": ""line_174"", ""type"": ""transmission_line"", ""voltage"": ""220kV""}"
node_1682,13.081989,77.6733895,intermediate_path_node,"{""id"": ""line_174"", ""type"": ""transmission_line"", ""voltage"": ""220kV""}"
node_1683,13.0824789,77.6721771,intermediate_path_node,"{""id"": ""line_174"", ""type"": ""transmission_line"", ""voltage"": ""220kV""}"
node_1684,13.0830014,77.6708789,intermediate_path_node,"{""id"": ""line_174"", ""type"": ""transmission_line"", ""voltage"": ""220kV""}"
node_1685,13.0834743,77.6695821,intermediate_path_node,"{""id"": ""line_174"", ""type"": ""transmission_line"", ""voltage"": ""220kV""}"
node_1686,13.0839876,77.6684428,intermediate_path_node,"{""id"": ""line_174"", ""type"": ""transmission_line"", ""voltage"": ""220kV""}"
node_1687,13.0844363,77.6671996,intermediate_path_node,"{""id"": ""line_174"", ""type"": ""transmission_line"", ""voltage"": ""220kV""}"
node_1688,13.0859262,77.6666316,intermediate_path_node,"{""id"": ""line_174"", ""type"": ""transmission_line"", ""voltage"": ""220kV""}"
node_1689,13.0874832,77.6661086,intermediate_path_node,"{""id"": ""line_174"", ""type"": ""transmission_line"", ""voltage"": ""220kV""}"
node_1690,13.0888431,77.6655641,intermediate_path_node,"{""id"": ""line_174"", ""type"": ""transmission_line"", ""voltage"": ""220kV""}"
node_1691,13.0896294,77.6652007,intermediate_path_node,"{""id"": ""line_174"", ""type"": ""transmission_line"", ""voltage"": ""220kV""}"
node_1692,13.091163,77.6647742,intermediate_path_node,"{""id"": ""line_174"", ""type"": ""transmission_line"", ""voltage"": ""220kV""}"
node_1693,13.0922236,77.6649687,intermediate_path_node,"{""id"": ""line_174"", ""type"": ""transmission_line"", ""voltage"": ""220kV""}"
node_1694,13.0931419,77.6655762,intermediate_path_node,"{""id"": ""line_174"", ""type"": ""transmission_line"", ""voltage"": ""220kV""}"
node_1695,13.0943685,77.6661877,intermediate_path_node,"{""id"": ""line_174"", ""type"": ""transmission_line"", ""voltage"": ""220kV""}"
node_1696,13.0955885,77.6667564,intermediate_path_node,"{""id"": ""line_174"", ""type"": ""transmission_line"", ""voltage"": ""220kV""}"
node_1697,13.0970188,77.6674148,intermediate_path_node,"{""id"": ""line_174"", ""type"": ""transmission_line"", ""voltage"": ""220kV""}"
node_1698,13.0978953,77.667844,intermediate_path_node,"{""id"": ""line_174"", ""type"": ""transmission_line"", ""voltage"": ""220kV""}"
node_1699,13.0990304,77.6683885,intermediate_path_node,"{""id"": ""line_174"", ""type"": ""transmission_line"", ""voltage"": ""220kV""}"
node_1700,13.1000479,77.6689893,intermediate_path_node,"{""id"": ""line_174"", ""type"": ""transmission_line"", ""voltage"": ""220kV""}"
node_1701,13.1012823,77.6695687,intermediate_path_node,"{""id"": ""line_174"", ""type"": ""transmission_line"", ""voltage"": ""220kV""}"
node_1702,13.102339,77.6701118,intermediate_path_node,"{""id"": ""line_174"", ""type"": ""transmission_line"", ""voltage"": ""220kV""}"
node_1703,13.103623,77.6706777,intermediate_path_node,"{""id"": ""line_174"", ""type"": ""transmission_line"", ""voltage"": ""220kV""}"
node_1704,13.1046784,77.670199,intermediate_path_node,"{""id"": ""line_174"", ""type"": ""transmission_line"", ""voltage"": ""220kV""}"
node_1705,13.106089,77.6696183,intermediate_path_node,"{""id"": ""line_174"", ""type"": ""transmission_line"", ""voltage"": ""220kV""}"
node_1706,13.1088424,77.6683643,intermediate_path_node,"{""id"": ""line_174"", ""type"": ""transmission_line"", ""voltage"": ""220kV""}"
node_1707,13.1099083,77.6674832,intermediate_path_node,"{""id"": ""line_174"", ""type"": ""transmission_line"", ""voltage"": ""220kV""}"
node_1708,13.1109832,77.6665713,intermediate_path_node,"{""id"": ""line_174"", ""type"": ""transmission_line"", ""voltage"": ""220kV""}"
node_1709,13.1120688,77.6656263,intermediate_path_node,"{""id"": ""line_174"", ""type"": ""transmission_line"", ""voltage"": ""220kV""}"
node_1710,13.1119666,77.6645684,intermediate_path_node,"{""id"": ""line_174"", ""type"": ""transmission_line"", ""voltage"": ""220kV""}"
node_1711,13.1118249,77.6631096,intermediate_path_node,"{""id"": ""line_174"", ""type"": ""transmission_line"", ""voltage"": ""220kV""}"
node_1712,13.1117,77.6619372,intermediate_path_node,"{""id"": ""line_174"", ""type"": ""transmission_line"", ""voltage"": ""220kV""}"
node_1713,13.1115733,77.6607487,intermediate_path_node,"{""id"": ""line_174"", ""type"": ""transmission_line"", ""voltage"": ""220kV""}"
node_1714,12.9943601,77.7102363,intermediate_path_node,"{""id"": ""line_175"", ""type"": ""transmission_line"", ""voltage"": ""220kV""}"
node_1715,12.9974149,77.7091461,intermediate_path_node,"{""id"": ""line_175"", ""type"": ""transmission_line"", ""voltage"": ""220kV""}"
node_1716,12.999113,77.709167,intermediate_path_node,"{""id"": ""line_175"", ""type"": ""transmission_line"", ""voltage"": ""220kV""}"
node_1717,13.0013182,77.7096677,intermediate_path_node,"{""id"": ""line_175"", ""type"": ""transmission_line"", ""voltage"": ""220kV""}"
node_1718,13.0017157,77.7097557,intermediate_path_node,"{""id"": ""line_175"", ""type"": ""transmission_line"", ""voltage"": ""220kV""}"
node_1719,13.0033468,77.7101166,intermediate_path_node,"{""id"": ""line_175"", ""type"": ""transmission_line"", ""voltage"": ""220kV""}"
node_1720,12.9964981,77.7277189,intermediate_path_node,"{""id"": ""line_176"", ""type"": ""transmission_line"", ""voltage"": ""220kV""}"
node_1721,12.9968953,77.7276545,intermediate_path_node,"{""id"": ""line_176"", ""type"": ""transmission_line"", ""voltage"": ""220kV""}"
node_1722,12.9974783,77.7276247,intermediate_path_node,"{""id"": ""line_176"", ""type"": ""transmission_line"", ""voltage"": ""220kV""}"
node_1723,13.144242,77.673659,intermediate_path_node,"{""id"": ""line_177"", ""type"": ""transmission_line"", ""voltage"": ""220kV""}"
node_1724,13.1438253,77.6736791,intermediate_path_node,"{""id"": ""line_177"", ""type"": ""transmission_line"", ""voltage"": ""220kV""}"
node_1725,13.1437208,77.6753461,intermediate_path_node,"{""id"": ""line_177"", ""type"": ""transmission_line"", ""voltage"": ""220kV""}"
node_1726,13.1418154,77.6767265,intermediate_path_node,"{""id"": ""line_177"", ""type"": ""transmission_line"", ""voltage"": ""220kV""}"
node_1727,13.1387569,77.676297,intermediate_path_node,"{""id"": ""line_177"", ""type"": ""transmission_line"", ""voltage"": ""220kV""}"
node_1728,13.1349588,77.6758187,intermediate_path_node,"{""id"": ""line_177"", ""type"": ""transmission_line"", ""voltage"": ""220kV""}"
node_1729,13.132114,77.675513,intermediate_path_node,"{""id"": ""line_177"", ""type"": ""transmission_line"", ""voltage"": ""220kV""}"
node_1730,13.1291878,77.6755395,intermediate_path_node,"{""id"": ""line_177"", ""type"": ""transmission_line"", ""voltage"": ""220kV""}"
node_1731,13.1255203,77.6756496,intermediate_path_node,"{""id"": ""line_177"", ""type"": ""transmission_line"", ""voltage"": ""220kV""}"
node_1732,13.1244009,77.6756142,intermediate_path_node,"{""id"": ""line_177"", ""type"": ""transmission_line"", ""voltage"": ""220kV""}"
node_1733,13.1227686,77.6756727,intermediate_path_node,"{""id"": ""line_177"", ""type"": ""transmission_line"", ""voltage"": ""220kV""}"
node_1734,13.1199931,77.6757227,intermediate_path_node,"{""id"": ""line_177"", ""type"": ""transmission_line"", ""voltage"": ""220kV""}"
node_1735,13.1169799,77.6756791,intermediate_path_node,"{""id"": ""line_177"", ""type"": ""transmission_line"", ""voltage"": ""220kV""}"
node_1736,13.1137946,77.6751149,intermediate_path_node,"{""id"": ""line_177"", ""type"": ""transmission_line"", ""voltage"": ""220kV""}"
node_1737,13.1104278,77.6745085,intermediate_path_node,"{""id"": ""line_177"", ""type"": ""transmission_line"", ""voltage"": ""220kV""}"
node_1738,13.1072434,77.6738975,intermediate_path_node,"{""id"": ""line_177"", ""type"": ""transmission_line"", ""voltage"": ""220kV""}"
node_1739,13.1041537,77.6733047,intermediate_path_node,"{""id"": ""line_177"", ""type"": ""transmission_line"", ""voltage"": ""220kV""}"
node_1740,13.1010638,77.6727119,intermediate_path_node,"{""id"": ""line_177"", ""type"": ""transmission_line"", ""voltage"": ""220kV""}"
node_1741,13.0983794,77.6739617,intermediate_path_node,"{""id"": ""line_177"", ""type"": ""transmission_line"", ""voltage"": ""220kV""}"
node_1742,13.0958645,77.6751326,intermediate_path_node,"{""id"": ""line_177"", ""type"": ""transmission_line"", ""voltage"": ""220kV""}"
node_1743,13.0932142,77.6763664,intermediate_path_node,"{""id"": ""line_177"", ""type"": ""transmission_line"", ""voltage"": ""220kV""}"
node_1744,13.0906232,77.6775003,intermediate_path_node,"{""id"": ""line_177"", ""type"": ""transmission_line"", ""voltage"": ""220kV""}"
node_1745,13.0884106,77.6792883,intermediate_path_node,"{""id"": ""line_177"", ""type"": ""transmission_line"", ""voltage"": ""220kV""}"
node_1746,13.0863273,77.6809717,intermediate_path_node,"{""id"": ""line_177"", ""type"": ""transmission_line"", ""voltage"": ""220kV""}"
node_1747,13.0838239,77.6829342,intermediate_path_node,"{""id"": ""line_177"", ""type"": ""transmission_line"", ""voltage"": ""220kV""}"
node_1748,13.080958,77.6851787,intermediate_path_node,"{""id"": ""line_177"", ""type"": ""transmission_line"", ""voltage"": ""220kV""}"
node_1749,13.0779505,77.6868504,intermediate_path_node,"{""id"": ""line_177"", ""type"": ""transmission_line"", ""voltage"": ""220kV""}"
node_1750,13.0751779,77.6884785,intermediate_path_node,"{""id"": ""line_177"", ""type"": ""transmission_line"", ""voltage"": ""220kV""}"
node_1751,13.072023,77.6901212,intermediate_path_node,"{""id"": ""line_177"", ""type"": ""transmission_line"", ""voltage"": ""220kV""}"
node_1752,13.0695195,77.6915051,intermediate_path_node,"{""id"": ""line_177"", ""type"": ""transmission_line"", ""voltage"": ""220kV""}"
node_1753,13.066267,77.6931975,intermediate_path_node,"{""id"": ""line_177"", ""type"": ""transmission_line"", ""voltage"": ""220kV""}"
node_1754,13.063477,77.694741,intermediate_path_node,"{""id"": ""line_177"", ""type"": ""transmission_line"", ""voltage"": ""220kV""}"
node_1755,13.0603993,77.6964178,intermediate_path_node,"{""id"": ""line_177"", ""type"": ""transmission_line"", ""voltage"": ""220kV""}"
node_1756,13.0574771,77.6979777,intermediate_path_node,"{""id"": ""line_177"", ""type"": ""transmission_line"", ""voltage"": ""220kV""}"
node_1757,13.0546552,77.6994885,intermediate_path_node,"{""id"": ""line_177"", ""type"": ""transmission_line"", ""voltage"": ""220kV""}"
node_1758,13.0518913,77.7009794,intermediate_path_node,"{""id"": ""line_177"", ""type"": ""transmission_line"", ""voltage"": ""220kV""}"
node_1759,13.0490417,77.70162,intermediate_path_node,"{""id"": ""line_177"", ""type"": ""transmission_line"", ""voltage"": ""220kV""}"
node_1760,13.0463273,77.7022266,intermediate_path_node,"{""id"": ""line_177"", ""type"": ""transmission_line"", ""voltage"": ""220kV""}"
node_1761,13.0437234,77.702819,intermediate_path_node,"{""id"": ""line_177"", ""type"": ""transmission_line"", ""voltage"": ""220kV""}"
node_1762,13.0408544,77.7034652,intermediate_path_node,"{""id"": ""line_177"", ""type"": ""transmission_line"", ""voltage"": ""220kV""}"
node_1763,13.0392666,77.7035673,intermediate_path_node,"{""id"": ""line_177"", ""type"": ""transmission_line"", ""voltage"": ""220kV""}"
node_1764,13.035953,77.7034369,intermediate_path_node,"{""id"": ""line_177"", ""type"": ""transmission_line"", ""voltage"": ""220kV""}"
node_1765,13.0330535,77.703298,intermediate_path_node,"{""id"": ""line_177"", ""type"": ""transmission_line"", ""voltage"": ""220kV""}"
node_1766,13.0308526,77.7052963,intermediate_path_node,"{""id"": ""line_177"", ""type"": ""transmission_line"", ""voltage"": ""220kV""}"
node_1767,13.0282265,77.7076886,intermediate_path_node,"{""id"": ""line_177"", ""type"": ""transmission_line"", ""voltage"": ""220kV""}"
node_1768,13.0259312,77.7097846,intermediate_path_node,"{""id"": ""line_177"", ""type"": ""transmission_line"", ""voltage"": ""220kV""}"
node_1769,13.0241945,77.7113253,intermediate_path_node,"{""id"": ""line_177"", ""type"": ""transmission_line"", ""voltage"": ""220kV""}"
node_1770,13.0238727,77.711626,intermediate_path_node,"{""id"": ""line_177"", ""type"": ""transmission_line"", ""voltage"": ""220kV""}"
node_1771,13.0230526,77.7123924,intermediate_path_node,"{""id"": ""line_177"", ""type"": ""transmission_line"", ""voltage"": ""220kV""}"
node_1772,13.0208332,77.713967,intermediate_path_node,"{""id"": ""line_177"", ""type"": ""transmission_line"", ""voltage"": ""220kV""}"
node_1773,13.0182366,77.7133565,intermediate_path_node,"{""id"": ""line_177"", ""type"": ""transmission_line"", ""voltage"": ""220kV""}"
node_1774,13.0154377,77.7127178,intermediate_path_node,"{""id"": ""line_177"", ""type"": ""transmission_line"", ""voltage"": ""220kV""}"
node_1775,13.0114252,77.7132185,intermediate_path_node,"{""id"": ""line_177"", ""type"": ""transmission_line"", ""voltage"": ""220kV""}"
node_1776,13.006921,77.7137285,intermediate_path_node,"{""id"": ""line_177"", ""type"": ""transmission_line"", ""voltage"": ""220kV""}"
node_1777,13.0046126,77.71311,intermediate_path_node,"{""id"": ""line_177"", ""type"": ""transmission_line"", ""voltage"": ""220kV""}"
node_1778,13.0020883,77.7125047,intermediate_path_node,"{""id"": ""line_177"", ""type"": ""transmission_line"", ""voltage"": ""220kV""}"
node_1779,12.9991069,77.711866,intermediate_path_node,"{""id"": ""line_177"", ""type"": ""transmission_line"", ""voltage"": ""220kV""}"
node_1780,13.0212983,77.5019396,intermediate_path_node,"{""id"": ""line_178"", ""type"": ""transmission_line"", ""voltage"": ""220kV""}"
node_1781,13.0225139,77.499888,intermediate_path_node,"{""id"": ""line_178"", ""type"": ""transmission_line"", ""voltage"": ""220kV""}"
node_1782,13.0248672,77.4982283,intermediate_path_node,"{""id"": ""line_178"", ""type"": ""transmission_line"", ""voltage"": ""220kV""}"
node_1783,13.0255432,77.4947138,intermediate_path_node,"{""id"": ""line_178"", ""type"": ""transmission_line"", ""voltage"": ""220kV""}"
node_1784,13.0270881,77.4921156,intermediate_path_node,"{""id"": ""line_178"", ""type"": ""transmission_line"", ""voltage"": ""220kV""}"
node_1785,13.0286345,77.4895166,intermediate_path_node,"{""id"": ""line_178"", ""type"": ""transmission_line"", ""voltage"": ""220kV""}"
node_1786,13.0293629,77.4882642,intermediate_path_node,"{""id"": ""line_178"", ""type"": ""transmission_line"", ""voltage"": ""220kV""}"
node_1787,13.0296202,77.4878219,intermediate_path_node,"{""id"": ""line_178"", ""type"": ""transmission_line"", ""voltage"": ""220kV""}"
node_1788,13.0312247,77.4851326,intermediate_path_node,"{""id"": ""line_178"", ""type"": ""transmission_line"", ""voltage"": ""220kV""}"
node_1789,13.0329106,77.4822662,intermediate_path_node,"{""id"": ""line_178"", ""type"": ""transmission_line"", ""voltage"": ""220kV""}"
node_1790,13.0342745,77.4799244,intermediate_path_node,"{""id"": ""line_178"", ""type"": ""transmission_line"", ""voltage"": ""220kV""}"
node_1791,13.0356268,77.4777137,intermediate_path_node,"{""id"": ""line_178"", ""type"": ""transmission_line"", ""voltage"": ""220kV""}"
node_1792,13.0369542,77.4754876,intermediate_path_node,"{""id"": ""line_178"", ""type"": ""transmission_line"", ""voltage"": ""220kV""}"
node_1793,13.0381987,77.4733995,intermediate_path_node,"{""id"": ""line_178"", ""type"": ""transmission_line"", ""voltage"": ""220kV""}"
node_1794,13.0396804,77.4709334,intermediate_path_node,"{""id"": ""line_178"", ""type"": ""transmission_line"", ""voltage"": ""220kV""}"
node_1795,13.0414209,77.4679937,intermediate_path_node,"{""id"": ""line_178"", ""type"": ""transmission_line"", ""voltage"": ""220kV""}"
node_1796,13.0428363,77.4656774,intermediate_path_node,"{""id"": ""line_178"", ""type"": ""transmission_line"", ""voltage"": ""220kV""}"
node_1797,13.0443312,77.4631584,intermediate_path_node,"{""id"": ""line_178"", ""type"": ""transmission_line"", ""voltage"": ""220kV""}"
node_1798,13.0444944,77.4628825,intermediate_path_node,"{""id"": ""line_178"", ""type"": ""transmission_line"", ""voltage"": ""220kV""}"
node_1799,13.0455905,77.4610295,intermediate_path_node,"{""id"": ""line_178"", ""type"": ""transmission_line"", ""voltage"": ""220kV""}"
node_1800,13.0472697,77.4582137,intermediate_path_node,"{""id"": ""line_178"", ""type"": ""transmission_line"", ""voltage"": ""220kV""}"
node_1801,13.0489355,77.4553718,intermediate_path_node,"{""id"": ""line_178"", ""type"": ""transmission_line"", ""voltage"": ""220kV""}"
node_1802,13.0504504,77.4527874,intermediate_path_node,"{""id"": ""line_178"", ""type"": ""transmission_line"", ""voltage"": ""220kV""}"
node_1803,13.0523089,77.4496414,intermediate_path_node,"{""id"": ""line_178"", ""type"": ""transmission_line"", ""voltage"": ""220kV""}"
node_1804,13.0536631,77.4473464,intermediate_path_node,"{""id"": ""line_178"", ""type"": ""transmission_line"", ""voltage"": ""220kV""}"
node_1805,13.0552055,77.4447323,intermediate_path_node,"{""id"": ""line_178"", ""type"": ""transmission_line"", ""voltage"": ""220kV""}"
node_1806,13.0560276,77.4433165,intermediate_path_node,"{""id"": ""line_178"", ""type"": ""transmission_line"", ""voltage"": ""220kV""}"
node_1807,13.0561587,77.443094,intermediate_path_node,"{""id"": ""line_178"", ""type"": ""transmission_line"", ""voltage"": ""220kV""}"
node_1808,13.0562155,77.4429929,intermediate_path_node,"{""id"": ""line_178"", ""type"": ""transmission_line"", ""voltage"": ""220kV""}"
node_1809,13.0581419,77.4397203,intermediate_path_node,"{""id"": ""line_178"", ""type"": ""transmission_line"", ""voltage"": ""220kV""}"
node_1810,13.0595201,77.4373667,intermediate_path_node,"{""id"": ""line_178"", ""type"": ""transmission_line"", ""voltage"": ""220kV""}"
node_1811,13.060679,77.4353877,intermediate_path_node,"{""id"": ""line_178"", ""type"": ""transmission_line"", ""voltage"": ""220kV""}"
node_1812,13.0619861,77.4331853,intermediate_path_node,"{""id"": ""line_178"", ""type"": ""transmission_line"", ""voltage"": ""220kV""}"
node_1813,13.0640215,77.4297428,intermediate_path_node,"{""id"": ""line_178"", ""type"": ""transmission_line"", ""voltage"": ""220kV""}"
node_1814,13.0642301,77.4293865,intermediate_path_node,"{""id"": ""line_178"", ""type"": ""transmission_line"", ""voltage"": ""220kV""}"
node_1815,13.0650095,77.4280554,intermediate_path_node,"{""id"": ""line_178"", ""type"": ""transmission_line"", ""voltage"": ""220kV""}"
node_1816,13.0661427,77.4261511,intermediate_path_node,"{""id"": ""line_178"", ""type"": ""transmission_line"", ""voltage"": ""220kV""}"
node_1817,13.0678647,77.4231929,intermediate_path_node,"{""id"": ""line_178"", ""type"": ""transmission_line"", ""voltage"": ""220kV""}"
node_1818,13.0700255,77.4195538,intermediate_path_node,"{""id"": ""line_178"", ""type"": ""transmission_line"", ""voltage"": ""220kV""}"
node_1819,13.0717462,77.4166173,intermediate_path_node,"{""id"": ""line_178"", ""type"": ""transmission_line"", ""voltage"": ""220kV""}"
node_1820,13.073282,77.4146543,intermediate_path_node,"{""id"": ""line_178"", ""type"": ""transmission_line"", ""voltage"": ""220kV""}"
node_1821,13.0748081,77.4127167,intermediate_path_node,"{""id"": ""line_178"", ""type"": ""transmission_line"", ""voltage"": ""220kV""}"
node_1822,13.0768346,77.4100738,intermediate_path_node,"{""id"": ""line_178"", ""type"": ""transmission_line"", ""voltage"": ""220kV""}"
node_1823,13.078406,77.4080645,intermediate_path_node,"{""id"": ""line_178"", ""type"": ""transmission_line"", ""voltage"": ""220kV""}"
node_1824,13.0803837,77.4055357,intermediate_path_node,"{""id"": ""line_178"", ""type"": ""transmission_line"", ""voltage"": ""220kV""}"
node_1825,13.0812307,77.4044049,intermediate_path_node,"{""id"": ""line_178"", ""type"": ""transmission_line"", ""voltage"": ""220kV""}"
node_1826,13.08221,77.4030976,intermediate_path_node,"{""id"": ""line_178"", ""type"": ""transmission_line"", ""voltage"": ""220kV""}"
node_1827,13.0831326,77.4019189,intermediate_path_node,"{""id"": ""line_178"", ""type"": ""transmission_line"", ""voltage"": ""220kV""}"
node_1828,13.0860062,77.3983986,intermediate_path_node,"{""id"": ""line_178"", ""type"": ""transmission_line"", ""voltage"": ""220kV""}"
node_1829,13.0859329,77.3979648,intermediate_path_node,"{""id"": ""line_178"", ""type"": ""transmission_line"", ""voltage"": ""220kV""}"
node_1830,13.085851,77.397539,intermediate_path_node,"{""id"": ""line_178"", ""type"": ""transmission_line"", ""voltage"": ""220kV""}"
node_1831,13.0299554,77.5249176,intermediate_path_node,"{""id"": ""line_179"", ""type"": ""transmission_line"", ""voltage"": ""220kV""}"
node_1832,13.02956,77.5227374,intermediate_path_node,"{""id"": ""line_179"", ""type"": ""transmission_line"", ""voltage"": ""220kV""}"
node_1833,13.0290669,77.5214895,intermediate_path_node,"{""id"": ""line_179"", ""type"": ""transmission_line"", ""voltage"": ""220kV""}"
node_1834,13.0282688,77.5194582,intermediate_path_node,"{""id"": ""line_179"", ""type"": ""transmission_line"", ""voltage"": ""220kV""}"
node_1835,13.0273397,77.5171131,intermediate_path_node,"{""id"": ""line_179"", ""type"": ""transmission_line"", ""voltage"": ""220kV""}"
node_1836,13.026384,77.5147295,intermediate_path_node,"{""id"": ""line_179"", ""type"": ""transmission_line"", ""voltage"": ""220kV""}"
node_1837,13.0254264,77.5122087,intermediate_path_node,"{""id"": ""line_179"", ""type"": ""transmission_line"", ""voltage"": ""220kV""}"
node_1838,13.0242468,77.5091626,intermediate_path_node,"{""id"": ""line_179"", ""type"": ""transmission_line"", ""voltage"": ""220kV""}"
node_1839,13.0234565,77.5071292,intermediate_path_node,"{""id"": ""line_179"", ""type"": ""transmission_line"", ""voltage"": ""220kV""}"
node_1840,13.0248884,77.5048234,intermediate_path_node,"{""id"": ""line_179"", ""type"": ""transmission_line"", ""voltage"": ""220kV""}"
node_1841,13.0272645,77.5009803,intermediate_path_node,"{""id"": ""line_179"", ""type"": ""transmission_line"", ""voltage"": ""220kV""}"
node_1842,12.8703071,77.4457964,intermediate_path_node,"{""id"": ""line_180"", ""type"": ""transmission_line"", ""voltage"": ""220kV""}"
node_1843,12.8704639,77.4459469,intermediate_path_node,"{""id"": ""line_180"", ""type"": ""transmission_line"", ""voltage"": ""220kV""}"
node_1844,12.8719387,77.4444543,intermediate_path_node,"{""id"": ""line_180"", ""type"": ""transmission_line"", ""voltage"": ""220kV""}"
node_1845,12.8742377,77.4421487,intermediate_path_node,"{""id"": ""line_180"", ""type"": ""transmission_line"", ""voltage"": ""220kV""}"
node_1846,12.8749079,77.4422904,intermediate_path_node,"{""id"": ""line_180"", ""type"": ""transmission_line"", ""voltage"": ""220kV""}"
node_1847,12.8765571,77.4415819,intermediate_path_node,"{""id"": ""line_180"", ""type"": ""transmission_line"", ""voltage"": ""220kV""}"
node_1848,12.8781847,77.4407949,intermediate_path_node,"{""id"": ""line_180"", ""type"": ""transmission_line"", ""voltage"": ""220kV""}"
node_1849,12.8789273,77.4402531,intermediate_path_node,"{""id"": ""line_180"", ""type"": ""transmission_line"", ""voltage"": ""220kV""}"
node_1850,12.8796651,77.4397797,intermediate_path_node,"{""id"": ""line_180"", ""type"": ""transmission_line"", ""voltage"": ""220kV""}"
node_1851,12.8807945,77.4400498,intermediate_path_node,"{""id"": ""line_180"", ""type"": ""transmission_line"", ""voltage"": ""220kV""}"
node_1852,12.8817858,77.4395363,intermediate_path_node,"{""id"": ""line_180"", ""type"": ""transmission_line"", ""voltage"": ""220kV""}"
node_1853,12.8824326,77.4391162,intermediate_path_node,"{""id"": ""line_180"", ""type"": ""transmission_line"", ""voltage"": ""220kV""}"
node_1854,12.8843603,77.4394094,intermediate_path_node,"{""id"": ""line_180"", ""type"": ""transmission_line"", ""voltage"": ""220kV""}"
node_1855,12.8852968,77.439229,intermediate_path_node,"{""id"": ""line_180"", ""type"": ""transmission_line"", ""voltage"": ""220kV""}"
node_1856,12.8863843,77.4393232,intermediate_path_node,"{""id"": ""line_180"", ""type"": ""transmission_line"", ""voltage"": ""220kV""}"
node_1857,12.8878568,77.4396076,intermediate_path_node,"{""id"": ""line_180"", ""type"": ""transmission_line"", ""voltage"": ""220kV""}"
node_1858,12.8879372,77.4399211,intermediate_path_node,"{""id"": ""line_180"", ""type"": ""transmission_line"", ""voltage"": ""220kV""}"
node_1859,12.8886652,77.4400111,intermediate_path_node,"{""id"": ""line_180"", ""type"": ""transmission_line"", ""voltage"": ""220kV""}"
node_1860,12.888783,77.4393093,intermediate_path_node,"{""id"": ""line_180"", ""type"": ""transmission_line"", ""voltage"": ""220kV""}"
node_1861,12.8891308,77.4373389,intermediate_path_node,"{""id"": ""line_180"", ""type"": ""transmission_line"", ""voltage"": ""220kV""}"
node_1862,12.8887846,77.4361136,intermediate_path_node,"{""id"": ""line_180"", ""type"": ""transmission_line"", ""voltage"": ""220kV""}"
node_1863,12.8886858,77.4357263,intermediate_path_node,"{""id"": ""line_180"", ""type"": ""transmission_line"", ""voltage"": ""220kV""}"
node_1864,12.8896629,77.4354518,intermediate_path_node,"{""id"": ""line_180"", ""type"": ""transmission_line"", ""voltage"": ""220kV""}"
node_1865,12.8909921,77.436562,intermediate_path_node,"{""id"": ""line_180"", ""type"": ""transmission_line"", ""voltage"": ""220kV""}"
node_1866,12.8916275,77.4373638,intermediate_path_node,"{""id"": ""line_180"", ""type"": ""transmission_line"", ""voltage"": ""220kV""}"
node_1867,12.8921541,77.4379804,intermediate_path_node,"{""id"": ""line_180"", ""type"": ""transmission_line"", ""voltage"": ""220kV""}"
node_1868,12.8928504,77.4388621,intermediate_path_node,"{""id"": ""line_180"", ""type"": ""transmission_line"", ""voltage"": ""220kV""}"
node_1869,12.8935488,77.4397063,intermediate_path_node,"{""id"": ""line_180"", ""type"": ""transmission_line"", ""voltage"": ""220kV""}"
node_1870,12.8937422,77.439963,intermediate_path_node,"{""id"": ""line_180"", ""type"": ""transmission_line"", ""voltage"": ""220kV""}"
node_1871,12.8941582,77.4411849,intermediate_path_node,"{""id"": ""line_180"", ""type"": ""transmission_line"", ""voltage"": ""220kV""}"
node_1872,12.8948033,77.4412666,intermediate_path_node,"{""id"": ""line_180"", ""type"": ""transmission_line"", ""voltage"": ""220kV""}"
node_1873,12.89558,77.4425269,intermediate_path_node,"{""id"": ""line_180"", ""type"": ""transmission_line"", ""voltage"": ""220kV""}"
node_1874,12.8962414,77.4435421,intermediate_path_node,"{""id"": ""line_180"", ""type"": ""transmission_line"", ""voltage"": ""220kV""}"
node_1875,12.8969271,77.4446373,intermediate_path_node,"{""id"": ""line_180"", ""type"": ""transmission_line"", ""voltage"": ""220kV""}"
node_1876,12.8974633,77.4455025,intermediate_path_node,"{""id"": ""line_180"", ""type"": ""transmission_line"", ""voltage"": ""220kV""}"
node_1877,12.8978939,77.4461876,intermediate_path_node,"{""id"": ""line_180"", ""type"": ""transmission_line"", ""voltage"": ""220kV""}"
node_1878,12.8987048,77.4476446,intermediate_path_node,"{""id"": ""line_180"", ""type"": ""transmission_line"", ""voltage"": ""220kV""}"
node_1879,12.8994718,77.4489048,intermediate_path_node,"{""id"": ""line_180"", ""type"": ""transmission_line"", ""voltage"": ""220kV""}"
node_1880,12.9005458,77.4507735,intermediate_path_node,"{""id"": ""line_180"", ""type"": ""transmission_line"", ""voltage"": ""220kV""}"
node_1881,12.9020131,77.4513953,intermediate_path_node,"{""id"": ""line_180"", ""type"": ""transmission_line"", ""voltage"": ""220kV""}"
node_1882,12.9032266,77.4521451,intermediate_path_node,"{""id"": ""line_180"", ""type"": ""transmission_line"", ""voltage"": ""220kV""}"
node_1883,12.9034954,77.4533467,intermediate_path_node,"{""id"": ""line_180"", ""type"": ""transmission_line"", ""voltage"": ""220kV""}"
node_1884,12.9046156,77.4541246,intermediate_path_node,"{""id"": ""line_180"", ""type"": ""transmission_line"", ""voltage"": ""220kV""}"
node_1885,12.9059224,77.4550543,intermediate_path_node,"{""id"": ""line_180"", ""type"": ""transmission_line"", ""voltage"": ""220kV""}"
node_1886,12.9070204,77.4558343,intermediate_path_node,"{""id"": ""line_180"", ""type"": ""transmission_line"", ""voltage"": ""220kV""}"
node_1887,12.9079436,77.4564577,intermediate_path_node,"{""id"": ""line_180"", ""type"": ""transmission_line"", ""voltage"": ""220kV""}"
node_1888,12.9086802,77.4573334,intermediate_path_node,"{""id"": ""line_180"", ""type"": ""transmission_line"", ""voltage"": ""220kV""}"
node_1889,12.9094914,77.4585627,intermediate_path_node,"{""id"": ""line_180"", ""type"": ""transmission_line"", ""voltage"": ""220kV""}"
node_1890,12.9108575,77.4592765,intermediate_path_node,"{""id"": ""line_180"", ""type"": ""transmission_line"", ""voltage"": ""220kV""}"
node_1891,12.9121032,77.4604692,intermediate_path_node,"{""id"": ""line_180"", ""type"": ""transmission_line"", ""voltage"": ""220kV""}"
node_1892,12.9134354,77.4606624,intermediate_path_node,"{""id"": ""line_180"", ""type"": ""transmission_line"", ""voltage"": ""220kV""}"
node_1893,12.9133692,77.4621162,intermediate_path_node,"{""id"": ""line_180"", ""type"": ""transmission_line"", ""voltage"": ""220kV""}"
node_1894,12.9132368,77.4637564,intermediate_path_node,"{""id"": ""line_180"", ""type"": ""transmission_line"", ""voltage"": ""220kV""}"
node_1895,12.91248,77.4642682,intermediate_path_node,"{""id"": ""line_180"", ""type"": ""transmission_line"", ""voltage"": ""220kV""}"
node_1896,12.911796,77.4654539,intermediate_path_node,"{""id"": ""line_180"", ""type"": ""transmission_line"", ""voltage"": ""220kV""}"
node_1897,12.9121626,77.4669078,intermediate_path_node,"{""id"": ""line_180"", ""type"": ""transmission_line"", ""voltage"": ""220kV""}"
node_1898,12.9122661,77.4678462,intermediate_path_node,"{""id"": ""line_180"", ""type"": ""transmission_line"", ""voltage"": ""220kV""}"
node_1899,12.9128584,77.468964,intermediate_path_node,"{""id"": ""line_180"", ""type"": ""transmission_line"", ""voltage"": ""220kV""}"
node_1900,12.9135186,77.4698171,intermediate_path_node,"{""id"": ""line_180"", ""type"": ""transmission_line"", ""voltage"": ""220kV""}"
node_1901,12.9134524,77.4706912,intermediate_path_node,"{""id"": ""line_180"", ""type"": ""transmission_line"", ""voltage"": ""220kV""}"
node_1902,12.9133709,77.4714903,intermediate_path_node,"{""id"": ""line_180"", ""type"": ""transmission_line"", ""voltage"": ""220kV""}"
node_1903,12.913768,77.4724671,intermediate_path_node,"{""id"": ""line_180"", ""type"": ""transmission_line"", ""voltage"": ""220kV""}"
node_1904,12.9149904,77.4727145,intermediate_path_node,"{""id"": ""line_180"", ""type"": ""transmission_line"", ""voltage"": ""220kV""}"
node_1905,12.9162632,77.4727285,intermediate_path_node,"{""id"": ""line_180"", ""type"": ""transmission_line"", ""voltage"": ""220kV""}"
node_1906,12.9167672,77.4739594,intermediate_path_node,"{""id"": ""line_180"", ""type"": ""transmission_line"", ""voltage"": ""220kV""}"
node_1907,12.9173357,77.4747081,intermediate_path_node,"{""id"": ""line_180"", ""type"": ""transmission_line"", ""voltage"": ""220kV""}"
node_1908,12.9188648,77.4749223,intermediate_path_node,"{""id"": ""line_180"", ""type"": ""transmission_line"", ""voltage"": ""220kV""}"
node_1909,12.8636494,77.5847084,intermediate_path_node,"{""id"": ""line_181"", ""type"": ""transmission_line"", ""voltage"": ""220kV""}"
node_1910,12.8632809,77.5846152,intermediate_path_node,"{""id"": ""line_181"", ""type"": ""transmission_line"", ""voltage"": ""220kV""}"
node_1911,12.8611438,77.584231,intermediate_path_node,"{""id"": ""line_181"", ""type"": ""transmission_line"", ""voltage"": ""220kV""}"
node_1912,12.8579278,77.5818398,intermediate_path_node,"{""id"": ""line_181"", ""type"": ""transmission_line"", ""voltage"": ""220kV""}"
node_1913,12.8561669,77.5805464,intermediate_path_node,"{""id"": ""line_181"", ""type"": ""transmission_line"", ""voltage"": ""220kV""}"
node_1914,12.8538486,77.5787992,intermediate_path_node,"{""id"": ""line_181"", ""type"": ""transmission_line"", ""voltage"": ""220kV""}"
node_1915,12.852505,77.5778024,intermediate_path_node,"{""id"": ""line_181"", ""type"": ""transmission_line"", ""voltage"": ""220kV""}"
node_1916,12.8520969,77.5756866,intermediate_path_node,"{""id"": ""line_181"", ""type"": ""transmission_line"", ""voltage"": ""220kV""}"
node_1917,12.8516494,77.5733477,intermediate_path_node,"{""id"": ""line_181"", ""type"": ""transmission_line"", ""voltage"": ""220kV""}"
node_1918,12.8514516,77.5722447,intermediate_path_node,"{""id"": ""line_181"", ""type"": ""transmission_line"", ""voltage"": ""220kV""}"
node_1919,12.8511513,77.570767,intermediate_path_node,"{""id"": ""line_181"", ""type"": ""transmission_line"", ""voltage"": ""220kV""}"
node_1920,12.8495337,77.5695089,intermediate_path_node,"{""id"": ""line_181"", ""type"": ""transmission_line"", ""voltage"": ""220kV""}"
node_1921,12.8470688,77.5676157,intermediate_path_node,"{""id"": ""line_181"", ""type"": ""transmission_line"", ""voltage"": ""220kV""}"
node_1922,12.8456397,77.5665319,intermediate_path_node,"{""id"": ""line_181"", ""type"": ""transmission_line"", ""voltage"": ""220kV""}"
node_1923,12.8432748,77.5647294,intermediate_path_node,"{""id"": ""line_181"", ""type"": ""transmission_line"", ""voltage"": ""220kV""}"
node_1924,12.8414174,77.5632994,intermediate_path_node,"{""id"": ""line_181"", ""type"": ""transmission_line"", ""voltage"": ""220kV""}"
node_1925,12.8397741,77.5620294,intermediate_path_node,"{""id"": ""line_181"", ""type"": ""transmission_line"", ""voltage"": ""220kV""}"
node_1926,12.8380237,77.5589402,intermediate_path_node,"{""id"": ""line_181"", ""type"": ""transmission_line"", ""voltage"": ""220kV""}"
node_1927,12.8366551,77.5564621,intermediate_path_node,"{""id"": ""line_181"", ""type"": ""transmission_line"", ""voltage"": ""220kV""}"
node_1928,12.8351165,77.5537334,intermediate_path_node,"{""id"": ""line_181"", ""type"": ""transmission_line"", ""voltage"": ""220kV""}"
node_1929,12.8342878,77.552874,intermediate_path_node,"{""id"": ""line_181"", ""type"": ""transmission_line"", ""voltage"": ""220kV""}"
node_1930,12.8328237,77.5512625,intermediate_path_node,"{""id"": ""line_181"", ""type"": ""transmission_line"", ""voltage"": ""220kV""}"
node_1931,12.8311163,77.5493451,intermediate_path_node,"{""id"": ""line_181"", ""type"": ""transmission_line"", ""voltage"": ""220kV""}"
node_1932,12.8294409,77.5471542,intermediate_path_node,"{""id"": ""line_181"", ""type"": ""transmission_line"", ""voltage"": ""220kV""}"
node_1933,12.8285903,77.5460571,intermediate_path_node,"{""id"": ""line_181"", ""type"": ""transmission_line"", ""voltage"": ""220kV""}"
node_1934,12.8260868,77.5427625,intermediate_path_node,"{""id"": ""line_181"", ""type"": ""transmission_line"", ""voltage"": ""220kV""}"
node_1935,12.8243565,77.5404659,intermediate_path_node,"{""id"": ""line_181"", ""type"": ""transmission_line"", ""voltage"": ""220kV""}"
node_1936,12.8229968,77.5386947,intermediate_path_node,"{""id"": ""line_181"", ""type"": ""transmission_line"", ""voltage"": ""220kV""}"
node_1937,12.8218433,77.5371911,intermediate_path_node,"{""id"": ""line_181"", ""type"": ""transmission_line"", ""voltage"": ""220kV""}"
node_1938,12.8206092,77.5355455,intermediate_path_node,"{""id"": ""line_181"", ""type"": ""transmission_line"", ""voltage"": ""220kV""}"
node_1939,12.8186534,77.5338272,intermediate_path_node,"{""id"": ""line_181"", ""type"": ""transmission_line"", ""voltage"": ""220kV""}"
node_1940,12.8168941,77.5323401,intermediate_path_node,"{""id"": ""line_181"", ""type"": ""transmission_line"", ""voltage"": ""220kV""}"
node_1941,12.8148758,77.5305299,intermediate_path_node,"{""id"": ""line_181"", ""type"": ""transmission_line"", ""voltage"": ""220kV""}"
node_1942,12.8132485,77.5291129,intermediate_path_node,"{""id"": ""line_181"", ""type"": ""transmission_line"", ""voltage"": ""220kV""}"
node_1943,12.8116416,77.5277483,intermediate_path_node,"{""id"": ""line_181"", ""type"": ""transmission_line"", ""voltage"": ""220kV""}"
node_1944,12.8100245,77.5263244,intermediate_path_node,"{""id"": ""line_181"", ""type"": ""transmission_line"", ""voltage"": ""220kV""}"
node_1945,12.8088816,77.5252957,intermediate_path_node,"{""id"": ""line_181"", ""type"": ""transmission_line"", ""voltage"": ""220kV""}"
node_1946,12.8072201,77.5238122,intermediate_path_node,"{""id"": ""line_181"", ""type"": ""transmission_line"", ""voltage"": ""220kV""}"
node_1947,12.8051833,77.5219719,intermediate_path_node,"{""id"": ""line_181"", ""type"": ""transmission_line"", ""voltage"": ""220kV""}"
node_1948,12.80301,77.5200056,intermediate_path_node,"{""id"": ""line_181"", ""type"": ""transmission_line"", ""voltage"": ""220kV""}"
node_1949,12.8012359,77.5184417,intermediate_path_node,"{""id"": ""line_181"", ""type"": ""transmission_line"", ""voltage"": ""220kV""}"
node_1950,12.7998575,77.5171926,intermediate_path_node,"{""id"": ""line_181"", ""type"": ""transmission_line"", ""voltage"": ""220kV""}"
node_1951,12.79804,77.5155244,intermediate_path_node,"{""id"": ""line_181"", ""type"": ""transmission_line"", ""voltage"": ""220kV""}"
node_1952,12.7958072,77.5134671,intermediate_path_node,"{""id"": ""line_181"", ""type"": ""transmission_line"", ""voltage"": ""220kV""}"
node_1953,12.7945899,77.511533,intermediate_path_node,"{""id"": ""line_181"", ""type"": ""transmission_line"", ""voltage"": ""220kV""}"
node_1954,12.7926547,77.5102567,intermediate_path_node,"{""id"": ""line_181"", ""type"": ""transmission_line"", ""voltage"": ""220kV""}"
node_1955,12.791042,77.509179,intermediate_path_node,"{""id"": ""line_181"", ""type"": ""transmission_line"", ""voltage"": ""220kV""}"
node_1956,12.7879837,77.5086263,intermediate_path_node,"{""id"": ""line_181"", ""type"": ""transmission_line"", ""voltage"": ""220kV""}"
node_1957,12.7862781,77.5083459,intermediate_path_node,"{""id"": ""line_181"", ""type"": ""transmission_line"", ""voltage"": ""220kV""}"
node_1958,12.7852753,77.5082658,intermediate_path_node,"{""id"": ""line_181"", ""type"": ""transmission_line"", ""voltage"": ""220kV""}"
node_1959,12.9769385,77.7180041,intermediate_path_node,"{""id"": ""line_182"", ""type"": ""transmission_line"", ""voltage"": ""220kV""}"
node_1960,12.9763253,77.7183143,intermediate_path_node,"{""id"": ""line_182"", ""type"": ""transmission_line"", ""voltage"": ""220kV""}"
node_1961,12.9763091,77.7187464,intermediate_path_node,"{""id"": ""line_182"", ""type"": ""transmission_line"", ""voltage"": ""220kV""}"
node_1962,12.9753185,77.7188064,intermediate_path_node,"{""id"": ""line_182"", ""type"": ""transmission_line"", ""voltage"": ""220kV""}"
node_1963,12.972645,77.7203828,intermediate_path_node,"{""id"": ""line_182"", ""type"": ""transmission_line"", ""voltage"": ""220kV""}"
node_1964,12.9704725,77.7216572,intermediate_path_node,"{""id"": ""line_182"", ""type"": ""transmission_line"", ""voltage"": ""220kV""}"
node_1965,12.9678613,77.7219767,intermediate_path_node,"{""id"": ""line_182"", ""type"": ""transmission_line"", ""voltage"": ""220kV""}"
node_1966,12.9664863,77.722325,intermediate_path_node,"{""id"": ""line_182"", ""type"": ""transmission_line"", ""voltage"": ""220kV""}"
node_1967,12.9655084,77.7225727,intermediate_path_node,"{""id"": ""line_182"", ""type"": ""transmission_line"", ""voltage"": ""220kV""}"
node_1968,12.9639318,77.7229876,intermediate_path_node,"{""id"": ""line_182"", ""type"": ""transmission_line"", ""voltage"": ""220kV""}"
node_1969,12.9632101,77.7232625,intermediate_path_node,"{""id"": ""line_182"", ""type"": ""transmission_line"", ""voltage"": ""220kV""}"
node_1970,12.9596862,77.724101,intermediate_path_node,"{""id"": ""line_182"", ""type"": ""transmission_line"", ""voltage"": ""220kV""}"
node_1971,12.957125,77.7247836,intermediate_path_node,"{""id"": ""line_182"", ""type"": ""transmission_line"", ""voltage"": ""220kV""}"
node_1972,12.9567038,77.7243683,intermediate_path_node,"{""id"": ""line_182"", ""type"": ""transmission_line"", ""voltage"": ""220kV""}"
node_1973,12.9562386,77.7242379,intermediate_path_node,"{""id"": ""line_182"", ""type"": ""transmission_line"", ""voltage"": ""220kV""}"
node_1974,12.9560426,77.7243608,intermediate_path_node,"{""id"": ""line_182"", ""type"": ""transmission_line"", ""voltage"": ""220kV""}"
node_1975,12.9546963,77.7243148,intermediate_path_node,"{""id"": ""line_182"", ""type"": ""transmission_line"", ""voltage"": ""220kV""}"
node_1976,12.9532777,77.7240558,intermediate_path_node,"{""id"": ""line_182"", ""type"": ""transmission_line"", ""voltage"": ""220kV""}"
node_1977,12.9519188,77.7238509,intermediate_path_node,"{""id"": ""line_182"", ""type"": ""transmission_line"", ""voltage"": ""220kV""}"
node_1978,12.9498412,77.7241564,intermediate_path_node,"{""id"": ""line_182"", ""type"": ""transmission_line"", ""voltage"": ""220kV""}"
node_1979,12.9466175,77.7245473,intermediate_path_node,"{""id"": ""line_182"", ""type"": ""transmission_line"", ""voltage"": ""220kV""}"
node_1980,12.9441506,77.7248936,intermediate_path_node,"{""id"": ""line_182"", ""type"": ""transmission_line"", ""voltage"": ""220kV""}"
node_1981,12.9419451,77.7252035,intermediate_path_node,"{""id"": ""line_182"", ""type"": ""transmission_line"", ""voltage"": ""220kV""}"
node_1982,12.9386368,77.7253572,intermediate_path_node,"{""id"": ""line_182"", ""type"": ""transmission_line"", ""voltage"": ""220kV""}"
node_1983,12.9366651,77.7254488,intermediate_path_node,"{""id"": ""line_182"", ""type"": ""transmission_line"", ""voltage"": ""220kV""}"
node_1984,12.9341353,77.7255663,intermediate_path_node,"{""id"": ""line_182"", ""type"": ""transmission_line"", ""voltage"": ""220kV""}"
node_1985,12.9314151,77.7257157,intermediate_path_node,"{""id"": ""line_182"", ""type"": ""transmission_line"", ""voltage"": ""220kV""}"
node_1986,12.9292255,77.7265073,intermediate_path_node,"{""id"": ""line_182"", ""type"": ""transmission_line"", ""voltage"": ""220kV""}"
node_1987,12.9288447,77.7273595,intermediate_path_node,"{""id"": ""line_182"", ""type"": ""transmission_line"", ""voltage"": ""220kV""}"
node_1988,12.9286133,77.7275969,intermediate_path_node,"{""id"": ""line_182"", ""type"": ""transmission_line"", ""voltage"": ""220kV""}"
node_1989,12.9275533,77.7270967,intermediate_path_node,"{""id"": ""line_182"", ""type"": ""transmission_line"", ""voltage"": ""220kV""}"
node_1990,12.9275114,77.7278329,intermediate_path_node,"{""id"": ""line_182"", ""type"": ""transmission_line"", ""voltage"": ""220kV""}"
node_1991,12.9268448,77.7275982,intermediate_path_node,"{""id"": ""line_182"", ""type"": ""transmission_line"", ""voltage"": ""220kV""}"
node_1992,12.9268983,77.7272317,intermediate_path_node,"{""id"": ""line_182"", ""type"": ""transmission_line"", ""voltage"": ""220kV""}"
node_1993,12.924432,77.727963,intermediate_path_node,"{""id"": ""line_182"", ""type"": ""transmission_line"", ""voltage"": ""220kV""}"
node_1994,12.9221933,77.7286969,intermediate_path_node,"{""id"": ""line_182"", ""type"": ""transmission_line"", ""voltage"": ""220kV""}"
node_1995,12.9197754,77.7294707,intermediate_path_node,"{""id"": ""line_182"", ""type"": ""transmission_line"", ""voltage"": ""220kV""}"
node_1996,12.9174262,77.7302292,intermediate_path_node,"{""id"": ""line_182"", ""type"": ""transmission_line"", ""voltage"": ""220kV""}"
node_1997,12.9149919,77.7310075,intermediate_path_node,"{""id"": ""line_182"", ""type"": ""transmission_line"", ""voltage"": ""220kV""}"
node_1998,12.9127138,77.7315363,intermediate_path_node,"{""id"": ""line_182"", ""type"": ""transmission_line"", ""voltage"": ""220kV""}"
node_1999,12.9104704,77.7320278,intermediate_path_node,"{""id"": ""line_182"", ""type"": ""transmission_line"", ""voltage"": ""220kV""}"
node_2000,12.9083511,77.7324991,intermediate_path_node,"{""id"": ""line_182"", ""type"": ""transmission_line"", ""voltage"": ""220kV""}"
node_2001,12.9061847,77.7329752,intermediate_path_node,"{""id"": ""line_182"", ""type"": ""transmission_line"", ""voltage"": ""220kV""}"
node_2002,12.9042596,77.7334022,intermediate_path_node,"{""id"": ""line_182"", ""type"": ""transmission_line"", ""voltage"": ""220kV""}"
node_2003,12.9013066,77.7340593,intermediate_path_node,"{""id"": ""line_182"", ""type"": ""transmission_line"", ""voltage"": ""220kV""}"
node_2004,12.8996969,77.7344432,intermediate_path_node,"{""id"": ""line_182"", ""type"": ""transmission_line"", ""voltage"": ""220kV""}"
node_2005,12.8973022,77.7349833,intermediate_path_node,"{""id"": ""line_182"", ""type"": ""transmission_line"", ""voltage"": ""220kV""}"
node_2006,12.894349,77.7351815,intermediate_path_node,"{""id"": ""line_182"", ""type"": ""transmission_line"", ""voltage"": ""220kV""}"
node_2007,12.8921398,77.735336,intermediate_path_node,"{""id"": ""line_182"", ""type"": ""transmission_line"", ""voltage"": ""220kV""}"
node_2008,12.8896363,77.7355111,intermediate_path_node,"{""id"": ""line_182"", ""type"": ""transmission_line"", ""voltage"": ""220kV""}"
node_2009,12.8893027,77.7355279,intermediate_path_node,"{""id"": ""line_182"", ""type"": ""transmission_line"", ""voltage"": ""220kV""}"
node_2010,12.9692872,77.6629195,intermediate_path_node,"{""id"": ""line_183"", ""type"": ""transmission_line"", ""voltage"": ""220kV""}"
node_2011,12.9698204,77.6636624,intermediate_path_node,"{""id"": ""line_183"", ""type"": ""transmission_line"", ""voltage"": ""220kV""}"
node_2012,12.9708045,77.6654796,intermediate_path_node,"{""id"": ""line_183"", ""type"": ""transmission_line"", ""voltage"": ""220kV""}"
node_2013,12.9716775,77.6665378,intermediate_path_node,"{""id"": ""line_183"", ""type"": ""transmission_line"", ""voltage"": ""220kV""}"
node_2014,12.972395,77.667089,intermediate_path_node,"{""id"": ""line_183"", ""type"": ""transmission_line"", ""voltage"": ""220kV""}"
node_2015,12.9738456,77.6682168,intermediate_path_node,"{""id"": ""line_183"", ""type"": ""transmission_line"", ""voltage"": ""220kV""}"
node_2016,12.9749555,77.6691666,intermediate_path_node,"{""id"": ""line_183"", ""type"": ""transmission_line"", ""voltage"": ""220kV""}"
node_2017,12.9768487,77.6708735,intermediate_path_node,"{""id"": ""line_183"", ""type"": ""transmission_line"", ""voltage"": ""220kV""}"
node_2018,12.9779949,77.6718874,intermediate_path_node,"{""id"": ""line_183"", ""type"": ""transmission_line"", ""voltage"": ""220kV""}"
node_2019,12.9794925,77.6731829,intermediate_path_node,"{""id"": ""line_183"", ""type"": ""transmission_line"", ""voltage"": ""220kV""}"
node_2020,12.9804648,77.6740868,intermediate_path_node,"{""id"": ""line_183"", ""type"": ""transmission_line"", ""voltage"": ""220kV""}"
node_2021,12.9820199,77.6754695,intermediate_path_node,"{""id"": ""line_183"", ""type"": ""transmission_line"", ""voltage"": ""220kV""}"
node_2022,12.9845225,77.677044,intermediate_path_node,"{""id"": ""line_183"", ""type"": ""transmission_line"", ""voltage"": ""220kV""}"
node_2023,12.9860645,77.6780605,intermediate_path_node,"{""id"": ""line_183"", ""type"": ""transmission_line"", ""voltage"": ""220kV""}"
node_2024,12.9864522,77.6783211,intermediate_path_node,"{""id"": ""line_183"", ""type"": ""transmission_line"", ""voltage"": ""220kV""}"
node_2025,12.9865036,77.6783556,intermediate_path_node,"{""id"": ""line_183"", ""type"": ""transmission_line"", ""voltage"": ""220kV""}"
node_2026,12.986795,77.6787928,intermediate_path_node,"{""id"": ""line_183"", ""type"": ""transmission_line"", ""voltage"": ""220kV""}"
node_2027,12.9871127,77.6814335,intermediate_path_node,"{""id"": ""line_183"", ""type"": ""transmission_line"", ""voltage"": ""220kV""}"
node_2028,12.9873702,77.683711,intermediate_path_node,"{""id"": ""line_183"", ""type"": ""transmission_line"", ""voltage"": ""220kV""}"
node_2029,12.9875498,77.6853327,intermediate_path_node,"{""id"": ""line_183"", ""type"": ""transmission_line"", ""voltage"": ""220kV""}"
node_2030,12.9875628,77.6854144,intermediate_path_node,"{""id"": ""line_183"", ""type"": ""transmission_line"", ""voltage"": ""220kV""}"
node_2031,12.9878057,77.6875213,intermediate_path_node,"{""id"": ""line_183"", ""type"": ""transmission_line"", ""voltage"": ""220kV""}"
node_2032,12.9881064,77.6899324,intermediate_path_node,"{""id"": ""line_183"", ""type"": ""transmission_line"", ""voltage"": ""220kV""}"
node_2033,12.9882689,77.691235,intermediate_path_node,"{""id"": ""line_183"", ""type"": ""transmission_line"", ""voltage"": ""220kV""}"
node_2034,12.9885366,77.6937386,intermediate_path_node,"{""id"": ""line_183"", ""type"": ""transmission_line"", ""voltage"": ""220kV""}"
node_2035,12.9887795,77.6958909,intermediate_path_node,"{""id"": ""line_183"", ""type"": ""transmission_line"", ""voltage"": ""220kV""}"
node_2036,12.9890046,77.6979032,intermediate_path_node,"{""id"": ""line_183"", ""type"": ""transmission_line"", ""voltage"": ""220kV""}"
node_2037,12.9892379,77.6997446,intermediate_path_node,"{""id"": ""line_183"", ""type"": ""transmission_line"", ""voltage"": ""220kV""}"
node_2038,12.989267,77.6999738,intermediate_path_node,"{""id"": ""line_183"", ""type"": ""transmission_line"", ""voltage"": ""220kV""}"
node_2039,12.9894011,77.7006824,intermediate_path_node,"{""id"": ""line_183"", ""type"": ""transmission_line"", ""voltage"": ""220kV""}"
node_2040,12.989267,77.7007691,intermediate_path_node,"{""id"": ""line_184"", ""type"": ""transmission_line"", ""voltage"": ""220kV""}"
node_2041,12.9891004,77.7000465,intermediate_path_node,"{""id"": ""line_184"", ""type"": ""transmission_line"", ""voltage"": ""220kV""}"
node_2042,12.9888167,77.6975921,intermediate_path_node,"{""id"": ""line_184"", ""type"": ""transmission_line"", ""voltage"": ""220kV""}"
node_2043,12.9886536,77.6961984,intermediate_path_node,"{""id"": ""line_184"", ""type"": ""transmission_line"", ""voltage"": ""220kV""}"
node_2044,12.9885065,77.6951322,intermediate_path_node,"{""id"": ""line_184"", ""type"": ""transmission_line"", ""voltage"": ""220kV""}"
node_2045,12.9883593,77.693906,intermediate_path_node,"{""id"": ""line_184"", ""type"": ""transmission_line"", ""voltage"": ""220kV""}"
node_2046,12.9883097,77.6934675,intermediate_path_node,"{""id"": ""line_184"", ""type"": ""transmission_line"", ""voltage"": ""220kV""}"
node_2047,12.9882476,77.692747,intermediate_path_node,"{""id"": ""line_184"", ""type"": ""transmission_line"", ""voltage"": ""220kV""}"
node_2048,12.9880898,77.6911932,intermediate_path_node,"{""id"": ""line_184"", ""type"": ""transmission_line"", ""voltage"": ""220kV""}"
node_2049,12.9879313,77.6899317,intermediate_path_node,"{""id"": ""line_184"", ""type"": ""transmission_line"", ""voltage"": ""220kV""}"
node_2050,12.9876585,77.6877597,intermediate_path_node,"{""id"": ""line_184"", ""type"": ""transmission_line"", ""voltage"": ""220kV""}"
node_2051,12.9873642,77.685409,intermediate_path_node,"{""id"": ""line_184"", ""type"": ""transmission_line"", ""voltage"": ""220kV""}"
node_2052,12.9870773,77.6832868,intermediate_path_node,"{""id"": ""line_184"", ""type"": ""transmission_line"", ""voltage"": ""220kV""}"
node_2053,12.9868225,77.6810271,intermediate_path_node,"{""id"": ""line_184"", ""type"": ""transmission_line"", ""voltage"": ""220kV""}"
node_2054,12.9229615,77.5393734,intermediate_path_node,"{""id"": ""line_185"", ""type"": ""transmission_line"", ""voltage"": ""220kV""}"
node_2055,12.920635,77.5405065,intermediate_path_node,"{""id"": ""line_185"", ""type"": ""transmission_line"", ""voltage"": ""220kV""}"
node_2056,12.918487,77.5415665,intermediate_path_node,"{""id"": ""line_185"", ""type"": ""transmission_line"", ""voltage"": ""220kV""}"
node_2057,12.918166,77.5417249,intermediate_path_node,"{""id"": ""line_185"", ""type"": ""transmission_line"", ""voltage"": ""220kV""}"
node_2058,12.9165721,77.5424889,intermediate_path_node,"{""id"": ""line_185"", ""type"": ""transmission_line"", ""voltage"": ""220kV""}"
node_2059,12.916233,77.5426557,intermediate_path_node,"{""id"": ""line_185"", ""type"": ""transmission_line"", ""voltage"": ""220kV""}"
node_2060,12.9138583,77.5438237,intermediate_path_node,"{""id"": ""line_185"", ""type"": ""transmission_line"", ""voltage"": ""220kV""}"
node_2061,12.9124915,77.5444888,intermediate_path_node,"{""id"": ""line_185"", ""type"": ""transmission_line"", ""voltage"": ""220kV""}"
node_2062,12.90896,77.5462111,intermediate_path_node,"{""id"": ""line_185"", ""type"": ""transmission_line"", ""voltage"": ""220kV""}"
node_2063,12.907148,77.5471148,intermediate_path_node,"{""id"": ""line_185"", ""type"": ""transmission_line"", ""voltage"": ""220kV""}"
node_2064,12.904581,77.5468459,intermediate_path_node,"{""id"": ""line_185"", ""type"": ""transmission_line"", ""voltage"": ""220kV""}"
node_2065,12.9030047,77.5466902,intermediate_path_node,"{""id"": ""line_185"", ""type"": ""transmission_line"", ""voltage"": ""220kV""}"
node_2066,12.9013238,77.5465257,intermediate_path_node,"{""id"": ""line_185"", ""type"": ""transmission_line"", ""voltage"": ""220kV""}"
node_2067,12.899507,77.5463112,intermediate_path_node,"{""id"": ""line_185"", ""type"": ""transmission_line"", ""voltage"": ""220kV""}"
node_2068,12.8979756,77.5461598,intermediate_path_node,"{""id"": ""line_185"", ""type"": ""transmission_line"", ""voltage"": ""220kV""}"
node_2069,12.8967133,77.5463366,intermediate_path_node,"{""id"": ""line_185"", ""type"": ""transmission_line"", ""voltage"": ""220kV""}"
node_2070,12.8857278,77.5476794,intermediate_path_node,"{""id"": ""line_186"", ""type"": ""transmission_line"", ""voltage"": ""220kV""}"
node_2071,12.8851976,77.5475572,intermediate_path_node,"{""id"": ""line_186"", ""type"": ""transmission_line"", ""voltage"": ""220kV""}"
node_2072,12.8841391,77.546607,intermediate_path_node,"{""id"": ""line_186"", ""type"": ""transmission_line"", ""voltage"": ""220kV""}"
node_2073,12.8835725,77.5460983,intermediate_path_node,"{""id"": ""line_186"", ""type"": ""transmission_line"", ""voltage"": ""220kV""}"
node_2074,12.8831423,77.5457121,intermediate_path_node,"{""id"": ""line_186"", ""type"": ""transmission_line"", ""voltage"": ""220kV""}"
node_2075,12.8819416,77.5446316,intermediate_path_node,"{""id"": ""line_186"", ""type"": ""transmission_line"", ""voltage"": ""220kV""}"
node_2076,12.8807302,77.5435415,intermediate_path_node,"{""id"": ""line_186"", ""type"": ""transmission_line"", ""voltage"": ""220kV""}"
node_2077,12.8793786,77.5423534,intermediate_path_node,"{""id"": ""line_186"", ""type"": ""transmission_line"", ""voltage"": ""220kV""}"
node_2078,12.878059,77.5411653,intermediate_path_node,"{""id"": ""line_186"", ""type"": ""transmission_line"", ""voltage"": ""220kV""}"
node_2079,12.8766756,77.5399318,intermediate_path_node,"{""id"": ""line_186"", ""type"": ""transmission_line"", ""voltage"": ""220kV""}"
node_2080,12.8754925,77.5388583,intermediate_path_node,"{""id"": ""line_186"", ""type"": ""transmission_line"", ""voltage"": ""220kV""}"
node_2081,12.8745964,77.5380618,intermediate_path_node,"{""id"": ""line_186"", ""type"": ""transmission_line"", ""voltage"": ""220kV""}"
node_2082,12.8742173,77.5377248,intermediate_path_node,"{""id"": ""line_186"", ""type"": ""transmission_line"", ""voltage"": ""220kV""}"
node_2083,12.8729847,77.5366196,intermediate_path_node,"{""id"": ""line_186"", ""type"": ""transmission_line"", ""voltage"": ""220kV""}"
node_2084,12.8718569,77.535634,intermediate_path_node,"{""id"": ""line_186"", ""type"": ""transmission_line"", ""voltage"": ""220kV""}"
node_2085,12.8707339,77.5346528,intermediate_path_node,"{""id"": ""line_186"", ""type"": ""transmission_line"", ""voltage"": ""220kV""}"
node_2086,12.8695668,77.5336232,intermediate_path_node,"{""id"": ""line_186"", ""type"": ""transmission_line"", ""voltage"": ""220kV""}"
node_2087,12.8681336,77.5332029,intermediate_path_node,"{""id"": ""line_186"", ""type"": ""transmission_line"", ""voltage"": ""220kV""}"
node_2088,12.8668476,77.5328572,intermediate_path_node,"{""id"": ""line_186"", ""type"": ""transmission_line"", ""voltage"": ""220kV""}"
node_2089,12.8653909,77.5317766,intermediate_path_node,"{""id"": ""line_186"", ""type"": ""transmission_line"", ""voltage"": ""220kV""}"
node_2090,12.8641922,77.5309658,intermediate_path_node,"{""id"": ""line_186"", ""type"": ""transmission_line"", ""voltage"": ""220kV""}"
node_2091,12.9229852,77.5394412,intermediate_path_node,"{""id"": ""line_187"", ""type"": ""transmission_line"", ""voltage"": ""220kV""}"
node_2092,12.920659,77.5405895,intermediate_path_node,"{""id"": ""line_187"", ""type"": ""transmission_line"", ""voltage"": ""220kV""}"
node_2093,12.9182087,77.5418027,intermediate_path_node,"{""id"": ""line_187"", ""type"": ""transmission_line"", ""voltage"": ""220kV""}"
node_2094,12.9174832,77.5421521,intermediate_path_node,"{""id"": ""line_187"", ""type"": ""transmission_line"", ""voltage"": ""220kV""}"
node_2095,12.916533,77.5426096,intermediate_path_node,"{""id"": ""line_187"", ""type"": ""transmission_line"", ""voltage"": ""220kV""}"
node_2096,12.9161926,77.5427767,intermediate_path_node,"{""id"": ""line_187"", ""type"": ""transmission_line"", ""voltage"": ""220kV""}"
node_2097,12.9159486,77.5428964,intermediate_path_node,"{""id"": ""line_187"", ""type"": ""transmission_line"", ""voltage"": ""220kV""}"
node_2098,12.9139135,77.5438958,intermediate_path_node,"{""id"": ""line_187"", ""type"": ""transmission_line"", ""voltage"": ""220kV""}"
node_2099,12.9124388,77.5446059,intermediate_path_node,"{""id"": ""line_187"", ""type"": ""transmission_line"", ""voltage"": ""220kV""}"
node_2100,12.9091338,77.5462302,intermediate_path_node,"{""id"": ""line_187"", ""type"": ""transmission_line"", ""voltage"": ""220kV""}"
node_2101,12.9071569,77.5472204,intermediate_path_node,"{""id"": ""line_187"", ""type"": ""transmission_line"", ""voltage"": ""220kV""}"
node_2102,12.9070267,77.5472067,intermediate_path_node,"{""id"": ""line_187"", ""type"": ""transmission_line"", ""voltage"": ""220kV""}"
node_2103,12.9055402,77.5470507,intermediate_path_node,"{""id"": ""line_187"", ""type"": ""transmission_line"", ""voltage"": ""220kV""}"
node_2104,12.9045508,77.5469362,intermediate_path_node,"{""id"": ""line_187"", ""type"": ""transmission_line"", ""voltage"": ""220kV""}"
node_2105,12.9030071,77.5467754,intermediate_path_node,"{""id"": ""line_187"", ""type"": ""transmission_line"", ""voltage"": ""220kV""}"
node_2106,12.9009666,77.5465605,intermediate_path_node,"{""id"": ""line_187"", ""type"": ""transmission_line"", ""voltage"": ""220kV""}"
node_2107,12.8997181,77.5464368,intermediate_path_node,"{""id"": ""line_187"", ""type"": ""transmission_line"", ""voltage"": ""220kV""}"
node_2108,12.8988273,77.5463501,intermediate_path_node,"{""id"": ""line_187"", ""type"": ""transmission_line"", ""voltage"": ""220kV""}"
node_2109,12.8979535,77.5462481,intermediate_path_node,"{""id"": ""line_187"", ""type"": ""transmission_line"", ""voltage"": ""220kV""}"
node_2110,12.8974103,77.5462683,intermediate_path_node,"{""id"": ""line_187"", ""type"": ""transmission_line"", ""voltage"": ""220kV""}"
node_2111,12.8967807,77.5466259,intermediate_path_node,"{""id"": ""line_187"", ""type"": ""transmission_line"", ""voltage"": ""220kV""}"
node_2112,12.8851231,77.5476973,intermediate_path_node,"{""id"": ""line_188"", ""type"": ""transmission_line"", ""voltage"": ""220kV""}"
node_2113,12.8840322,77.5467176,intermediate_path_node,"{""id"": ""line_188"", ""type"": ""transmission_line"", ""voltage"": ""220kV""}"
node_2114,12.8830542,77.5458392,intermediate_path_node,"{""id"": ""line_188"", ""type"": ""transmission_line"", ""voltage"": ""220kV""}"
node_2115,12.8818571,77.5447664,intermediate_path_node,"{""id"": ""line_188"", ""type"": ""transmission_line"", ""voltage"": ""220kV""}"
node_2116,12.8806277,77.5436647,intermediate_path_node,"{""id"": ""line_188"", ""type"": ""transmission_line"", ""voltage"": ""220kV""}"
node_2117,12.8792867,77.5424688,intermediate_path_node,"{""id"": ""line_188"", ""type"": ""transmission_line"", ""voltage"": ""220kV""}"
node_2118,12.8784874,77.541749,intermediate_path_node,"{""id"": ""line_188"", ""type"": ""transmission_line"", ""voltage"": ""220kV""}"
node_2119,12.8782289,77.5415162,intermediate_path_node,"{""id"": ""line_188"", ""type"": ""transmission_line"", ""voltage"": ""220kV""}"
node_2120,12.8780601,77.5413642,intermediate_path_node,"{""id"": ""line_188"", ""type"": ""transmission_line"", ""voltage"": ""220kV""}"
node_2121,12.8765832,77.5400341,intermediate_path_node,"{""id"": ""line_188"", ""type"": ""transmission_line"", ""voltage"": ""220kV""}"
node_2122,12.8753957,77.5389647,intermediate_path_node,"{""id"": ""line_188"", ""type"": ""transmission_line"", ""voltage"": ""220kV""}"
node_2123,12.8741412,77.5378349,intermediate_path_node,"{""id"": ""line_188"", ""type"": ""transmission_line"", ""voltage"": ""220kV""}"
node_2124,12.872896,77.5367433,intermediate_path_node,"{""id"": ""line_188"", ""type"": ""transmission_line"", ""voltage"": ""220kV""}"
node_2125,12.8716757,77.5356716,intermediate_path_node,"{""id"": ""line_188"", ""type"": ""transmission_line"", ""voltage"": ""220kV""}"
node_2126,12.8712634,77.5353008,intermediate_path_node,"{""id"": ""line_188"", ""type"": ""transmission_line"", ""voltage"": ""220kV""}"
node_2127,12.8706261,77.5347275,intermediate_path_node,"{""id"": ""line_188"", ""type"": ""transmission_line"", ""voltage"": ""220kV""}"
node_2128,12.8695243,77.5337366,intermediate_path_node,"{""id"": ""line_188"", ""type"": ""transmission_line"", ""voltage"": ""220kV""}"
node_2129,12.8684257,77.5334594,intermediate_path_node,"{""id"": ""line_188"", ""type"": ""transmission_line"", ""voltage"": ""220kV""}"
node_2130,12.8667672,77.5330409,intermediate_path_node,"{""id"": ""line_188"", ""type"": ""transmission_line"", ""voltage"": ""220kV""}"
node_2131,12.8653607,77.5319767,intermediate_path_node,"{""id"": ""line_188"", ""type"": ""transmission_line"", ""voltage"": ""220kV""}"
node_2132,12.9850948,77.6935861,intermediate_path_node,"{""id"": ""line_189"", ""type"": ""transmission_line"", ""voltage"": ""220kV""}"
node_2133,12.9863045,77.6936094,intermediate_path_node,"{""id"": ""line_189"", ""type"": ""transmission_line"", ""voltage"": ""220kV""}"
node_2134,12.9858273,77.6936404,intermediate_path_node,"{""id"": ""line_190"", ""type"": ""transmission_line"", ""voltage"": ""220kV""}"
node_2135,12.9850511,77.6937531,intermediate_path_node,"{""id"": ""line_190"", ""type"": ""transmission_line"", ""voltage"": ""220kV""}"
node_2136,12.9070268,77.5765014,intermediate_path_node,"{""id"": ""line_191"", ""type"": ""transmission_line"", ""voltage"": ""220kV""}"
node_2137,12.9069077,77.5752576,intermediate_path_node,"{""id"": ""line_191"", ""type"": ""transmission_line"", ""voltage"": ""220kV""}"
node_2138,12.9064053,77.5712161,intermediate_path_node,"{""id"": ""line_191"", ""type"": ""transmission_line"", ""voltage"": ""220kV""}"
node_2139,12.9041147,77.5670171,intermediate_path_node,"{""id"": ""line_191"", ""type"": ""transmission_line"", ""voltage"": ""220kV""}"
node_2140,12.9029069,77.564935,intermediate_path_node,"{""id"": ""line_191"", ""type"": ""transmission_line"", ""voltage"": ""220kV""}"
node_2141,12.9009352,77.561519,intermediate_path_node,"{""id"": ""line_191"", ""type"": ""transmission_line"", ""voltage"": ""220kV""}"
node_2142,12.9003001,77.5601465,intermediate_path_node,"{""id"": ""line_191"", ""type"": ""transmission_line"", ""voltage"": ""220kV""}"
node_2143,12.8995351,77.559056,intermediate_path_node,"{""id"": ""line_191"", ""type"": ""transmission_line"", ""voltage"": ""220kV""}"
node_2144,12.8986756,77.5570078,intermediate_path_node,"{""id"": ""line_191"", ""type"": ""transmission_line"", ""voltage"": ""220kV""}"
node_2145,12.8148786,77.5108671,intermediate_path_node,"{""id"": ""line_192"", ""type"": ""transmission_line"", ""voltage"": ""220kV""}"
node_2146,12.8155837,77.5107338,intermediate_path_node,"{""id"": ""line_192"", ""type"": ""transmission_line"", ""voltage"": ""220kV""}"
node_2147,12.8167896,77.5108599,intermediate_path_node,"{""id"": ""line_192"", ""type"": ""transmission_line"", ""voltage"": ""220kV""}"
node_2148,12.8183495,77.5110425,intermediate_path_node,"{""id"": ""line_192"", ""type"": ""transmission_line"", ""voltage"": ""220kV""}"
node_2149,12.8216049,77.5113676,intermediate_path_node,"{""id"": ""line_192"", ""type"": ""transmission_line"", ""voltage"": ""220kV""}"
node_2150,12.8233928,77.5115631,intermediate_path_node,"{""id"": ""line_192"", ""type"": ""transmission_line"", ""voltage"": ""220kV""}"
node_2151,12.825685,77.5118136,intermediate_path_node,"{""id"": ""line_192"", ""type"": ""transmission_line"", ""voltage"": ""220kV""}"
node_2152,12.8270866,77.5119753,intermediate_path_node,"{""id"": ""line_192"", ""type"": ""transmission_line"", ""voltage"": ""220kV""}"
node_2153,12.8287741,77.5121743,intermediate_path_node,"{""id"": ""line_192"", ""type"": ""transmission_line"", ""voltage"": ""220kV""}"
node_2154,12.8303524,77.5125883,intermediate_path_node,"{""id"": ""line_192"", ""type"": ""transmission_line"", ""voltage"": ""220kV""}"
node_2155,12.8319011,77.5129761,intermediate_path_node,"{""id"": ""line_192"", ""type"": ""transmission_line"", ""voltage"": ""220kV""}"
node_2156,12.833574,77.5134164,intermediate_path_node,"{""id"": ""line_192"", ""type"": ""transmission_line"", ""voltage"": ""220kV""}"
node_2157,12.8352149,77.5138676,intermediate_path_node,"{""id"": ""line_192"", ""type"": ""transmission_line"", ""voltage"": ""220kV""}"
node_2158,12.8361516,77.5140933,intermediate_path_node,"{""id"": ""line_192"", ""type"": ""transmission_line"", ""voltage"": ""220kV""}"
node_2159,12.8378546,77.5145354,intermediate_path_node,"{""id"": ""line_192"", ""type"": ""transmission_line"", ""voltage"": ""220kV""}"
node_2160,12.8394748,77.5149517,intermediate_path_node,"{""id"": ""line_192"", ""type"": ""transmission_line"", ""voltage"": ""220kV""}"
node_2161,12.8407426,77.5152995,intermediate_path_node,"{""id"": ""line_192"", ""type"": ""transmission_line"", ""voltage"": ""220kV""}"
node_2162,12.842214,77.5157079,intermediate_path_node,"{""id"": ""line_192"", ""type"": ""transmission_line"", ""voltage"": ""220kV""}"
node_2163,12.844309,77.5167759,intermediate_path_node,"{""id"": ""line_192"", ""type"": ""transmission_line"", ""voltage"": ""220kV""}"
node_2164,12.846647,77.5179076,intermediate_path_node,"{""id"": ""line_192"", ""type"": ""transmission_line"", ""voltage"": ""220kV""}"
node_2165,12.8468498,77.5180053,intermediate_path_node,"{""id"": ""line_192"", ""type"": ""transmission_line"", ""voltage"": ""220kV""}"
node_2166,12.8476244,77.5183788,intermediate_path_node,"{""id"": ""line_192"", ""type"": ""transmission_line"", ""voltage"": ""220kV""}"
node_2167,12.8488768,77.5190033,intermediate_path_node,"{""id"": ""line_192"", ""type"": ""transmission_line"", ""voltage"": ""220kV""}"
node_2168,12.8506808,77.5198839,intermediate_path_node,"{""id"": ""line_192"", ""type"": ""transmission_line"", ""voltage"": ""220kV""}"
node_2169,12.8515961,77.5206572,intermediate_path_node,"{""id"": ""line_192"", ""type"": ""transmission_line"", ""voltage"": ""220kV""}"
node_2170,12.8528165,77.5217561,intermediate_path_node,"{""id"": ""line_192"", ""type"": ""transmission_line"", ""voltage"": ""220kV""}"
node_2171,12.85417,77.522957,intermediate_path_node,"{""id"": ""line_192"", ""type"": ""transmission_line"", ""voltage"": ""220kV""}"
node_2172,12.8553868,77.5240868,intermediate_path_node,"{""id"": ""line_192"", ""type"": ""transmission_line"", ""voltage"": ""220kV""}"
node_2173,12.8567225,77.525244,intermediate_path_node,"{""id"": ""line_192"", ""type"": ""transmission_line"", ""voltage"": ""220kV""}"
node_2174,12.8578347,77.5261137,intermediate_path_node,"{""id"": ""line_192"", ""type"": ""transmission_line"", ""voltage"": ""220kV""}"
node_2175,12.85875,77.5267869,intermediate_path_node,"{""id"": ""line_192"", ""type"": ""transmission_line"", ""voltage"": ""220kV""}"
node_2176,12.8594861,77.5273291,intermediate_path_node,"{""id"": ""line_192"", ""type"": ""transmission_line"", ""voltage"": ""220kV""}"
node_2177,12.86089,77.5283897,intermediate_path_node,"{""id"": ""line_192"", ""type"": ""transmission_line"", ""voltage"": ""220kV""}"
node_2178,12.862165,77.529353,intermediate_path_node,"{""id"": ""line_192"", ""type"": ""transmission_line"", ""voltage"": ""220kV""}"
node_2179,12.8624409,77.5294421,intermediate_path_node,"{""id"": ""line_192"", ""type"": ""transmission_line"", ""voltage"": ""220kV""}"
node_2180,12.815556,77.5109541,intermediate_path_node,"{""id"": ""line_193"", ""type"": ""transmission_line"", ""voltage"": ""220kV""}"
node_2181,12.8169646,77.5110838,intermediate_path_node,"{""id"": ""line_193"", ""type"": ""transmission_line"", ""voltage"": ""220kV""}"
node_2182,12.8183841,77.5112379,intermediate_path_node,"{""id"": ""line_193"", ""type"": ""transmission_line"", ""voltage"": ""220kV""}"
node_2183,12.8215784,77.5115685,intermediate_path_node,"{""id"": ""line_193"", ""type"": ""transmission_line"", ""voltage"": ""220kV""}"
node_2184,12.8238604,77.511816,intermediate_path_node,"{""id"": ""line_193"", ""type"": ""transmission_line"", ""voltage"": ""220kV""}"
node_2185,12.8254362,77.5119869,intermediate_path_node,"{""id"": ""line_193"", ""type"": ""transmission_line"", ""voltage"": ""220kV""}"
node_2186,12.8271231,77.5121691,intermediate_path_node,"{""id"": ""line_193"", ""type"": ""transmission_line"", ""voltage"": ""220kV""}"
node_2187,12.8287622,77.5123274,intermediate_path_node,"{""id"": ""line_193"", ""type"": ""transmission_line"", ""voltage"": ""220kV""}"
node_2188,12.8303818,77.5127784,intermediate_path_node,"{""id"": ""line_193"", ""type"": ""transmission_line"", ""voltage"": ""220kV""}"
node_2189,12.8319134,77.5131878,intermediate_path_node,"{""id"": ""line_193"", ""type"": ""transmission_line"", ""voltage"": ""220kV""}"
node_2190,12.833519,77.5136147,intermediate_path_node,"{""id"": ""line_193"", ""type"": ""transmission_line"", ""voltage"": ""220kV""}"
node_2191,12.8348086,77.5139679,intermediate_path_node,"{""id"": ""line_193"", ""type"": ""transmission_line"", ""voltage"": ""220kV""}"
node_2192,12.8361193,77.5143268,intermediate_path_node,"{""id"": ""line_193"", ""type"": ""transmission_line"", ""voltage"": ""220kV""}"
node_2193,12.8377375,77.5147547,intermediate_path_node,"{""id"": ""line_193"", ""type"": ""transmission_line"", ""voltage"": ""220kV""}"
node_2194,12.8378692,77.5147896,intermediate_path_node,"{""id"": ""line_193"", ""type"": ""transmission_line"", ""voltage"": ""220kV""}"
node_2195,12.8396755,77.5152759,intermediate_path_node,"{""id"": ""line_193"", ""type"": ""transmission_line"", ""voltage"": ""220kV""}"
node_2196,12.8409944,77.5156482,intermediate_path_node,"{""id"": ""line_193"", ""type"": ""transmission_line"", ""voltage"": ""220kV""}"
node_2197,12.842356,77.5160409,intermediate_path_node,"{""id"": ""line_193"", ""type"": ""transmission_line"", ""voltage"": ""220kV""}"
node_2198,12.8445893,77.5171362,intermediate_path_node,"{""id"": ""line_193"", ""type"": ""transmission_line"", ""voltage"": ""220kV""}"
node_2199,12.8458364,77.5177256,intermediate_path_node,"{""id"": ""line_193"", ""type"": ""transmission_line"", ""voltage"": ""220kV""}"
node_2200,12.8470422,77.5183237,intermediate_path_node,"{""id"": ""line_193"", ""type"": ""transmission_line"", ""voltage"": ""220kV""}"
node_2201,12.8475641,77.5185826,intermediate_path_node,"{""id"": ""line_193"", ""type"": ""transmission_line"", ""voltage"": ""220kV""}"
node_2202,12.8478082,77.5187075,intermediate_path_node,"{""id"": ""line_193"", ""type"": ""transmission_line"", ""voltage"": ""220kV""}"
node_2203,12.8490826,77.5193595,intermediate_path_node,"{""id"": ""line_193"", ""type"": ""transmission_line"", ""voltage"": ""220kV""}"
node_2204,12.8506892,77.5201141,intermediate_path_node,"{""id"": ""line_193"", ""type"": ""transmission_line"", ""voltage"": ""220kV""}"
node_2205,12.851479,77.5207864,intermediate_path_node,"{""id"": ""line_193"", ""type"": ""transmission_line"", ""voltage"": ""220kV""}"
node_2206,12.8527846,77.5220127,intermediate_path_node,"{""id"": ""line_193"", ""type"": ""transmission_line"", ""voltage"": ""220kV""}"
node_2207,12.8539905,77.5231014,intermediate_path_node,"{""id"": ""line_193"", ""type"": ""transmission_line"", ""voltage"": ""220kV""}"
node_2208,12.8551985,77.5242003,intermediate_path_node,"{""id"": ""line_193"", ""type"": ""transmission_line"", ""voltage"": ""220kV""}"
node_2209,12.8565803,77.5253993,intermediate_path_node,"{""id"": ""line_193"", ""type"": ""transmission_line"", ""voltage"": ""220kV""}"
node_2210,12.8573714,77.5260143,intermediate_path_node,"{""id"": ""line_193"", ""type"": ""transmission_line"", ""voltage"": ""220kV""}"
node_2211,12.8577546,77.5263109,intermediate_path_node,"{""id"": ""line_193"", ""type"": ""transmission_line"", ""voltage"": ""220kV""}"
node_2212,12.8586787,77.5269895,intermediate_path_node,"{""id"": ""line_193"", ""type"": ""transmission_line"", ""voltage"": ""220kV""}"
node_2213,12.8594787,77.5275845,intermediate_path_node,"{""id"": ""line_193"", ""type"": ""transmission_line"", ""voltage"": ""220kV""}"
node_2214,12.8608051,77.5285704,intermediate_path_node,"{""id"": ""line_193"", ""type"": ""transmission_line"", ""voltage"": ""220kV""}"
node_2215,12.8621075,77.5295385,intermediate_path_node,"{""id"": ""line_193"", ""type"": ""transmission_line"", ""voltage"": ""220kV""}"
node_2216,12.9896875,77.7041712,intermediate_path_node,"{""id"": ""line_194"", ""type"": ""transmission_line"", ""voltage"": ""220kV""}"
node_2217,12.9897534,77.7045154,intermediate_path_node,"{""id"": ""line_194"", ""type"": ""transmission_line"", ""voltage"": ""220kV""}"
node_2218,12.9898838,77.7051841,intermediate_path_node,"{""id"": ""line_194"", ""type"": ""transmission_line"", ""voltage"": ""220kV""}"
node_2219,12.9912365,77.7072692,intermediate_path_node,"{""id"": ""line_194"", ""type"": ""transmission_line"", ""voltage"": ""220kV""}"
node_2220,12.9921247,77.7086174,intermediate_path_node,"{""id"": ""line_194"", ""type"": ""transmission_line"", ""voltage"": ""220kV""}"
node_2221,12.9922376,77.709963,intermediate_path_node,"{""id"": ""line_194"", ""type"": ""transmission_line"", ""voltage"": ""220kV""}"
node_2222,12.9929432,77.7114258,intermediate_path_node,"{""id"": ""line_194"", ""type"": ""transmission_line"", ""voltage"": ""220kV""}"
node_2223,12.9935826,77.7119218,intermediate_path_node,"{""id"": ""line_194"", ""type"": ""transmission_line"", ""voltage"": ""220kV""}"
node_2224,12.8635124,77.5298671,intermediate_path_node,"{""id"": ""line_195"", ""type"": ""transmission_line"", ""voltage"": ""220kV""}"
node_2225,12.9880402,77.693502,intermediate_path_node,"{""id"": ""line_196"", ""type"": ""transmission_line"", ""voltage"": ""220kV""}"
node_2226,12.9868481,77.6935758,intermediate_path_node,"{""id"": ""line_196"", ""type"": ""transmission_line"", ""voltage"": ""220kV""}"
node_2227,12.9350438,77.5201071,intermediate_path_node,"{""id"": ""line_197"", ""type"": ""transmission_line"", ""voltage"": ""220kV""}"
node_2228,12.934753,77.5197651,intermediate_path_node,"{""id"": ""line_197"", ""type"": ""transmission_line"", ""voltage"": ""220kV""}"
node_2229,12.9342723,77.5183903,intermediate_path_node,"{""id"": ""line_197"", ""type"": ""transmission_line"", ""voltage"": ""220kV""}"
node_2230,12.8966844,77.5471942,intermediate_path_node,"{""id"": ""line_198"", ""type"": ""transmission_line"", ""voltage"": ""220kV""}"
node_2231,12.8935366,77.5467272,intermediate_path_node,"{""id"": ""line_198"", ""type"": ""transmission_line"", ""voltage"": ""220kV""}"
node_2232,12.8906984,77.5462933,intermediate_path_node,"{""id"": ""line_198"", ""type"": ""transmission_line"", ""voltage"": ""220kV""}"
node_2233,12.9895258,77.703938,intermediate_path_node,"{""id"": ""line_200"", ""type"": ""transmission_line"", ""voltage"": ""220kV""}"
node_2234,12.98971,77.7051695,intermediate_path_node,"{""id"": ""line_200"", ""type"": ""transmission_line"", ""voltage"": ""220kV""}"
node_2235,12.9906083,77.7065643,intermediate_path_node,"{""id"": ""line_200"", ""type"": ""transmission_line"", ""voltage"": ""220kV""}"
node_2236,12.9911514,77.7074074,intermediate_path_node,"{""id"": ""line_200"", ""type"": ""transmission_line"", ""voltage"": ""220kV""}"
node_2237,12.9918393,77.7084736,intermediate_path_node,"{""id"": ""line_200"", ""type"": ""transmission_line"", ""voltage"": ""220kV""}"
node_2238,12.9924846,77.7094743,intermediate_path_node,"{""id"": ""line_200"", ""type"": ""transmission_line"", ""voltage"": ""220kV""}"
node_2239,12.8851192,77.5464972,intermediate_path_node,"{""id"": ""line_201"", ""type"": ""transmission_line"", ""voltage"": ""220kV""}"
node_2240,12.8853367,77.5466576,intermediate_path_node,"{""id"": ""line_201"", ""type"": ""transmission_line"", ""voltage"": ""220kV""}"
node_2241,12.887935,77.546805,intermediate_path_node,"{""id"": ""line_201"", ""type"": ""transmission_line"", ""voltage"": ""220kV""}"
node_2242,12.8905972,77.5460117,intermediate_path_node,"{""id"": ""line_201"", ""type"": ""transmission_line"", ""voltage"": ""220kV""}"
node_2243,12.8936193,77.5462789,intermediate_path_node,"{""id"": ""line_201"", ""type"": ""transmission_line"", ""voltage"": ""220kV""}"
node_2244,12.8945344,77.5463663,intermediate_path_node,"{""id"": ""line_201"", ""type"": ""transmission_line"", ""voltage"": ""220kV""}"
node_2245,12.8745166,77.6575344,intermediate_path_node,"{""id"": ""line_202"", ""type"": ""transmission_line"", ""voltage"": ""220kV""}"
node_2246,12.8750434,77.6589973,intermediate_path_node,"{""id"": ""line_202"", ""type"": ""transmission_line"", ""voltage"": ""220kV""}"
node_2247,12.8754247,77.6589936,intermediate_path_node,"{""id"": ""line_202"", ""type"": ""transmission_line"", ""voltage"": ""220kV""}"
node_2248,12.8758167,77.6589954,intermediate_path_node,"{""id"": ""line_202"", ""type"": ""transmission_line"", ""voltage"": ""220kV""}"
node_2249,12.876159,77.6589845,intermediate_path_node,"{""id"": ""line_202"", ""type"": ""transmission_line"", ""voltage"": ""220kV""}"
node_2250,12.8779859,77.659776,intermediate_path_node,"{""id"": ""line_202"", ""type"": ""transmission_line"", ""voltage"": ""220kV""}"
node_2251,12.8797365,77.6601963,intermediate_path_node,"{""id"": ""line_202"", ""type"": ""transmission_line"", ""voltage"": ""220kV""}"
node_2252,12.8800932,77.6600547,intermediate_path_node,"{""id"": ""line_202"", ""type"": ""transmission_line"", ""voltage"": ""220kV""}"
node_2253,12.8969712,77.5474718,intermediate_path_node,"{""id"": ""line_203"", ""type"": ""transmission_line"", ""voltage"": ""220kV""}"
node_2254,12.8969996,77.5480702,intermediate_path_node,"{""id"": ""line_203"", ""type"": ""transmission_line"", ""voltage"": ""220kV""}"
node_2255,12.8970426,77.5489757,intermediate_path_node,"{""id"": ""line_203"", ""type"": ""transmission_line"", ""voltage"": ""220kV""}"
node_2256,12.897089,77.5500706,intermediate_path_node,"{""id"": ""line_203"", ""type"": ""transmission_line"", ""voltage"": ""220kV""}"
node_2257,12.8971467,77.5516466,intermediate_path_node,"{""id"": ""line_203"", ""type"": ""transmission_line"", ""voltage"": ""220kV""}"
node_2258,12.8971969,77.552789,intermediate_path_node,"{""id"": ""line_203"", ""type"": ""transmission_line"", ""voltage"": ""220kV""}"
node_2259,12.8974514,77.5536536,intermediate_path_node,"{""id"": ""line_203"", ""type"": ""transmission_line"", ""voltage"": ""220kV""}"
node_2260,12.8980579,77.5556149,intermediate_path_node,"{""id"": ""line_203"", ""type"": ""transmission_line"", ""voltage"": ""220kV""}"
node_2261,12.898386,77.5567266,intermediate_path_node,"{""id"": ""line_203"", ""type"": ""transmission_line"", ""voltage"": ""220kV""}"
node_2262,13.0727517,77.7898979,intermediate_path_node,"{""id"": ""line_204"", ""type"": ""transmission_line"", ""voltage"": ""220kV""}"
node_2263,13.0729021,77.7911597,intermediate_path_node,"{""id"": ""line_204"", ""type"": ""transmission_line"", ""voltage"": ""220kV""}"
node_2264,13.0723445,77.7928746,intermediate_path_node,"{""id"": ""line_204"", ""type"": ""transmission_line"", ""voltage"": ""220kV""}"
node_2265,13.0705956,77.7935036,intermediate_path_node,"{""id"": ""line_204"", ""type"": ""transmission_line"", ""voltage"": ""220kV""}"
node_2266,13.0703145,77.7936047,intermediate_path_node,"{""id"": ""line_204"", ""type"": ""transmission_line"", ""voltage"": ""220kV""}"
node_2267,13.0688649,77.7941631,intermediate_path_node,"{""id"": ""line_204"", ""type"": ""transmission_line"", ""voltage"": ""220kV""}"
node_2268,13.0674032,77.794748,intermediate_path_node,"{""id"": ""line_204"", ""type"": ""transmission_line"", ""voltage"": ""220kV""}"
node_2269,13.0661237,77.7943698,intermediate_path_node,"{""id"": ""line_204"", ""type"": ""transmission_line"", ""voltage"": ""220kV""}"
node_2270,13.0639907,77.7937386,intermediate_path_node,"{""id"": ""line_204"", ""type"": ""transmission_line"", ""voltage"": ""220kV""}"
node_2271,13.0621015,77.7931796,intermediate_path_node,"{""id"": ""line_204"", ""type"": ""transmission_line"", ""voltage"": ""220kV""}"
node_2272,13.0602583,77.7926593,intermediate_path_node,"{""id"": ""line_204"", ""type"": ""transmission_line"", ""voltage"": ""220kV""}"
node_2273,13.0592633,77.7913533,intermediate_path_node,"{""id"": ""line_204"", ""type"": ""transmission_line"", ""voltage"": ""220kV""}"
node_2274,13.0583006,77.7901158,intermediate_path_node,"{""id"": ""line_204"", ""type"": ""transmission_line"", ""voltage"": ""220kV""}"
node_2275,13.0573207,77.7888363,intermediate_path_node,"{""id"": ""line_204"", ""type"": ""transmission_line"", ""voltage"": ""220kV""}"
node_2276,13.0562634,77.7874554,intermediate_path_node,"{""id"": ""line_204"", ""type"": ""transmission_line"", ""voltage"": ""220kV""}"
node_2277,13.0549096,77.7861207,intermediate_path_node,"{""id"": ""line_204"", ""type"": ""transmission_line"", ""voltage"": ""220kV""}"
node_2278,13.0535922,77.784828,intermediate_path_node,"{""id"": ""line_204"", ""type"": ""transmission_line"", ""voltage"": ""220kV""}"
node_2279,13.052305,77.7835485,intermediate_path_node,"{""id"": ""line_204"", ""type"": ""transmission_line"", ""voltage"": ""220kV""}"
node_2280,13.050979,77.7822183,intermediate_path_node,"{""id"": ""line_204"", ""type"": ""transmission_line"", ""voltage"": ""220kV""}"
node_2281,13.0497348,77.7809874,intermediate_path_node,"{""id"": ""line_204"", ""type"": ""transmission_line"", ""voltage"": ""220kV""}"
node_2282,13.0485421,77.7797983,intermediate_path_node,"{""id"": ""line_204"", ""type"": ""transmission_line"", ""voltage"": ""220kV""}"
node_2283,13.0471301,77.778413,intermediate_path_node,"{""id"": ""line_204"", ""type"": ""transmission_line"", ""voltage"": ""220kV""}"
node_2284,13.0460535,77.777332,intermediate_path_node,"{""id"": ""line_204"", ""type"": ""transmission_line"", ""voltage"": ""220kV""}"
node_2285,13.0448629,77.7761364,intermediate_path_node,"{""id"": ""line_204"", ""type"": ""transmission_line"", ""voltage"": ""220kV""}"
node_2286,13.0437346,77.775029,intermediate_path_node,"{""id"": ""line_204"", ""type"": ""transmission_line"", ""voltage"": ""220kV""}"
node_2287,13.042645,77.7739458,intermediate_path_node,"{""id"": ""line_204"", ""type"": ""transmission_line"", ""voltage"": ""220kV""}"
node_2288,13.0414931,77.7727965,intermediate_path_node,"{""id"": ""line_204"", ""type"": ""transmission_line"", ""voltage"": ""220kV""}"
node_2289,13.0401736,77.7715016,intermediate_path_node,"{""id"": ""line_204"", ""type"": ""transmission_line"", ""voltage"": ""220kV""}"
node_2290,13.0394586,77.7703733,intermediate_path_node,"{""id"": ""line_204"", ""type"": ""transmission_line"", ""voltage"": ""220kV""}"
node_2291,13.0378842,77.7679024,intermediate_path_node,"{""id"": ""line_204"", ""type"": ""transmission_line"", ""voltage"": ""220kV""}"
node_2292,13.0369815,77.7664985,intermediate_path_node,"{""id"": ""line_204"", ""type"": ""transmission_line"", ""voltage"": ""220kV""}"
node_2293,13.0359694,77.7648903,intermediate_path_node,"{""id"": ""line_204"", ""type"": ""transmission_line"", ""voltage"": ""220kV""}"
node_2294,13.0349695,77.7633335,intermediate_path_node,"{""id"": ""line_204"", ""type"": ""transmission_line"", ""voltage"": ""220kV""}"
node_2295,13.0340881,77.7619094,intermediate_path_node,"{""id"": ""line_204"", ""type"": ""transmission_line"", ""voltage"": ""220kV""}"
node_2296,13.0330313,77.7602789,intermediate_path_node,"{""id"": ""line_204"", ""type"": ""transmission_line"", ""voltage"": ""220kV""}"
node_2297,13.0320419,77.7587471,intermediate_path_node,"{""id"": ""line_204"", ""type"": ""transmission_line"", ""voltage"": ""220kV""}"
node_2298,13.0314022,77.7577254,intermediate_path_node,"{""id"": ""line_204"", ""type"": ""transmission_line"", ""voltage"": ""220kV""}"
node_2299,13.0305055,77.7563621,intermediate_path_node,"{""id"": ""line_204"", ""type"": ""transmission_line"", ""voltage"": ""220kV""}"
node_2300,13.0293186,77.7545011,intermediate_path_node,"{""id"": ""line_204"", ""type"": ""transmission_line"", ""voltage"": ""220kV""}"
node_2301,13.0283323,77.7529397,intermediate_path_node,"{""id"": ""line_204"", ""type"": ""transmission_line"", ""voltage"": ""220kV""}"
node_2302,13.0273643,77.7514079,intermediate_path_node,"{""id"": ""line_204"", ""type"": ""transmission_line"", ""voltage"": ""220kV""}"
node_2303,13.0263704,77.7498699,intermediate_path_node,"{""id"": ""line_204"", ""type"": ""transmission_line"", ""voltage"": ""220kV""}"
node_2304,13.0253142,77.7481587,intermediate_path_node,"{""id"": ""line_204"", ""type"": ""transmission_line"", ""voltage"": ""220kV""}"
node_2305,13.0243917,77.7467423,intermediate_path_node,"{""id"": ""line_204"", ""type"": ""transmission_line"", ""voltage"": ""220kV""}"
node_2306,13.0234008,77.7451747,intermediate_path_node,"{""id"": ""line_204"", ""type"": ""transmission_line"", ""voltage"": ""220kV""}"
node_2307,13.0223826,77.7435867,intermediate_path_node,"{""id"": ""line_204"", ""type"": ""transmission_line"", ""voltage"": ""220kV""}"
node_2308,13.0213506,77.7419707,intermediate_path_node,"{""id"": ""line_204"", ""type"": ""transmission_line"", ""voltage"": ""220kV""}"
node_2309,13.0203932,77.740481,intermediate_path_node,"{""id"": ""line_204"", ""type"": ""transmission_line"", ""voltage"": ""220kV""}"
node_2310,13.0193035,77.7387589,intermediate_path_node,"{""id"": ""line_204"", ""type"": ""transmission_line"", ""voltage"": ""220kV""}"
node_2311,13.0183035,77.7372006,intermediate_path_node,"{""id"": ""line_204"", ""type"": ""transmission_line"", ""voltage"": ""220kV""}"
node_2312,13.0172579,77.7355705,intermediate_path_node,"{""id"": ""line_204"", ""type"": ""transmission_line"", ""voltage"": ""220kV""}"
node_2313,13.0164463,77.7342852,intermediate_path_node,"{""id"": ""line_204"", ""type"": ""transmission_line"", ""voltage"": ""220kV""}"
node_2314,13.0160657,77.7336584,intermediate_path_node,"{""id"": ""line_204"", ""type"": ""transmission_line"", ""voltage"": ""220kV""}"
node_2315,13.0155742,77.7329145,intermediate_path_node,"{""id"": ""line_204"", ""type"": ""transmission_line"", ""voltage"": ""220kV""}"
node_2316,13.0147742,77.7316665,intermediate_path_node,"{""id"": ""line_204"", ""type"": ""transmission_line"", ""voltage"": ""220kV""}"
node_2317,13.0135272,77.7297213,intermediate_path_node,"{""id"": ""line_204"", ""type"": ""transmission_line"", ""voltage"": ""220kV""}"
node_2318,13.0128104,77.7285845,intermediate_path_node,"{""id"": ""line_204"", ""type"": ""transmission_line"", ""voltage"": ""220kV""}"
node_2319,13.0125062,77.7281021,intermediate_path_node,"{""id"": ""line_204"", ""type"": ""transmission_line"", ""voltage"": ""220kV""}"
node_2320,13.0118034,77.7270167,intermediate_path_node,"{""id"": ""line_204"", ""type"": ""transmission_line"", ""voltage"": ""220kV""}"
node_2321,13.0111715,77.7256446,intermediate_path_node,"{""id"": ""line_204"", ""type"": ""transmission_line"", ""voltage"": ""220kV""}"
node_2322,13.010378,77.7239132,intermediate_path_node,"{""id"": ""line_204"", ""type"": ""transmission_line"", ""voltage"": ""220kV""}"
node_2323,13.0097848,77.7226204,intermediate_path_node,"{""id"": ""line_204"", ""type"": ""transmission_line"", ""voltage"": ""220kV""}"
node_2324,13.0089917,77.7209351,intermediate_path_node,"{""id"": ""line_204"", ""type"": ""transmission_line"", ""voltage"": ""220kV""}"
node_2325,13.0087144,77.7202909,intermediate_path_node,"{""id"": ""line_204"", ""type"": ""transmission_line"", ""voltage"": ""220kV""}"
node_2326,13.0085704,77.7199468,intermediate_path_node,"{""id"": ""line_204"", ""type"": ""transmission_line"", ""voltage"": ""220kV""}"
node_2327,13.0083461,77.7194936,intermediate_path_node,"{""id"": ""line_204"", ""type"": ""transmission_line"", ""voltage"": ""220kV""}"
node_2328,13.0082953,77.7193909,intermediate_path_node,"{""id"": ""line_204"", ""type"": ""transmission_line"", ""voltage"": ""220kV""}"
node_2329,13.0075222,77.7177106,intermediate_path_node,"{""id"": ""line_204"", ""type"": ""transmission_line"", ""voltage"": ""220kV""}"
node_2330,13.0405508,77.728789,intermediate_path_node,"{""id"": ""line_205"", ""type"": ""transmission_line"", ""voltage"": ""220kV""}"
node_2331,13.0405809,77.726208,intermediate_path_node,"{""id"": ""line_205"", ""type"": ""transmission_line"", ""voltage"": ""220kV""}"
node_2332,13.0406072,77.7235167,intermediate_path_node,"{""id"": ""line_205"", ""type"": ""transmission_line"", ""voltage"": ""220kV""}"
node_2333,13.0406459,77.7206776,intermediate_path_node,"{""id"": ""line_205"", ""type"": ""transmission_line"", ""voltage"": ""220kV""}"
node_2334,13.0406524,77.7180635,intermediate_path_node,"{""id"": ""line_205"", ""type"": ""transmission_line"", ""voltage"": ""220kV""}"
node_2335,13.0406868,77.7152994,intermediate_path_node,"{""id"": ""line_205"", ""type"": ""transmission_line"", ""voltage"": ""220kV""}"
node_2336,13.0407104,77.7132191,intermediate_path_node,"{""id"": ""line_205"", ""type"": ""transmission_line"", ""voltage"": ""220kV""}"
node_2337,13.040532,77.7113749,intermediate_path_node,"{""id"": ""line_205"", ""type"": ""transmission_line"", ""voltage"": ""220kV""}"
node_2338,13.0403128,77.7091535,intermediate_path_node,"{""id"": ""line_205"", ""type"": ""transmission_line"", ""voltage"": ""220kV""}"
node_2339,13.0401043,77.7068548,intermediate_path_node,"{""id"": ""line_205"", ""type"": ""transmission_line"", ""voltage"": ""220kV""}"
node_2340,13.0398615,77.7041944,intermediate_path_node,"{""id"": ""line_205"", ""type"": ""transmission_line"", ""voltage"": ""220kV""}"
node_2341,13.0396246,77.7017533,intermediate_path_node,"{""id"": ""line_205"", ""type"": ""transmission_line"", ""voltage"": ""220kV""}"
node_2342,13.0393849,77.6992888,intermediate_path_node,"{""id"": ""line_205"", ""type"": ""transmission_line"", ""voltage"": ""220kV""}"
node_2343,13.0393796,77.6977759,intermediate_path_node,"{""id"": ""line_205"", ""type"": ""transmission_line"", ""voltage"": ""220kV""}"
node_2344,13.0393699,77.6957592,intermediate_path_node,"{""id"": ""line_205"", ""type"": ""transmission_line"", ""voltage"": ""220kV""}"
node_2345,13.0393613,77.6937452,intermediate_path_node,"{""id"": ""line_205"", ""type"": ""transmission_line"", ""voltage"": ""220kV""}"
node_2346,13.0393684,77.6932672,intermediate_path_node,"{""id"": ""line_205"", ""type"": ""transmission_line"", ""voltage"": ""220kV""}"
node_2347,13.0393742,77.6913583,intermediate_path_node,"{""id"": ""line_205"", ""type"": ""transmission_line"", ""voltage"": ""220kV""}"
node_2348,13.0393657,77.6887244,intermediate_path_node,"{""id"": ""line_205"", ""type"": ""transmission_line"", ""voltage"": ""220kV""}"
node_2349,13.039357,77.6860418,intermediate_path_node,"{""id"": ""line_205"", ""type"": ""transmission_line"", ""voltage"": ""220kV""}"
node_2350,13.0393398,77.6841932,intermediate_path_node,"{""id"": ""line_205"", ""type"": ""transmission_line"", ""voltage"": ""220kV""}"
node_2351,13.0393391,77.6836389,intermediate_path_node,"{""id"": ""line_205"", ""type"": ""transmission_line"", ""voltage"": ""220kV""}"
node_2352,13.0393348,77.6818365,intermediate_path_node,"{""id"": ""line_205"", ""type"": ""transmission_line"", ""voltage"": ""220kV""}"
node_2353,13.0393296,77.6793774,intermediate_path_node,"{""id"": ""line_205"", ""type"": ""transmission_line"", ""voltage"": ""220kV""}"
node_2354,13.0393545,77.6770268,intermediate_path_node,"{""id"": ""line_205"", ""type"": ""transmission_line"", ""voltage"": ""220kV""}"
node_2355,13.0393657,77.6750919,intermediate_path_node,"{""id"": ""line_205"", ""type"": ""transmission_line"", ""voltage"": ""220kV""}"
node_2356,13.0393856,77.6716495,intermediate_path_node,"{""id"": ""line_205"", ""type"": ""transmission_line"", ""voltage"": ""220kV""}"
node_2357,13.0394002,77.6691181,intermediate_path_node,"{""id"": ""line_205"", ""type"": ""transmission_line"", ""voltage"": ""220kV""}"
node_2358,13.0398719,77.6669417,intermediate_path_node,"{""id"": ""line_205"", ""type"": ""transmission_line"", ""voltage"": ""220kV""}"
node_2359,13.0399508,77.6665776,intermediate_path_node,"{""id"": ""line_205"", ""type"": ""transmission_line"", ""voltage"": ""220kV""}"
node_2360,13.0405249,77.6640509,intermediate_path_node,"{""id"": ""line_205"", ""type"": ""transmission_line"", ""voltage"": ""220kV""}"
node_2361,13.040956,77.6620026,intermediate_path_node,"{""id"": ""line_205"", ""type"": ""transmission_line"", ""voltage"": ""220kV""}"
node_2362,13.0409635,77.6619626,intermediate_path_node,"{""id"": ""line_205"", ""type"": ""transmission_line"", ""voltage"": ""220kV""}"
node_2363,13.0414605,77.65962,intermediate_path_node,"{""id"": ""line_205"", ""type"": ""transmission_line"", ""voltage"": ""220kV""}"
node_2364,13.0420607,77.6568663,intermediate_path_node,"{""id"": ""line_205"", ""type"": ""transmission_line"", ""voltage"": ""220kV""}"
node_2365,13.0426127,77.6543335,intermediate_path_node,"{""id"": ""line_205"", ""type"": ""transmission_line"", ""voltage"": ""220kV""}"
node_2366,13.043097,77.6529409,intermediate_path_node,"{""id"": ""line_205"", ""type"": ""transmission_line"", ""voltage"": ""220kV""}"
node_2367,13.0433001,77.652357,intermediate_path_node,"{""id"": ""line_205"", ""type"": ""transmission_line"", ""voltage"": ""220kV""}"
node_2368,13.0438801,77.6506896,intermediate_path_node,"{""id"": ""line_205"", ""type"": ""transmission_line"", ""voltage"": ""220kV""}"
node_2369,13.0446761,77.6484367,intermediate_path_node,"{""id"": ""line_205"", ""type"": ""transmission_line"", ""voltage"": ""220kV""}"
node_2370,13.0455008,77.6460796,intermediate_path_node,"{""id"": ""line_205"", ""type"": ""transmission_line"", ""voltage"": ""220kV""}"
node_2371,13.0461868,77.6441191,intermediate_path_node,"{""id"": ""line_205"", ""type"": ""transmission_line"", ""voltage"": ""220kV""}"
node_2372,13.0467497,77.6425103,intermediate_path_node,"{""id"": ""line_205"", ""type"": ""transmission_line"", ""voltage"": ""220kV""}"
node_2373,13.04684,77.6417902,intermediate_path_node,"{""id"": ""line_205"", ""type"": ""transmission_line"", ""voltage"": ""220kV""}"
node_2374,13.0472785,77.6405366,intermediate_path_node,"{""id"": ""line_205"", ""type"": ""transmission_line"", ""voltage"": ""220kV""}"
node_2375,13.0474727,77.6394834,intermediate_path_node,"{""id"": ""line_205"", ""type"": ""transmission_line"", ""voltage"": ""220kV""}"
node_2376,13.0478518,77.6374277,intermediate_path_node,"{""id"": ""line_205"", ""type"": ""transmission_line"", ""voltage"": ""220kV""}"
node_2377,13.0482208,77.6353858,intermediate_path_node,"{""id"": ""line_205"", ""type"": ""transmission_line"", ""voltage"": ""220kV""}"
node_2378,13.0486759,77.6329724,intermediate_path_node,"{""id"": ""line_205"", ""type"": ""transmission_line"", ""voltage"": ""220kV""}"
node_2379,13.0490941,77.6306094,intermediate_path_node,"{""id"": ""line_205"", ""type"": ""transmission_line"", ""voltage"": ""220kV""}"
node_2380,13.0496318,77.6282249,intermediate_path_node,"{""id"": ""line_205"", ""type"": ""transmission_line"", ""voltage"": ""220kV""}"
node_2381,13.0501835,77.625687,intermediate_path_node,"{""id"": ""line_205"", ""type"": ""transmission_line"", ""voltage"": ""220kV""}"
node_2382,13.0508668,77.625129,intermediate_path_node,"{""id"": ""line_205"", ""type"": ""transmission_line"", ""voltage"": ""220kV""}"
node_2383,13.051096,77.6241167,intermediate_path_node,"{""id"": ""line_205"", ""type"": ""transmission_line"", ""voltage"": ""220kV""}"
node_2384,13.0510083,77.6229759,intermediate_path_node,"{""id"": ""line_205"", ""type"": ""transmission_line"", ""voltage"": ""220kV""}"
node_2385,13.0221837,77.5031531,intermediate_path_node,"{""id"": ""line_206"", ""type"": ""transmission_line"", ""voltage"": ""220kV""}"
node_2386,13.0249132,77.5021072,intermediate_path_node,"{""id"": ""line_206"", ""type"": ""transmission_line"", ""voltage"": ""220kV""}"
node_2387,13.0065585,77.7144193,intermediate_path_node,"{""id"": ""line_207"", ""type"": ""transmission_line"", ""voltage"": ""220kV""}"
node_2388,13.0057888,77.7129859,intermediate_path_node,"{""id"": ""line_207"", ""type"": ""transmission_line"", ""voltage"": ""220kV""}"
node_2389,13.0048236,77.7113405,intermediate_path_node,"{""id"": ""line_207"", ""type"": ""transmission_line"", ""voltage"": ""220kV""}"
node_2390,13.0853275,77.3976435,intermediate_path_node,"{""id"": ""line_208"", ""type"": ""transmission_line"", ""voltage"": ""220kV""}"
node_2391,13.0853988,77.3980735,intermediate_path_node,"{""id"": ""line_208"", ""type"": ""transmission_line"", ""voltage"": ""220kV""}"
node_2392,13.0854816,77.3984586,intermediate_path_node,"{""id"": ""line_208"", ""type"": ""transmission_line"", ""voltage"": ""220kV""}"
node_2393,13.0851798,77.3992093,intermediate_path_node,"{""id"": ""line_208"", ""type"": ""transmission_line"", ""voltage"": ""220kV""}"
node_2394,13.0830658,77.4013145,intermediate_path_node,"{""id"": ""line_208"", ""type"": ""transmission_line"", ""voltage"": ""220kV""}"
node_2395,13.0829338,77.4014884,intermediate_path_node,"{""id"": ""line_208"", ""type"": ""transmission_line"", ""voltage"": ""220kV""}"
node_2396,13.0814293,77.4033672,intermediate_path_node,"{""id"": ""line_208"", ""type"": ""transmission_line"", ""voltage"": ""220kV""}"
node_2397,13.079882,77.4054453,intermediate_path_node,"{""id"": ""line_208"", ""type"": ""transmission_line"", ""voltage"": ""220kV""}"
node_2398,13.0780118,77.4078126,intermediate_path_node,"{""id"": ""line_208"", ""type"": ""transmission_line"", ""voltage"": ""220kV""}"
node_2399,13.0763725,77.4098637,intermediate_path_node,"{""id"": ""line_208"", ""type"": ""transmission_line"", ""voltage"": ""220kV""}"
node_2400,13.0744429,77.412301,intermediate_path_node,"{""id"": ""line_208"", ""type"": ""transmission_line"", ""voltage"": ""220kV""}"
node_2401,13.0730318,77.4140895,intermediate_path_node,"{""id"": ""line_208"", ""type"": ""transmission_line"", ""voltage"": ""220kV""}"
node_2402,13.0712825,77.4163145,intermediate_path_node,"{""id"": ""line_208"", ""type"": ""transmission_line"", ""voltage"": ""220kV""}"
node_2403,13.0698413,77.4186276,intermediate_path_node,"{""id"": ""line_208"", ""type"": ""transmission_line"", ""voltage"": ""220kV""}"
node_2404,13.0684814,77.4208843,intermediate_path_node,"{""id"": ""line_208"", ""type"": ""transmission_line"", ""voltage"": ""220kV""}"
node_2405,13.0667783,77.4236717,intermediate_path_node,"{""id"": ""line_208"", ""type"": ""transmission_line"", ""voltage"": ""220kV""}"
node_2406,13.065117,77.4263869,intermediate_path_node,"{""id"": ""line_208"", ""type"": ""transmission_line"", ""voltage"": ""220kV""}"
node_2407,13.0638562,77.4284516,intermediate_path_node,"{""id"": ""line_208"", ""type"": ""transmission_line"", ""voltage"": ""220kV""}"
node_2408,13.0624259,77.4308076,intermediate_path_node,"{""id"": ""line_208"", ""type"": ""transmission_line"", ""voltage"": ""220kV""}"
node_2409,13.0606831,77.4336493,intermediate_path_node,"{""id"": ""line_208"", ""type"": ""transmission_line"", ""voltage"": ""220kV""}"
node_2410,13.0592264,77.4360211,intermediate_path_node,"{""id"": ""line_208"", ""type"": ""transmission_line"", ""voltage"": ""220kV""}"
node_2411,13.058025,77.4379547,intermediate_path_node,"{""id"": ""line_208"", ""type"": ""transmission_line"", ""voltage"": ""220kV""}"
node_2412,13.0567267,77.440112,intermediate_path_node,"{""id"": ""line_208"", ""type"": ""transmission_line"", ""voltage"": ""220kV""}"
node_2413,13.0549135,77.4430779,intermediate_path_node,"{""id"": ""line_208"", ""type"": ""transmission_line"", ""voltage"": ""220kV""}"
node_2414,13.0529397,77.4462981,intermediate_path_node,"{""id"": ""line_208"", ""type"": ""transmission_line"", ""voltage"": ""220kV""}"
node_2415,13.0513371,77.4489331,intermediate_path_node,"{""id"": ""line_208"", ""type"": ""transmission_line"", ""voltage"": ""220kV""}"
node_2416,13.0496125,77.4517488,intermediate_path_node,"{""id"": ""line_208"", ""type"": ""transmission_line"", ""voltage"": ""220kV""}"
node_2417,13.0484252,77.4536902,intermediate_path_node,"{""id"": ""line_208"", ""type"": ""transmission_line"", ""voltage"": ""220kV""}"
node_2418,13.0470854,77.4558796,intermediate_path_node,"{""id"": ""line_208"", ""type"": ""transmission_line"", ""voltage"": ""220kV""}"
node_2419,13.0456587,77.4581991,intermediate_path_node,"{""id"": ""line_208"", ""type"": ""transmission_line"", ""voltage"": ""220kV""}"
node_2420,13.0440631,77.4607956,intermediate_path_node,"{""id"": ""line_208"", ""type"": ""transmission_line"", ""voltage"": ""220kV""}"
node_2421,13.0426857,77.4630284,intermediate_path_node,"{""id"": ""line_208"", ""type"": ""transmission_line"", ""voltage"": ""220kV""}"
node_2422,13.0413858,77.4652058,intermediate_path_node,"{""id"": ""line_208"", ""type"": ""transmission_line"", ""voltage"": ""220kV""}"
node_2423,13.0398418,77.467694,intermediate_path_node,"{""id"": ""line_208"", ""type"": ""transmission_line"", ""voltage"": ""220kV""}"
node_2424,13.038516,77.4698714,intermediate_path_node,"{""id"": ""line_208"", ""type"": ""transmission_line"", ""voltage"": ""220kV""}"
node_2425,13.036796,77.4726943,intermediate_path_node,"{""id"": ""line_208"", ""type"": ""transmission_line"", ""voltage"": ""220kV""}"
node_2426,13.0351745,77.4753558,intermediate_path_node,"{""id"": ""line_208"", ""type"": ""transmission_line"", ""voltage"": ""220kV""}"
node_2427,13.0340059,77.4772659,intermediate_path_node,"{""id"": ""line_208"", ""type"": ""transmission_line"", ""voltage"": ""220kV""}"
node_2428,13.0324618,77.4797805,intermediate_path_node,"{""id"": ""line_208"", ""type"": ""transmission_line"", ""voltage"": ""220kV""}"
node_2429,13.0306714,77.4826877,intermediate_path_node,"{""id"": ""line_208"", ""type"": ""transmission_line"", ""voltage"": ""220kV""}"
node_2430,13.02943,77.484723,intermediate_path_node,"{""id"": ""line_208"", ""type"": ""transmission_line"", ""voltage"": ""220kV""}"
node_2431,13.0276583,77.4876327,intermediate_path_node,"{""id"": ""line_208"", ""type"": ""transmission_line"", ""voltage"": ""220kV""}"
node_2432,13.02648,77.4895488,intermediate_path_node,"{""id"": ""line_208"", ""type"": ""transmission_line"", ""voltage"": ""220kV""}"
node_2433,13.0258277,77.490873,intermediate_path_node,"{""id"": ""line_208"", ""type"": ""transmission_line"", ""voltage"": ""220kV""}"
node_2434,13.0251426,77.4922636,intermediate_path_node,"{""id"": ""line_208"", ""type"": ""transmission_line"", ""voltage"": ""220kV""}"
node_2435,13.0250366,77.4924788,intermediate_path_node,"{""id"": ""line_208"", ""type"": ""transmission_line"", ""voltage"": ""220kV""}"
node_2436,13.0239124,77.4947618,intermediate_path_node,"{""id"": ""line_208"", ""type"": ""transmission_line"", ""voltage"": ""220kV""}"
node_2437,13.0225612,77.4975251,intermediate_path_node,"{""id"": ""line_208"", ""type"": ""transmission_line"", ""voltage"": ""220kV""}"
node_2438,13.021861,77.4989711,intermediate_path_node,"{""id"": ""line_208"", ""type"": ""transmission_line"", ""voltage"": ""220kV""}"
node_2439,13.0213253,77.5000813,intermediate_path_node,"{""id"": ""line_208"", ""type"": ""transmission_line"", ""voltage"": ""220kV""}"
node_2440,13.0200724,77.5026254,intermediate_path_node,"{""id"": ""line_208"", ""type"": ""transmission_line"", ""voltage"": ""220kV""}"
node_2441,13.0200537,77.5035163,intermediate_path_node,"{""id"": ""line_208"", ""type"": ""transmission_line"", ""voltage"": ""220kV""}"
node_2442,13.0208156,77.5039603,intermediate_path_node,"{""id"": ""line_208"", ""type"": ""transmission_line"", ""voltage"": ""220kV""}"
node_2443,13.0221265,77.5065413,intermediate_path_node,"{""id"": ""line_208"", ""type"": ""transmission_line"", ""voltage"": ""220kV""}"
node_2444,13.0236595,77.50946,intermediate_path_node,"{""id"": ""line_208"", ""type"": ""transmission_line"", ""voltage"": ""220kV""}"
node_2445,13.0249243,77.5119155,intermediate_path_node,"{""id"": ""line_208"", ""type"": ""transmission_line"", ""voltage"": ""220kV""}"
node_2446,13.0259704,77.5145553,intermediate_path_node,"{""id"": ""line_208"", ""type"": ""transmission_line"", ""voltage"": ""220kV""}"
node_2447,13.0269039,77.5168774,intermediate_path_node,"{""id"": ""line_208"", ""type"": ""transmission_line"", ""voltage"": ""220kV""}"
node_2448,13.0278308,77.5192107,intermediate_path_node,"{""id"": ""line_208"", ""type"": ""transmission_line"", ""voltage"": ""220kV""}"
node_2449,13.0289043,77.5219326,intermediate_path_node,"{""id"": ""line_208"", ""type"": ""transmission_line"", ""voltage"": ""220kV""}"
node_2450,13.0292607,77.5238526,intermediate_path_node,"{""id"": ""line_208"", ""type"": ""transmission_line"", ""voltage"": ""220kV""}"
node_2451,13.0292712,77.523909,intermediate_path_node,"{""id"": ""line_208"", ""type"": ""transmission_line"", ""voltage"": ""220kV""}"
node_2452,13.0290557,77.5246067,intermediate_path_node,"{""id"": ""line_208"", ""type"": ""transmission_line"", ""voltage"": ""220kV""}"
node_2453,13.0219128,77.503129,intermediate_path_node,"{""id"": ""line_209"", ""type"": ""transmission_line"", ""voltage"": ""220kV""}"
node_2454,13.0234113,77.5006533,intermediate_path_node,"{""id"": ""line_209"", ""type"": ""transmission_line"", ""voltage"": ""220kV""}"
node_2455,13.025277,77.4975456,intermediate_path_node,"{""id"": ""line_209"", ""type"": ""transmission_line"", ""voltage"": ""220kV""}"
node_2456,13.0267834,77.4950372,intermediate_path_node,"{""id"": ""line_209"", ""type"": ""transmission_line"", ""voltage"": ""220kV""}"
node_2457,13.0282688,77.4925298,intermediate_path_node,"{""id"": ""line_209"", ""type"": ""transmission_line"", ""voltage"": ""220kV""}"
node_2458,13.029989,77.4896597,intermediate_path_node,"{""id"": ""line_209"", ""type"": ""transmission_line"", ""voltage"": ""220kV""}"
node_2459,13.0310661,77.4878171,intermediate_path_node,"{""id"": ""line_209"", ""type"": ""transmission_line"", ""voltage"": ""220kV""}"
node_2460,13.0324788,77.4854566,intermediate_path_node,"{""id"": ""line_209"", ""type"": ""transmission_line"", ""voltage"": ""220kV""}"
node_2461,13.0329811,77.4846176,intermediate_path_node,"{""id"": ""line_209"", ""type"": ""transmission_line"", ""voltage"": ""220kV""}"
node_2462,13.0340205,77.4828818,intermediate_path_node,"{""id"": ""line_209"", ""type"": ""transmission_line"", ""voltage"": ""220kV""}"
node_2463,13.0354754,77.4804033,intermediate_path_node,"{""id"": ""line_209"", ""type"": ""transmission_line"", ""voltage"": ""220kV""}"
node_2464,13.0355124,77.4803398,intermediate_path_node,"{""id"": ""line_209"", ""type"": ""transmission_line"", ""voltage"": ""220kV""}"
node_2465,13.0368082,77.4781199,intermediate_path_node,"{""id"": ""line_209"", ""type"": ""transmission_line"", ""voltage"": ""220kV""}"
node_2466,13.0383311,77.4754247,intermediate_path_node,"{""id"": ""line_209"", ""type"": ""transmission_line"", ""voltage"": ""220kV""}"
node_2467,13.0396194,77.4731726,intermediate_path_node,"{""id"": ""line_209"", ""type"": ""transmission_line"", ""voltage"": ""220kV""}"
node_2468,13.0409569,77.4708218,intermediate_path_node,"{""id"": ""line_209"", ""type"": ""transmission_line"", ""voltage"": ""220kV""}"
node_2469,13.0423202,77.4684444,intermediate_path_node,"{""id"": ""line_209"", ""type"": ""transmission_line"", ""voltage"": ""220kV""}"
node_2470,13.0436296,77.4661394,intermediate_path_node,"{""id"": ""line_209"", ""type"": ""transmission_line"", ""voltage"": ""220kV""}"
node_2471,13.0452345,77.4633357,intermediate_path_node,"{""id"": ""line_209"", ""type"": ""transmission_line"", ""voltage"": ""220kV""}"
node_2472,13.04645,77.4611728,intermediate_path_node,"{""id"": ""line_209"", ""type"": ""transmission_line"", ""voltage"": ""220kV""}"
node_2473,13.0477969,77.458834,intermediate_path_node,"{""id"": ""line_209"", ""type"": ""transmission_line"", ""voltage"": ""220kV""}"
node_2474,13.0492188,77.4563675,intermediate_path_node,"{""id"": ""line_209"", ""type"": ""transmission_line"", ""voltage"": ""220kV""}"
node_2475,13.0504718,77.454142,intermediate_path_node,"{""id"": ""line_209"", ""type"": ""transmission_line"", ""voltage"": ""220kV""}"
node_2476,13.0517248,77.4519573,intermediate_path_node,"{""id"": ""line_209"", ""type"": ""transmission_line"", ""voltage"": ""220kV""}"
node_2477,13.0530857,77.4496017,intermediate_path_node,"{""id"": ""line_209"", ""type"": ""transmission_line"", ""voltage"": ""220kV""}"
node_2478,13.0544212,77.4472597,intermediate_path_node,"{""id"": ""line_209"", ""type"": ""transmission_line"", ""voltage"": ""220kV""}"
node_2479,13.0558955,77.44468,intermediate_path_node,"{""id"": ""line_209"", ""type"": ""transmission_line"", ""voltage"": ""220kV""}"
node_2480,13.0571784,77.442455,intermediate_path_node,"{""id"": ""line_209"", ""type"": ""transmission_line"", ""voltage"": ""220kV""}"
node_2481,13.0588596,77.4394891,intermediate_path_node,"{""id"": ""line_209"", ""type"": ""transmission_line"", ""voltage"": ""220kV""}"
node_2482,13.0602591,77.4370495,intermediate_path_node,"{""id"": ""line_209"", ""type"": ""transmission_line"", ""voltage"": ""220kV""}"
node_2483,13.0616476,77.4346709,intermediate_path_node,"{""id"": ""line_209"", ""type"": ""transmission_line"", ""voltage"": ""220kV""}"
node_2484,13.0631769,77.4320889,intermediate_path_node,"{""id"": ""line_209"", ""type"": ""transmission_line"", ""voltage"": ""220kV""}"
node_2485,13.0649438,77.4291027,intermediate_path_node,"{""id"": ""line_209"", ""type"": ""transmission_line"", ""voltage"": ""220kV""}"
node_2486,13.0662179,77.4269522,intermediate_path_node,"{""id"": ""line_209"", ""type"": ""transmission_line"", ""voltage"": ""220kV""}"
node_2487,13.0681696,77.4236249,intermediate_path_node,"{""id"": ""line_209"", ""type"": ""transmission_line"", ""voltage"": ""220kV""}"
node_2488,13.0696065,77.4211966,intermediate_path_node,"{""id"": ""line_209"", ""type"": ""transmission_line"", ""voltage"": ""220kV""}"
node_2489,13.0709377,77.4189151,intermediate_path_node,"{""id"": ""line_209"", ""type"": ""transmission_line"", ""voltage"": ""220kV""}"
node_2490,13.0722865,77.4166675,intermediate_path_node,"{""id"": ""line_209"", ""type"": ""transmission_line"", ""voltage"": ""220kV""}"
node_2491,13.0737454,77.4147813,intermediate_path_node,"{""id"": ""line_209"", ""type"": ""transmission_line"", ""voltage"": ""220kV""}"
node_2492,13.0754286,77.4126512,intermediate_path_node,"{""id"": ""line_209"", ""type"": ""transmission_line"", ""voltage"": ""220kV""}"
node_2493,13.0771317,77.4104759,intermediate_path_node,"{""id"": ""line_209"", ""type"": ""transmission_line"", ""voltage"": ""220kV""}"
node_2494,13.0788611,77.4083005,intermediate_path_node,"{""id"": ""line_209"", ""type"": ""transmission_line"", ""voltage"": ""220kV""}"
node_2495,13.0809575,77.4056276,intermediate_path_node,"{""id"": ""line_209"", ""type"": ""transmission_line"", ""voltage"": ""220kV""}"
node_2496,13.0823578,77.4037269,intermediate_path_node,"{""id"": ""line_209"", ""type"": ""transmission_line"", ""voltage"": ""220kV""}"
node_2497,13.0829941,77.4029059,intermediate_path_node,"{""id"": ""line_209"", ""type"": ""transmission_line"", ""voltage"": ""220kV""}"
node_2498,13.0838311,77.4018516,intermediate_path_node,"{""id"": ""line_209"", ""type"": ""transmission_line"", ""voltage"": ""220kV""}"
node_2499,13.0854492,77.399871,intermediate_path_node,"{""id"": ""line_209"", ""type"": ""transmission_line"", ""voltage"": ""220kV""}"
node_2500,13.0865579,77.3984605,intermediate_path_node,"{""id"": ""line_209"", ""type"": ""transmission_line"", ""voltage"": ""220kV""}"
node_2501,13.0864709,77.3978553,intermediate_path_node,"{""id"": ""line_209"", ""type"": ""transmission_line"", ""voltage"": ""220kV""}"
node_2502,13.0863861,77.3974322,intermediate_path_node,"{""id"": ""line_209"", ""type"": ""transmission_line"", ""voltage"": ""220kV""}"
node_2503,13.0725989,77.5284785,intermediate_path_node,"{""id"": ""line_210"", ""type"": ""transmission_line"", ""voltage"": ""220kV""}"
node_2504,13.0710981,77.5274583,intermediate_path_node,"{""id"": ""line_210"", ""type"": ""transmission_line"", ""voltage"": ""220kV""}"
node_2505,13.070915,77.5273348,intermediate_path_node,"{""id"": ""line_210"", ""type"": ""transmission_line"", ""voltage"": ""220kV""}"
node_2506,13.0692987,77.5262451,intermediate_path_node,"{""id"": ""line_210"", ""type"": ""transmission_line"", ""voltage"": ""220kV""}"
node_2507,13.0668308,77.5245768,intermediate_path_node,"{""id"": ""line_210"", ""type"": ""transmission_line"", ""voltage"": ""220kV""}"
node_2508,13.0657514,77.5238676,intermediate_path_node,"{""id"": ""line_210"", ""type"": ""transmission_line"", ""voltage"": ""220kV""}"
node_2509,13.065147,77.5234704,intermediate_path_node,"{""id"": ""line_210"", ""type"": ""transmission_line"", ""voltage"": ""220kV""}"
node_2510,13.0640448,77.5230195,intermediate_path_node,"{""id"": ""line_210"", ""type"": ""transmission_line"", ""voltage"": ""220kV""}"
node_2511,13.0619491,77.5215878,intermediate_path_node,"{""id"": ""line_210"", ""type"": ""transmission_line"", ""voltage"": ""220kV""}"
node_2512,13.0602946,77.5204386,intermediate_path_node,"{""id"": ""line_210"", ""type"": ""transmission_line"", ""voltage"": ""220kV""}"
node_2513,13.0588098,77.5194408,intermediate_path_node,"{""id"": ""line_210"", ""type"": ""transmission_line"", ""voltage"": ""220kV""}"
node_2514,13.0573069,77.518406,intermediate_path_node,"{""id"": ""line_210"", ""type"": ""transmission_line"", ""voltage"": ""220kV""}"
node_2515,13.0557405,77.5173039,intermediate_path_node,"{""id"": ""line_210"", ""type"": ""transmission_line"", ""voltage"": ""220kV""}"
node_2516,13.0547463,77.5166027,intermediate_path_node,"{""id"": ""line_210"", ""type"": ""transmission_line"", ""voltage"": ""220kV""}"
node_2517,13.0536044,77.5163848,intermediate_path_node,"{""id"": ""line_210"", ""type"": ""transmission_line"", ""voltage"": ""220kV""}"
node_2518,13.0505844,77.5159409,intermediate_path_node,"{""id"": ""line_210"", ""type"": ""transmission_line"", ""voltage"": ""220kV""}"
node_2519,13.0475757,77.5503794,intermediate_path_node,"{""id"": ""line_211"", ""type"": ""transmission_line"", ""voltage"": ""220kV""}"
node_2520,13.0479328,77.5503751,intermediate_path_node,"{""id"": ""line_211"", ""type"": ""transmission_line"", ""voltage"": ""220kV""}"
node_2521,13.0486647,77.5511915,intermediate_path_node,"{""id"": ""line_211"", ""type"": ""transmission_line"", ""voltage"": ""220kV""}"
node_2522,13.0495735,77.552205,intermediate_path_node,"{""id"": ""line_211"", ""type"": ""transmission_line"", ""voltage"": ""220kV""}"
node_2523,13.050471,77.5532061,intermediate_path_node,"{""id"": ""line_211"", ""type"": ""transmission_line"", ""voltage"": ""220kV""}"
node_2524,13.0514511,77.5542992,intermediate_path_node,"{""id"": ""line_211"", ""type"": ""transmission_line"", ""voltage"": ""220kV""}"
node_2525,13.0519917,77.5555476,intermediate_path_node,"{""id"": ""line_211"", ""type"": ""transmission_line"", ""voltage"": ""220kV""}"
node_2526,13.0525514,77.5568399,intermediate_path_node,"{""id"": ""line_211"", ""type"": ""transmission_line"", ""voltage"": ""220kV""}"
node_2527,13.053122,77.5581575,intermediate_path_node,"{""id"": ""line_211"", ""type"": ""transmission_line"", ""voltage"": ""220kV""}"
node_2528,13.0537152,77.5594718,intermediate_path_node,"{""id"": ""line_211"", ""type"": ""transmission_line"", ""voltage"": ""220kV""}"
node_2529,13.0542952,77.5607459,intermediate_path_node,"{""id"": ""line_211"", ""type"": ""transmission_line"", ""voltage"": ""220kV""}"
node_2530,13.0225683,77.5062909,intermediate_path_node,"{""id"": ""line_212"", ""type"": ""transmission_line"", ""voltage"": ""220kV""}"
node_2531,13.0238041,77.5089397,intermediate_path_node,"{""id"": ""line_212"", ""type"": ""transmission_line"", ""voltage"": ""220kV""}"
node_2532,13.0249545,77.5116342,intermediate_path_node,"{""id"": ""line_212"", ""type"": ""transmission_line"", ""voltage"": ""220kV""}"
node_2533,13.0255612,77.5130552,intermediate_path_node,"{""id"": ""line_212"", ""type"": ""transmission_line"", ""voltage"": ""220kV""}"
node_2534,13.0262936,77.5148924,intermediate_path_node,"{""id"": ""line_212"", ""type"": ""transmission_line"", ""voltage"": ""220kV""}"
node_2535,13.0279898,77.5191558,intermediate_path_node,"{""id"": ""line_212"", ""type"": ""transmission_line"", ""voltage"": ""220kV""}"
node_2536,13.0280053,77.5191947,intermediate_path_node,"{""id"": ""line_212"", ""type"": ""transmission_line"", ""voltage"": ""220kV""}"
node_2537,13.0290803,77.5218988,intermediate_path_node,"{""id"": ""line_212"", ""type"": ""transmission_line"", ""voltage"": ""220kV""}"
node_2538,13.0292919,77.5226386,intermediate_path_node,"{""id"": ""line_212"", ""type"": ""transmission_line"", ""voltage"": ""220kV""}"
node_2539,13.0294813,77.5233008,intermediate_path_node,"{""id"": ""line_212"", ""type"": ""transmission_line"", ""voltage"": ""220kV""}"
node_2540,13.0296179,77.5247915,intermediate_path_node,"{""id"": ""line_212"", ""type"": ""transmission_line"", ""voltage"": ""220kV""}"
node_2541,13.0287995,77.5245342,intermediate_path_node,"{""id"": ""line_213"", ""type"": ""transmission_line"", ""voltage"": ""220kV""}"
node_2542,13.0282572,77.5218003,intermediate_path_node,"{""id"": ""line_213"", ""type"": ""transmission_line"", ""voltage"": ""220kV""}"
node_2543,13.0263133,77.5194805,intermediate_path_node,"{""id"": ""line_213"", ""type"": ""transmission_line"", ""voltage"": ""220kV""}"
node_2544,13.0279796,77.5009256,intermediate_path_node,"{""id"": ""line_214"", ""type"": ""transmission_line"", ""voltage"": ""220kV""}"
node_2545,13.0295272,77.5010493,intermediate_path_node,"{""id"": ""line_214"", ""type"": ""transmission_line"", ""voltage"": ""220kV""}"
node_2546,13.0312743,77.501189,intermediate_path_node,"{""id"": ""line_214"", ""type"": ""transmission_line"", ""voltage"": ""220kV""}"
node_2547,13.0341137,77.501645,intermediate_path_node,"{""id"": ""line_214"", ""type"": ""transmission_line"", ""voltage"": ""220kV""}"
node_2548,13.0367902,77.502067,intermediate_path_node,"{""id"": ""line_214"", ""type"": ""transmission_line"", ""voltage"": ""220kV""}"
node_2549,13.0396047,77.5025174,intermediate_path_node,"{""id"": ""line_214"", ""type"": ""transmission_line"", ""voltage"": ""220kV""}"
node_2550,13.041989,77.5029194,intermediate_path_node,"{""id"": ""line_214"", ""type"": ""transmission_line"", ""voltage"": ""220kV""}"
node_2551,13.043054,77.5030918,intermediate_path_node,"{""id"": ""line_214"", ""type"": ""transmission_line"", ""voltage"": ""220kV""}"
node_2552,13.0456181,77.5035082,intermediate_path_node,"{""id"": ""line_214"", ""type"": ""transmission_line"", ""voltage"": ""220kV""}"
node_2553,13.0469604,77.5037486,intermediate_path_node,"{""id"": ""line_214"", ""type"": ""transmission_line"", ""voltage"": ""220kV""}"
node_2554,13.0493153,77.5043834,intermediate_path_node,"{""id"": ""line_214"", ""type"": ""transmission_line"", ""voltage"": ""220kV""}"
node_2555,13.0521092,77.5051585,intermediate_path_node,"{""id"": ""line_214"", ""type"": ""transmission_line"", ""voltage"": ""220kV""}"
node_2556,13.0548601,77.5058955,intermediate_path_node,"{""id"": ""line_214"", ""type"": ""transmission_line"", ""voltage"": ""220kV""}"
node_2557,13.0569726,77.5077024,intermediate_path_node,"{""id"": ""line_214"", ""type"": ""transmission_line"", ""voltage"": ""220kV""}"
node_2558,13.0586539,77.5091572,intermediate_path_node,"{""id"": ""line_214"", ""type"": ""transmission_line"", ""voltage"": ""220kV""}"
node_2559,13.0605698,77.5104719,intermediate_path_node,"{""id"": ""line_214"", ""type"": ""transmission_line"", ""voltage"": ""220kV""}"
node_2560,13.0626572,77.5119043,intermediate_path_node,"{""id"": ""line_214"", ""type"": ""transmission_line"", ""voltage"": ""220kV""}"
node_2561,13.0655165,77.5138967,intermediate_path_node,"{""id"": ""line_214"", ""type"": ""transmission_line"", ""voltage"": ""220kV""}"
node_2562,13.0671659,77.5150461,intermediate_path_node,"{""id"": ""line_214"", ""type"": ""transmission_line"", ""voltage"": ""220kV""}"
node_2563,13.0684045,77.5154319,intermediate_path_node,"{""id"": ""line_214"", ""type"": ""transmission_line"", ""voltage"": ""220kV""}"
node_2564,13.0707533,77.5176586,intermediate_path_node,"{""id"": ""line_214"", ""type"": ""transmission_line"", ""voltage"": ""220kV""}"
node_2565,13.0727987,77.5195513,intermediate_path_node,"{""id"": ""line_214"", ""type"": ""transmission_line"", ""voltage"": ""220kV""}"
node_2566,13.0745325,77.5211557,intermediate_path_node,"{""id"": ""line_214"", ""type"": ""transmission_line"", ""voltage"": ""220kV""}"
node_2567,13.0766579,77.5231327,intermediate_path_node,"{""id"": ""line_214"", ""type"": ""transmission_line"", ""voltage"": ""220kV""}"
node_2568,13.0787784,77.5250873,intermediate_path_node,"{""id"": ""line_214"", ""type"": ""transmission_line"", ""voltage"": ""220kV""}"
node_2569,13.0805732,77.5273945,intermediate_path_node,"{""id"": ""line_214"", ""type"": ""transmission_line"", ""voltage"": ""220kV""}"
node_2570,13.0826878,77.5300862,intermediate_path_node,"{""id"": ""line_214"", ""type"": ""transmission_line"", ""voltage"": ""220kV""}"
node_2571,13.0835345,77.5326958,intermediate_path_node,"{""id"": ""line_214"", ""type"": ""transmission_line"", ""voltage"": ""220kV""}"
node_2572,13.0843538,77.5352153,intermediate_path_node,"{""id"": ""line_214"", ""type"": ""transmission_line"", ""voltage"": ""220kV""}"
node_2573,13.0844511,77.5354715,intermediate_path_node,"{""id"": ""line_214"", ""type"": ""transmission_line"", ""voltage"": ""220kV""}"
node_2574,13.0845615,77.5358227,intermediate_path_node,"{""id"": ""line_214"", ""type"": ""transmission_line"", ""voltage"": ""220kV""}"
node_2575,13.085019,77.5372782,intermediate_path_node,"{""id"": ""line_214"", ""type"": ""transmission_line"", ""voltage"": ""220kV""}"
node_2576,13.0857915,77.5396474,intermediate_path_node,"{""id"": ""line_214"", ""type"": ""transmission_line"", ""voltage"": ""220kV""}"
node_2577,13.0864879,77.5418057,intermediate_path_node,"{""id"": ""line_214"", ""type"": ""transmission_line"", ""voltage"": ""220kV""}"
node_2578,13.0871512,77.5438612,intermediate_path_node,"{""id"": ""line_214"", ""type"": ""transmission_line"", ""voltage"": ""220kV""}"
node_2579,13.0878398,77.5459822,intermediate_path_node,"{""id"": ""line_214"", ""type"": ""transmission_line"", ""voltage"": ""220kV""}"
node_2580,13.0875481,77.5480474,intermediate_path_node,"{""id"": ""line_214"", ""type"": ""transmission_line"", ""voltage"": ""220kV""}"
node_2581,13.0871922,77.5507579,intermediate_path_node,"{""id"": ""line_214"", ""type"": ""transmission_line"", ""voltage"": ""220kV""}"
node_2582,13.0868391,77.553392,intermediate_path_node,"{""id"": ""line_214"", ""type"": ""transmission_line"", ""voltage"": ""220kV""}"
node_2583,13.0864915,77.5559779,intermediate_path_node,"{""id"": ""line_214"", ""type"": ""transmission_line"", ""voltage"": ""220kV""}"
node_2584,13.052969,77.6158587,intermediate_path_node,"{""id"": ""line_215"", ""type"": ""transmission_line"", ""voltage"": ""220kV""}"
node_2585,13.0524045,77.6157789,intermediate_path_node,"{""id"": ""line_215"", ""type"": ""transmission_line"", ""voltage"": ""220kV""}"
node_2586,13.0516113,77.6156792,intermediate_path_node,"{""id"": ""line_215"", ""type"": ""transmission_line"", ""voltage"": ""220kV""}"
node_2587,13.0516051,77.6166307,intermediate_path_node,"{""id"": ""line_215"", ""type"": ""transmission_line"", ""voltage"": ""220kV""}"
node_2588,13.0515095,77.6177327,intermediate_path_node,"{""id"": ""line_215"", ""type"": ""transmission_line"", ""voltage"": ""220kV""}"
node_2589,13.0504756,77.6182704,intermediate_path_node,"{""id"": ""line_215"", ""type"": ""transmission_line"", ""voltage"": ""220kV""}"
node_2590,13.0492486,77.6184737,intermediate_path_node,"{""id"": ""line_215"", ""type"": ""transmission_line"", ""voltage"": ""220kV""}"
node_2591,13.0483011,77.6188301,intermediate_path_node,"{""id"": ""line_215"", ""type"": ""transmission_line"", ""voltage"": ""220kV""}"
node_2592,13.0512317,77.6221526,intermediate_path_node,"{""id"": ""line_216"", ""type"": ""transmission_line"", ""voltage"": ""220kV""}"
node_2593,13.0516262,77.6218559,intermediate_path_node,"{""id"": ""line_216"", ""type"": ""transmission_line"", ""voltage"": ""220kV""}"
node_2594,13.0518062,77.6211081,intermediate_path_node,"{""id"": ""line_216"", ""type"": ""transmission_line"", ""voltage"": ""220kV""}"
node_2595,13.0519959,77.62025,intermediate_path_node,"{""id"": ""line_216"", ""type"": ""transmission_line"", ""voltage"": ""220kV""}"
node_2596,13.0521818,77.6194087,intermediate_path_node,"{""id"": ""line_216"", ""type"": ""transmission_line"", ""voltage"": ""220kV""}"
node_2597,13.0525486,77.618253,intermediate_path_node,"{""id"": ""line_216"", ""type"": ""transmission_line"", ""voltage"": ""220kV""}"
node_2598,13.0526814,77.6171523,intermediate_path_node,"{""id"": ""line_216"", ""type"": ""transmission_line"", ""voltage"": ""220kV""}"
node_2599,13.052761,77.6142532,intermediate_path_node,"{""id"": ""line_216"", ""type"": ""transmission_line"", ""voltage"": ""220kV""}"
node_2600,13.0531575,77.6124497,intermediate_path_node,"{""id"": ""line_216"", ""type"": ""transmission_line"", ""voltage"": ""220kV""}"
node_2601,13.0536525,77.6101697,intermediate_path_node,"{""id"": ""line_216"", ""type"": ""transmission_line"", ""voltage"": ""220kV""}"
node_2602,13.0540614,77.608333,intermediate_path_node,"{""id"": ""line_216"", ""type"": ""transmission_line"", ""voltage"": ""220kV""}"
node_2603,13.054647,77.6060956,intermediate_path_node,"{""id"": ""line_216"", ""type"": ""transmission_line"", ""voltage"": ""220kV""}"
node_2604,13.0553397,77.6035335,intermediate_path_node,"{""id"": ""line_216"", ""type"": ""transmission_line"", ""voltage"": ""220kV""}"
node_2605,13.0560529,77.6008763,intermediate_path_node,"{""id"": ""line_216"", ""type"": ""transmission_line"", ""voltage"": ""220kV""}"
node_2606,13.0567061,77.5984748,intermediate_path_node,"{""id"": ""line_216"", ""type"": ""transmission_line"", ""voltage"": ""220kV""}"
node_2607,13.0572441,77.5962831,intermediate_path_node,"{""id"": ""line_216"", ""type"": ""transmission_line"", ""voltage"": ""220kV""}"
node_2608,13.0579128,77.5938642,intermediate_path_node,"{""id"": ""line_216"", ""type"": ""transmission_line"", ""voltage"": ""220kV""}"
node_2609,13.0585466,77.591497,intermediate_path_node,"{""id"": ""line_216"", ""type"": ""transmission_line"", ""voltage"": ""220kV""}"
node_2610,13.0599031,77.5895766,intermediate_path_node,"{""id"": ""line_216"", ""type"": ""transmission_line"", ""voltage"": ""220kV""}"
node_2611,13.0612115,77.5877243,intermediate_path_node,"{""id"": ""line_216"", ""type"": ""transmission_line"", ""voltage"": ""220kV""}"
node_2612,13.0620503,77.5865911,intermediate_path_node,"{""id"": ""line_216"", ""type"": ""transmission_line"", ""voltage"": ""220kV""}"
node_2613,13.0623513,77.5861844,intermediate_path_node,"{""id"": ""line_216"", ""type"": ""transmission_line"", ""voltage"": ""220kV""}"
node_2614,13.0623879,77.5861349,intermediate_path_node,"{""id"": ""line_216"", ""type"": ""transmission_line"", ""voltage"": ""220kV""}"
node_2615,13.0627038,77.5857081,intermediate_path_node,"{""id"": ""line_216"", ""type"": ""transmission_line"", ""voltage"": ""220kV""}"
node_2616,13.0642352,77.5835671,intermediate_path_node,"{""id"": ""line_216"", ""type"": ""transmission_line"", ""voltage"": ""220kV""}"
node_2617,13.064866,77.582594,intermediate_path_node,"{""id"": ""line_216"", ""type"": ""transmission_line"", ""voltage"": ""220kV""}"
node_2618,13.0658353,77.5812665,intermediate_path_node,"{""id"": ""line_216"", ""type"": ""transmission_line"", ""voltage"": ""220kV""}"
node_2619,13.0665606,77.5803152,intermediate_path_node,"{""id"": ""line_216"", ""type"": ""transmission_line"", ""voltage"": ""220kV""}"
node_2620,13.0688721,77.5787424,intermediate_path_node,"{""id"": ""line_216"", ""type"": ""transmission_line"", ""voltage"": ""220kV""}"
node_2621,13.0707627,77.5773312,intermediate_path_node,"{""id"": ""line_216"", ""type"": ""transmission_line"", ""voltage"": ""220kV""}"
node_2622,13.0727655,77.5759669,intermediate_path_node,"{""id"": ""line_216"", ""type"": ""transmission_line"", ""voltage"": ""220kV""}"
node_2623,13.0743503,77.57484,intermediate_path_node,"{""id"": ""line_216"", ""type"": ""transmission_line"", ""voltage"": ""220kV""}"
node_2624,13.0757287,77.5727589,intermediate_path_node,"{""id"": ""line_216"", ""type"": ""transmission_line"", ""voltage"": ""220kV""}"
node_2625,13.0771112,77.5707096,intermediate_path_node,"{""id"": ""line_216"", ""type"": ""transmission_line"", ""voltage"": ""220kV""}"
node_2626,13.0784263,77.5687435,intermediate_path_node,"{""id"": ""line_216"", ""type"": ""transmission_line"", ""voltage"": ""220kV""}"
node_2627,13.0800357,77.5663403,intermediate_path_node,"{""id"": ""line_216"", ""type"": ""transmission_line"", ""voltage"": ""220kV""}"
node_2628,13.0811893,77.5646196,intermediate_path_node,"{""id"": ""line_216"", ""type"": ""transmission_line"", ""voltage"": ""220kV""}"
node_2629,13.0825926,77.562494,intermediate_path_node,"{""id"": ""line_216"", ""type"": ""transmission_line"", ""voltage"": ""220kV""}"
node_2630,13.0840491,77.5603901,intermediate_path_node,"{""id"": ""line_216"", ""type"": ""transmission_line"", ""voltage"": ""220kV""}"
node_2631,13.0850777,77.5588224,intermediate_path_node,"{""id"": ""line_216"", ""type"": ""transmission_line"", ""voltage"": ""220kV""}"
node_2632,13.0853139,77.5584865,intermediate_path_node,"{""id"": ""line_216"", ""type"": ""transmission_line"", ""voltage"": ""220kV""}"
node_2633,13.0858696,77.5558127,intermediate_path_node,"{""id"": ""line_216"", ""type"": ""transmission_line"", ""voltage"": ""220kV""}"
node_2634,13.0864386,77.5529202,intermediate_path_node,"{""id"": ""line_216"", ""type"": ""transmission_line"", ""voltage"": ""220kV""}"
node_2635,13.0868898,77.5506944,intermediate_path_node,"{""id"": ""line_216"", ""type"": ""transmission_line"", ""voltage"": ""220kV""}"
node_2636,13.086772,77.5502613,intermediate_path_node,"{""id"": ""line_216"", ""type"": ""transmission_line"", ""voltage"": ""220kV""}"
node_2637,13.0861571,77.5480014,intermediate_path_node,"{""id"": ""line_216"", ""type"": ""transmission_line"", ""voltage"": ""220kV""}"
node_2638,13.0856343,77.5460247,intermediate_path_node,"{""id"": ""line_216"", ""type"": ""transmission_line"", ""voltage"": ""220kV""}"
node_2639,13.0849567,77.5435014,intermediate_path_node,"{""id"": ""line_216"", ""type"": ""transmission_line"", ""voltage"": ""220kV""}"
node_2640,13.0843624,77.5412882,intermediate_path_node,"{""id"": ""line_216"", ""type"": ""transmission_line"", ""voltage"": ""220kV""}"
node_2641,13.0836094,77.5384803,intermediate_path_node,"{""id"": ""line_216"", ""type"": ""transmission_line"", ""voltage"": ""220kV""}"
node_2642,13.0818515,77.5366536,intermediate_path_node,"{""id"": ""line_216"", ""type"": ""transmission_line"", ""voltage"": ""220kV""}"
node_2643,13.0800451,77.534757,intermediate_path_node,"{""id"": ""line_216"", ""type"": ""transmission_line"", ""voltage"": ""220kV""}"
node_2644,13.0786639,77.533331,intermediate_path_node,"{""id"": ""line_216"", ""type"": ""transmission_line"", ""voltage"": ""220kV""}"
node_2645,13.0775607,77.5321772,intermediate_path_node,"{""id"": ""line_216"", ""type"": ""transmission_line"", ""voltage"": ""220kV""}"
node_2646,13.0766878,77.5312642,intermediate_path_node,"{""id"": ""line_216"", ""type"": ""transmission_line"", ""voltage"": ""220kV""}"
node_2647,13.0743448,77.5296731,intermediate_path_node,"{""id"": ""line_216"", ""type"": ""transmission_line"", ""voltage"": ""220kV""}"
node_2648,13.0730991,77.5288188,intermediate_path_node,"{""id"": ""line_216"", ""type"": ""transmission_line"", ""voltage"": ""220kV""}"
node_2649,12.9244789,77.6394609,intermediate_path_node,"{""id"": ""line_217"", ""type"": ""transmission_line"", ""voltage"": ""220kV""}"
node_2650,12.9241835,77.6394729,intermediate_path_node,"{""id"": ""line_217"", ""type"": ""transmission_line"", ""voltage"": ""220kV""}"
node_2651,12.9237953,77.6395641,intermediate_path_node,"{""id"": ""line_217"", ""type"": ""transmission_line"", ""voltage"": ""220kV""}"
node_2652,12.9232584,77.6395585,intermediate_path_node,"{""id"": ""line_217"", ""type"": ""transmission_line"", ""voltage"": ""220kV""}"
node_2653,12.9224056,77.6393978,intermediate_path_node,"{""id"": ""line_217"", ""type"": ""transmission_line"", ""voltage"": ""220kV""}"
node_2654,12.9214707,77.638917,intermediate_path_node,"{""id"": ""line_217"", ""type"": ""transmission_line"", ""voltage"": ""220kV""}"
node_2655,12.9202723,77.6385547,intermediate_path_node,"{""id"": ""line_217"", ""type"": ""transmission_line"", ""voltage"": ""220kV""}"
node_2656,12.9196135,77.6384636,intermediate_path_node,"{""id"": ""line_217"", ""type"": ""transmission_line"", ""voltage"": ""220kV""}"
node_2657,12.9187649,77.6384388,intermediate_path_node,"{""id"": ""line_217"", ""type"": ""transmission_line"", ""voltage"": ""220kV""}"
node_2658,12.91797,77.6384085,intermediate_path_node,"{""id"": ""line_217"", ""type"": ""transmission_line"", ""voltage"": ""220kV""}"
node_2659,12.9172409,77.6383659,intermediate_path_node,"{""id"": ""line_217"", ""type"": ""transmission_line"", ""voltage"": ""220kV""}"
node_2660,12.9163749,77.6383002,intermediate_path_node,"{""id"": ""line_217"", ""type"": ""transmission_line"", ""voltage"": ""220kV""}"
node_2661,12.9154519,77.6380958,intermediate_path_node,"{""id"": ""line_217"", ""type"": ""transmission_line"", ""voltage"": ""220kV""}"
node_2662,12.9141408,77.6380425,intermediate_path_node,"{""id"": ""line_217"", ""type"": ""transmission_line"", ""voltage"": ""220kV""}"
node_2663,12.9129129,77.6380088,intermediate_path_node,"{""id"": ""line_217"", ""type"": ""transmission_line"", ""voltage"": ""220kV""}"
node_2664,12.9121726,77.6382807,intermediate_path_node,"{""id"": ""line_217"", ""type"": ""transmission_line"", ""voltage"": ""220kV""}"
node_2665,12.9121313,77.6402563,intermediate_path_node,"{""id"": ""line_217"", ""type"": ""transmission_line"", ""voltage"": ""220kV""}"
node_2666,12.9120987,77.6414574,intermediate_path_node,"{""id"": ""line_217"", ""type"": ""transmission_line"", ""voltage"": ""220kV""}"
node_2667,12.9120614,77.644167,intermediate_path_node,"{""id"": ""line_217"", ""type"": ""transmission_line"", ""voltage"": ""220kV""}"
node_2668,12.9118277,77.6445402,intermediate_path_node,"{""id"": ""line_217"", ""type"": ""transmission_line"", ""voltage"": ""220kV""}"
node_2669,12.9109972,77.644519,intermediate_path_node,"{""id"": ""line_217"", ""type"": ""transmission_line"", ""voltage"": ""220kV""}"
node_2670,12.9108116,77.6445148,intermediate_path_node,"{""id"": ""line_217"", ""type"": ""transmission_line"", ""voltage"": ""220kV""}"
node_2671,12.9097365,77.6444753,intermediate_path_node,"{""id"": ""line_217"", ""type"": ""transmission_line"", ""voltage"": ""220kV""}"
node_2672,12.9088277,77.6444337,intermediate_path_node,"{""id"": ""line_217"", ""type"": ""transmission_line"", ""voltage"": ""220kV""}"
node_2673,12.9080467,77.6444149,intermediate_path_node,"{""id"": ""line_217"", ""type"": ""transmission_line"", ""voltage"": ""220kV""}"
node_2674,12.9069512,77.6443796,intermediate_path_node,"{""id"": ""line_217"", ""type"": ""transmission_line"", ""voltage"": ""220kV""}"
node_2675,12.9058598,77.644315,intermediate_path_node,"{""id"": ""line_217"", ""type"": ""transmission_line"", ""voltage"": ""220kV""}"
node_2676,12.9046995,77.6442713,intermediate_path_node,"{""id"": ""line_217"", ""type"": ""transmission_line"", ""voltage"": ""220kV""}"
node_2677,12.9044723,77.6453515,intermediate_path_node,"{""id"": ""line_217"", ""type"": ""transmission_line"", ""voltage"": ""220kV""}"
node_2678,12.9042546,77.6464799,intermediate_path_node,"{""id"": ""line_217"", ""type"": ""transmission_line"", ""voltage"": ""220kV""}"
node_2679,12.9039641,77.6475673,intermediate_path_node,"{""id"": ""line_217"", ""type"": ""transmission_line"", ""voltage"": ""220kV""}"
node_2680,12.9039111,77.6480312,intermediate_path_node,"{""id"": ""line_217"", ""type"": ""transmission_line"", ""voltage"": ""220kV""}"
node_2681,12.9038292,77.6487475,intermediate_path_node,"{""id"": ""line_217"", ""type"": ""transmission_line"", ""voltage"": ""220kV""}"
node_2682,12.9032673,77.6489452,intermediate_path_node,"{""id"": ""line_217"", ""type"": ""transmission_line"", ""voltage"": ""220kV""}"
node_2683,12.903011,77.6491758,intermediate_path_node,"{""id"": ""line_217"", ""type"": ""transmission_line"", ""voltage"": ""220kV""}"
node_2684,12.9969215,77.7278469,intermediate_path_node,"{""id"": ""line_218"", ""type"": ""transmission_line"", ""voltage"": ""220kV""}"
node_2685,12.9965295,77.727912,intermediate_path_node,"{""id"": ""line_218"", ""type"": ""transmission_line"", ""voltage"": ""220kV""}"
node_2686,12.9957017,77.7115366,intermediate_path_node,"{""id"": ""line_219"", ""type"": ""transmission_line"", ""voltage"": ""220kV""}"
node_2687,12.9959248,77.7115461,intermediate_path_node,"{""id"": ""line_219"", ""type"": ""transmission_line"", ""voltage"": ""220kV""}"
node_2688,12.9973974,77.7115999,intermediate_path_node,"{""id"": ""line_219"", ""type"": ""transmission_line"", ""voltage"": ""220kV""}"
node_2689,12.9966654,77.7128544,intermediate_path_node,"{""id"": ""line_220"", ""type"": ""transmission_line"", ""voltage"": ""220kV""}"
node_2690,12.9958993,77.7128522,intermediate_path_node,"{""id"": ""line_220"", ""type"": ""transmission_line"", ""voltage"": ""220kV""}"
node_2691,12.9956746,77.7128458,intermediate_path_node,"{""id"": ""line_220"", ""type"": ""transmission_line"", ""voltage"": ""220kV""}"
node_2692,12.9984738,77.7269599,intermediate_path_node,"{""id"": ""line_221"", ""type"": ""transmission_line"", ""voltage"": ""220kV""}"
node_2693,12.9998571,77.7260446,intermediate_path_node,"{""id"": ""line_221"", ""type"": ""transmission_line"", ""voltage"": ""220kV""}"
node_2694,13.0003402,77.7232098,intermediate_path_node,"{""id"": ""line_221"", ""type"": ""transmission_line"", ""voltage"": ""220kV""}"
node_2695,13.0000915,77.7205402,intermediate_path_node,"{""id"": ""line_221"", ""type"": ""transmission_line"", ""voltage"": ""220kV""}"
node_2696,12.999906,77.7183569,intermediate_path_node,"{""id"": ""line_221"", ""type"": ""transmission_line"", ""voltage"": ""220kV""}"
node_2697,12.9992557,77.7169961,intermediate_path_node,"{""id"": ""line_221"", ""type"": ""transmission_line"", ""voltage"": ""220kV""}"
node_2698,12.9990708,77.7152373,intermediate_path_node,"{""id"": ""line_221"", ""type"": ""transmission_line"", ""voltage"": ""220kV""}"
node_2699,12.9988253,77.7132104,intermediate_path_node,"{""id"": ""line_221"", ""type"": ""transmission_line"", ""voltage"": ""220kV""}"
node_2700,12.9986263,77.7116566,intermediate_path_node,"{""id"": ""line_221"", ""type"": ""transmission_line"", ""voltage"": ""220kV""}"
node_2701,12.9986113,77.7113776,intermediate_path_node,"{""id"": ""line_221"", ""type"": ""transmission_line"", ""voltage"": ""220kV""}"
node_2702,12.9971526,77.7106699,intermediate_path_node,"{""id"": ""line_221"", ""type"": ""transmission_line"", ""voltage"": ""220kV""}"
node_2703,12.9952695,77.7104628,intermediate_path_node,"{""id"": ""line_221"", ""type"": ""transmission_line"", ""voltage"": ""220kV""}"
node_2704,12.9957088,77.7111914,intermediate_path_node,"{""id"": ""line_222"", ""type"": ""transmission_line"", ""voltage"": ""220kV""}"
node_2705,12.9957063,77.7113151,intermediate_path_node,"{""id"": ""line_222"", ""type"": ""transmission_line"", ""voltage"": ""220kV""}"
node_2706,12.9956692,77.7131088,intermediate_path_node,"{""id"": ""line_222"", ""type"": ""transmission_line"", ""voltage"": ""220kV""}"
node_2707,12.9956618,77.7134659,intermediate_path_node,"{""id"": ""line_222"", ""type"": ""transmission_line"", ""voltage"": ""220kV""}"
node_2708,12.9973982,77.7113556,intermediate_path_node,"{""id"": ""line_223"", ""type"": ""transmission_line"", ""voltage"": ""220kV""}"
node_2709,12.9959278,77.7113208,intermediate_path_node,"{""id"": ""line_223"", ""type"": ""transmission_line"", ""voltage"": ""220kV""}"
node_2710,12.9958993,77.7131143,intermediate_path_node,"{""id"": ""line_224"", ""type"": ""transmission_line"", ""voltage"": ""220kV""}"
node_2711,12.9966445,77.7131119,intermediate_path_node,"{""id"": ""line_224"", ""type"": ""transmission_line"", ""voltage"": ""220kV""}"
node_2712,12.9959297,77.7111839,intermediate_path_node,"{""id"": ""line_225"", ""type"": ""transmission_line"", ""voltage"": ""220kV""}"
node_2713,12.9958993,77.7134638,intermediate_path_node,"{""id"": ""line_225"", ""type"": ""transmission_line"", ""voltage"": ""220kV""}"
node_2714,12.9680773,77.6514636,intermediate_path_node,"{""id"": ""line_226"", ""type"": ""transmission_line"", ""voltage"": ""220kV""}"
node_2715,12.9696504,77.6519116,intermediate_path_node,"{""id"": ""line_226"", ""type"": ""transmission_line"", ""voltage"": ""220kV""}"
node_2716,13.0293448,77.5273195,intermediate_path_node,"{""id"": ""line_227"", ""type"": ""transmission_line"", ""voltage"": ""220kV""}"
node_2717,13.0293752,77.5280477,intermediate_path_node,"{""id"": ""line_227"", ""type"": ""transmission_line"", ""voltage"": ""220kV""}"
node_2718,13.0294078,77.5300057,intermediate_path_node,"{""id"": ""line_227"", ""type"": ""transmission_line"", ""voltage"": ""220kV""}"
node_2719,13.0312207,77.5321823,intermediate_path_node,"{""id"": ""line_227"", ""type"": ""transmission_line"", ""voltage"": ""220kV""}"
node_2720,13.0327124,77.5322501,intermediate_path_node,"{""id"": ""line_227"", ""type"": ""transmission_line"", ""voltage"": ""220kV""}"
node_2721,13.0345252,77.5316565,intermediate_path_node,"{""id"": ""line_227"", ""type"": ""transmission_line"", ""voltage"": ""220kV""}"
node_2722,13.0362444,77.5306052,intermediate_path_node,"{""id"": ""line_227"", ""type"": ""transmission_line"", ""voltage"": ""220kV""}"
node_2723,13.0374438,77.5292225,intermediate_path_node,"{""id"": ""line_227"", ""type"": ""transmission_line"", ""voltage"": ""220kV""}"
node_2724,13.0386223,77.5279136,intermediate_path_node,"{""id"": ""line_227"", ""type"": ""transmission_line"", ""voltage"": ""220kV""}"
node_2725,13.0391108,77.5273744,intermediate_path_node,"{""id"": ""line_227"", ""type"": ""transmission_line"", ""voltage"": ""220kV""}"
node_2726,13.039563,77.5274201,intermediate_path_node,"{""id"": ""line_227"", ""type"": ""transmission_line"", ""voltage"": ""220kV""}"
node_2727,13.0398648,77.5267804,intermediate_path_node,"{""id"": ""line_227"", ""type"": ""transmission_line"", ""voltage"": ""220kV""}"
node_2728,13.0402041,77.5261094,intermediate_path_node,"{""id"": ""line_227"", ""type"": ""transmission_line"", ""voltage"": ""220kV""}"
node_2729,13.040948,77.5253299,intermediate_path_node,"{""id"": ""line_227"", ""type"": ""transmission_line"", ""voltage"": ""220kV""}"
node_2730,13.041305,77.5249327,intermediate_path_node,"{""id"": ""line_227"", ""type"": ""transmission_line"", ""voltage"": ""220kV""}"
node_2731,13.0417999,77.5243966,intermediate_path_node,"{""id"": ""line_227"", ""type"": ""transmission_line"", ""voltage"": ""220kV""}"
node_2732,13.0420157,77.5241629,intermediate_path_node,"{""id"": ""line_227"", ""type"": ""transmission_line"", ""voltage"": ""220kV""}"
node_2733,13.043537,77.5224489,intermediate_path_node,"{""id"": ""line_227"", ""type"": ""transmission_line"", ""voltage"": ""220kV""}"
node_2734,12.9805498,77.6348403,intermediate_path_node,"{""id"": ""line_228"", ""type"": ""transmission_line"", ""voltage"": ""220kV""}"
node_2735,12.9805208,77.6350186,intermediate_path_node,"{""id"": ""line_228"", ""type"": ""transmission_line"", ""voltage"": ""220kV""}"
node_2736,12.9804893,77.6352121,intermediate_path_node,"{""id"": ""line_228"", ""type"": ""transmission_line"", ""voltage"": ""220kV""}"
node_2737,12.9804536,77.635432,intermediate_path_node,"{""id"": ""line_228"", ""type"": ""transmission_line"", ""voltage"": ""220kV""}"
node_2738,12.9804197,77.6356403,intermediate_path_node,"{""id"": ""line_228"", ""type"": ""transmission_line"", ""voltage"": ""220kV""}"
node_2739,12.9804053,77.6357304,intermediate_path_node,"{""id"": ""line_228"", ""type"": ""transmission_line"", ""voltage"": ""220kV""}"
node_2740,12.9803665,77.6359671,intermediate_path_node,"{""id"": ""line_228"", ""type"": ""transmission_line"", ""voltage"": ""220kV""}"
node_2741,12.9803245,77.6362253,intermediate_path_node,"{""id"": ""line_228"", ""type"": ""transmission_line"", ""voltage"": ""220kV""}"
node_2742,12.9802918,77.6364268,intermediate_path_node,"{""id"": ""line_228"", ""type"": ""transmission_line"", ""voltage"": ""220kV""}"
node_2743,12.9802367,77.6367656,intermediate_path_node,"{""id"": ""line_228"", ""type"": ""transmission_line"", ""voltage"": ""220kV""}"
node_2744,12.9802011,77.6369805,intermediate_path_node,"{""id"": ""line_228"", ""type"": ""transmission_line"", ""voltage"": ""220kV""}"
node_2745,12.98025,77.635693,intermediate_path_node,"{""id"": ""line_229"", ""type"": ""transmission_line"", ""voltage"": ""220kV""}"
node_2746,12.9799464,77.6356297,intermediate_path_node,"{""id"": ""line_229"", ""type"": ""transmission_line"", ""voltage"": ""220kV""}"
node_2747,12.9797401,77.6355831,intermediate_path_node,"{""id"": ""line_229"", ""type"": ""transmission_line"", ""voltage"": ""220kV""}"
node_2748,12.9795469,77.6355531,intermediate_path_node,"{""id"": ""line_229"", ""type"": ""transmission_line"", ""voltage"": ""220kV""}"
node_2749,12.9791198,77.6354681,intermediate_path_node,"{""id"": ""line_229"", ""type"": ""transmission_line"", ""voltage"": ""220kV""}"
node_2750,12.9789319,77.6354302,intermediate_path_node,"{""id"": ""line_229"", ""type"": ""transmission_line"", ""voltage"": ""220kV""}"
node_2751,12.9787706,77.6354081,intermediate_path_node,"{""id"": ""line_229"", ""type"": ""transmission_line"", ""voltage"": ""220kV""}"
node_2752,12.9787214,77.63541,intermediate_path_node,"{""id"": ""line_229"", ""type"": ""transmission_line"", ""voltage"": ""220kV""}"
node_2753,12.9786375,77.6354564,intermediate_path_node,"{""id"": ""line_229"", ""type"": ""transmission_line"", ""voltage"": ""220kV""}"
node_2754,12.9786472,77.6356847,intermediate_path_node,"{""id"": ""line_229"", ""type"": ""transmission_line"", ""voltage"": ""220kV""}"
node_2755,12.9786569,77.635958,intermediate_path_node,"{""id"": ""line_229"", ""type"": ""transmission_line"", ""voltage"": ""220kV""}"
node_2756,12.9812921,77.6368007,intermediate_path_node,"{""id"": ""line_230"", ""type"": ""transmission_line"", ""voltage"": ""220kV""}"
node_2757,12.9810455,77.6367448,intermediate_path_node,"{""id"": ""line_230"", ""type"": ""transmission_line"", ""voltage"": ""220kV""}"
node_2758,12.9805143,77.6366166,intermediate_path_node,"{""id"": ""line_230"", ""type"": ""transmission_line"", ""voltage"": ""220kV""}"
node_2759,12.9801692,77.6365107,intermediate_path_node,"{""id"": ""line_230"", ""type"": ""transmission_line"", ""voltage"": ""220kV""}"
node_2760,12.9796378,77.6363856,intermediate_path_node,"{""id"": ""line_230"", ""type"": ""transmission_line"", ""voltage"": ""220kV""}"
node_2761,12.9789703,77.6362565,intermediate_path_node,"{""id"": ""line_230"", ""type"": ""transmission_line"", ""voltage"": ""220kV""}"
node_2762,12.9785829,77.6361756,intermediate_path_node,"{""id"": ""line_230"", ""type"": ""transmission_line"", ""voltage"": ""220kV""}"
node_2763,12.9787127,77.6351728,intermediate_path_node,"{""id"": ""line_231"", ""type"": ""transmission_line"", ""voltage"": ""220kV""}"
node_2764,12.97868,77.6348737,intermediate_path_node,"{""id"": ""line_231"", ""type"": ""transmission_line"", ""voltage"": ""220kV""}"
node_2765,12.9819595,77.6374805,intermediate_path_node,"{""id"": ""line_232"", ""type"": ""transmission_line"", ""voltage"": ""220kV""}"
node_2766,12.9816835,77.6374147,intermediate_path_node,"{""id"": ""line_232"", ""type"": ""transmission_line"", ""voltage"": ""220kV""}"
node_2767,12.9813399,77.6373267,intermediate_path_node,"{""id"": ""line_232"", ""type"": ""transmission_line"", ""voltage"": ""220kV""}"
node_2768,12.9810018,77.6372129,intermediate_path_node,"{""id"": ""line_232"", ""type"": ""transmission_line"", ""voltage"": ""220kV""}"
node_2769,12.9808546,77.6371587,intermediate_path_node,"{""id"": ""line_232"", ""type"": ""transmission_line"", ""voltage"": ""220kV""}"
node_2770,12.9806272,77.6370878,intermediate_path_node,"{""id"": ""line_232"", ""type"": ""transmission_line"", ""voltage"": ""220kV""}"
node_2771,12.9804289,77.6370336,intermediate_path_node,"{""id"": ""line_232"", ""type"": ""transmission_line"", ""voltage"": ""220kV""}"
node_2772,12.9800127,77.6369652,intermediate_path_node,"{""id"": ""line_232"", ""type"": ""transmission_line"", ""voltage"": ""220kV""}"
node_2773,12.979796,77.6369323,intermediate_path_node,"{""id"": ""line_232"", ""type"": ""transmission_line"", ""voltage"": ""220kV""}"
node_2774,12.9794341,77.6368565,intermediate_path_node,"{""id"": ""line_232"", ""type"": ""transmission_line"", ""voltage"": ""220kV""}"
node_2775,12.9793012,77.6368287,intermediate_path_node,"{""id"": ""line_232"", ""type"": ""transmission_line"", ""voltage"": ""220kV""}"
node_2776,12.9791116,77.6367858,intermediate_path_node,"{""id"": ""line_232"", ""type"": ""transmission_line"", ""voltage"": ""220kV""}"
node_2777,12.9789319,77.6367529,intermediate_path_node,"{""id"": ""line_232"", ""type"": ""transmission_line"", ""voltage"": ""220kV""}"
node_2778,12.9786536,77.6366898,intermediate_path_node,"{""id"": ""line_232"", ""type"": ""transmission_line"", ""voltage"": ""220kV""}"
node_2779,12.9788328,77.636906,intermediate_path_node,"{""id"": ""line_233"", ""type"": ""transmission_line"", ""voltage"": ""220kV""}"
node_2780,12.9791017,77.6369349,intermediate_path_node,"{""id"": ""line_233"", ""type"": ""transmission_line"", ""voltage"": ""220kV""}"
node_2781,12.9792962,77.6369652,intermediate_path_node,"{""id"": ""line_233"", ""type"": ""transmission_line"", ""voltage"": ""220kV""}"
node_2782,12.979439,77.6369879,intermediate_path_node,"{""id"": ""line_233"", ""type"": ""transmission_line"", ""voltage"": ""220kV""}"
node_2783,12.9799807,77.6371067,intermediate_path_node,"{""id"": ""line_233"", ""type"": ""transmission_line"", ""voltage"": ""220kV""}"
node_2784,12.9804442,77.6372108,intermediate_path_node,"{""id"": ""line_233"", ""type"": ""transmission_line"", ""voltage"": ""220kV""}"
node_2785,12.9804768,77.6372565,intermediate_path_node,"{""id"": ""line_233"", ""type"": ""transmission_line"", ""voltage"": ""220kV""}"
node_2786,12.9810496,77.6349247,intermediate_path_node,"{""id"": ""line_234"", ""type"": ""transmission_line"", ""voltage"": ""220kV""}"
node_2787,12.9807926,77.6348882,intermediate_path_node,"{""id"": ""line_234"", ""type"": ""transmission_line"", ""voltage"": ""220kV""}"
node_2788,12.9788475,77.6349094,intermediate_path_node,"{""id"": ""line_235"", ""type"": ""transmission_line"", ""voltage"": ""220kV""}"
node_2789,12.9790741,77.6349515,intermediate_path_node,"{""id"": ""line_235"", ""type"": ""transmission_line"", ""voltage"": ""220kV""}"
node_2790,12.9795022,77.6350247,intermediate_path_node,"{""id"": ""line_235"", ""type"": ""transmission_line"", ""voltage"": ""220kV""}"
node_2791,12.9797733,77.6350613,intermediate_path_node,"{""id"": ""line_235"", ""type"": ""transmission_line"", ""voltage"": ""220kV""}"
node_2792,12.9800373,77.6351254,intermediate_path_node,"{""id"": ""line_235"", ""type"": ""transmission_line"", ""voltage"": ""220kV""}"
node_2793,12.9803037,77.6351771,intermediate_path_node,"{""id"": ""line_235"", ""type"": ""transmission_line"", ""voltage"": ""220kV""}"
node_2794,12.9807357,77.6352552,intermediate_path_node,"{""id"": ""line_235"", ""type"": ""transmission_line"", ""voltage"": ""220kV""}"
node_2795,12.9809368,77.6352843,intermediate_path_node,"{""id"": ""line_235"", ""type"": ""transmission_line"", ""voltage"": ""220kV""}"
node_2796,12.9786462,77.6339079,intermediate_path_node,"{""id"": ""line_236"", ""type"": ""transmission_line"", ""voltage"": ""220kV""}"
node_2797,12.9786313,77.6335934,intermediate_path_node,"{""id"": ""line_236"", ""type"": ""transmission_line"", ""voltage"": ""220kV""}"
node_2798,12.9786239,77.6333834,intermediate_path_node,"{""id"": ""line_236"", ""type"": ""transmission_line"", ""voltage"": ""220kV""}"
node_2799,12.9786239,77.6333083,intermediate_path_node,"{""id"": ""line_236"", ""type"": ""transmission_line"", ""voltage"": ""220kV""}"
node_2800,12.9815768,77.6350602,intermediate_path_node,"{""id"": ""line_237"", ""type"": ""transmission_line"", ""voltage"": ""220kV""}"
node_2801,12.9815103,77.6354669,intermediate_path_node,"{""id"": ""line_237"", ""type"": ""transmission_line"", ""voltage"": ""220kV""}"
node_2802,12.9814762,77.6356749,intermediate_path_node,"{""id"": ""line_237"", ""type"": ""transmission_line"", ""voltage"": ""220kV""}"
node_2803,12.9814292,77.6359626,intermediate_path_node,"{""id"": ""line_237"", ""type"": ""transmission_line"", ""voltage"": ""220kV""}"
node_2804,12.9813657,77.6363506,intermediate_path_node,"{""id"": ""line_237"", ""type"": ""transmission_line"", ""voltage"": ""220kV""}"
node_2805,12.8709269,77.654371,intermediate_path_node,"{""id"": ""line_238"", ""type"": ""transmission_line"", ""voltage"": ""220kV""}"
node_2806,12.8707458,77.6563902,intermediate_path_node,"{""id"": ""line_238"", ""type"": ""transmission_line"", ""voltage"": ""220kV""}"
node_2807,12.870628,77.6572513,intermediate_path_node,"{""id"": ""line_238"", ""type"": ""transmission_line"", ""voltage"": ""220kV""}"
node_2808,12.8704349,77.6584411,intermediate_path_node,"{""id"": ""line_238"", ""type"": ""transmission_line"", ""voltage"": ""220kV""}"
node_2809,12.8703639,77.6588234,intermediate_path_node,"{""id"": ""line_238"", ""type"": ""transmission_line"", ""voltage"": ""220kV""}"
node_2810,12.868079,77.6605175,intermediate_path_node,"{""id"": ""line_238"", ""type"": ""transmission_line"", ""voltage"": ""220kV""}"
node_2811,12.866032,77.6621118,intermediate_path_node,"{""id"": ""line_238"", ""type"": ""transmission_line"", ""voltage"": ""220kV""}"
node_2812,12.8633643,77.6645644,intermediate_path_node,"{""id"": ""line_238"", ""type"": ""transmission_line"", ""voltage"": ""220kV""}"
node_2813,12.8628547,77.6650472,intermediate_path_node,"{""id"": ""line_238"", ""type"": ""transmission_line"", ""voltage"": ""220kV""}"
node_2814,12.8621868,77.66568,intermediate_path_node,"{""id"": ""line_238"", ""type"": ""transmission_line"", ""voltage"": ""220kV""}"
node_2815,12.8620623,77.665798,intermediate_path_node,"{""id"": ""line_238"", ""type"": ""transmission_line"", ""voltage"": ""220kV""}"
node_2816,12.8612222,77.6672031,intermediate_path_node,"{""id"": ""line_238"", ""type"": ""transmission_line"", ""voltage"": ""220kV""}"
node_2817,12.8600816,77.6691098,intermediate_path_node,"{""id"": ""line_238"", ""type"": ""transmission_line"", ""voltage"": ""220kV""}"
node_2818,12.8589375,77.6710075,intermediate_path_node,"{""id"": ""line_238"", ""type"": ""transmission_line"", ""voltage"": ""220kV""}"
node_2819,12.8579679,77.672461,intermediate_path_node,"{""id"": ""line_238"", ""type"": ""transmission_line"", ""voltage"": ""220kV""}"
node_2820,12.856987,77.6739584,intermediate_path_node,"{""id"": ""line_238"", ""type"": ""transmission_line"", ""voltage"": ""220kV""}"
node_2821,12.8565994,77.6745522,intermediate_path_node,"{""id"": ""line_238"", ""type"": ""transmission_line"", ""voltage"": ""220kV""}"
node_2822,12.8555928,77.6760944,intermediate_path_node,"{""id"": ""line_238"", ""type"": ""transmission_line"", ""voltage"": ""220kV""}"
node_2823,12.8551458,77.6761927,intermediate_path_node,"{""id"": ""line_238"", ""type"": ""transmission_line"", ""voltage"": ""220kV""}"
node_2824,12.8544095,77.6765812,intermediate_path_node,"{""id"": ""line_238"", ""type"": ""transmission_line"", ""voltage"": ""220kV""}"
node_2825,12.8534926,77.6764358,intermediate_path_node,"{""id"": ""line_238"", ""type"": ""transmission_line"", ""voltage"": ""220kV""}"
node_2826,12.8513582,77.676743,intermediate_path_node,"{""id"": ""line_238"", ""type"": ""transmission_line"", ""voltage"": ""220kV""}"
node_2827,12.8492201,77.6770626,intermediate_path_node,"{""id"": ""line_238"", ""type"": ""transmission_line"", ""voltage"": ""220kV""}"
node_2828,12.8484077,77.6770445,intermediate_path_node,"{""id"": ""line_238"", ""type"": ""transmission_line"", ""voltage"": ""220kV""}"
node_2829,12.8467456,77.6770062,intermediate_path_node,"{""id"": ""line_238"", ""type"": ""transmission_line"", ""voltage"": ""220kV""}"
node_2830,12.8454826,77.6769626,intermediate_path_node,"{""id"": ""line_238"", ""type"": ""transmission_line"", ""voltage"": ""220kV""}"
node_2831,12.8451444,77.6764764,intermediate_path_node,"{""id"": ""line_238"", ""type"": ""transmission_line"", ""voltage"": ""220kV""}"
node_2832,12.844817,77.6759837,intermediate_path_node,"{""id"": ""line_238"", ""type"": ""transmission_line"", ""voltage"": ""220kV""}"
node_2833,12.8706084,77.6576832,intermediate_path_node,"{""id"": ""line_239"", ""type"": ""transmission_line"", ""voltage"": ""220kV""}"
node_2834,12.8710646,77.6577757,intermediate_path_node,"{""id"": ""line_239"", ""type"": ""transmission_line"", ""voltage"": ""220kV""}"
node_2835,12.8711666,77.6577972,intermediate_path_node,"{""id"": ""line_239"", ""type"": ""transmission_line"", ""voltage"": ""220kV""}"
node_2836,12.871423,77.6578526,intermediate_path_node,"{""id"": ""line_239"", ""type"": ""transmission_line"", ""voltage"": ""220kV""}"
node_2837,12.8714783,77.6578609,intermediate_path_node,"{""id"": ""line_239"", ""type"": ""transmission_line"", ""voltage"": ""220kV""}"
node_2838,12.8717258,77.657898,intermediate_path_node,"{""id"": ""line_239"", ""type"": ""transmission_line"", ""voltage"": ""220kV""}"
node_2839,12.8718894,77.6579225,intermediate_path_node,"{""id"": ""line_239"", ""type"": ""transmission_line"", ""voltage"": ""220kV""}"
node_2840,12.8720058,77.6579399,intermediate_path_node,"{""id"": ""line_239"", ""type"": ""transmission_line"", ""voltage"": ""220kV""}"
node_2841,12.8720636,77.6579486,intermediate_path_node,"{""id"": ""line_239"", ""type"": ""transmission_line"", ""voltage"": ""220kV""}"
node_2842,12.8722679,77.6579724,intermediate_path_node,"{""id"": ""line_239"", ""type"": ""transmission_line"", ""voltage"": ""220kV""}"
node_2843,12.8725773,77.6579889,intermediate_path_node,"{""id"": ""line_239"", ""type"": ""transmission_line"", ""voltage"": ""220kV""}"
node_2844,12.8726636,77.6580037,intermediate_path_node,"{""id"": ""line_239"", ""type"": ""transmission_line"", ""voltage"": ""220kV""}"
node_2845,12.8728745,77.6580429,intermediate_path_node,"{""id"": ""line_239"", ""type"": ""transmission_line"", ""voltage"": ""220kV""}"
node_2846,12.873289,77.6580911,intermediate_path_node,"{""id"": ""line_239"", ""type"": ""transmission_line"", ""voltage"": ""220kV""}"
node_2847,12.8735561,77.6581222,intermediate_path_node,"{""id"": ""line_239"", ""type"": ""transmission_line"", ""voltage"": ""220kV""}"
node_2848,12.8739721,77.6581706,intermediate_path_node,"{""id"": ""line_239"", ""type"": ""transmission_line"", ""voltage"": ""220kV""}"
node_2849,12.9792915,77.716724,intermediate_path_node,"{""id"": ""line_240"", ""type"": ""transmission_line"", ""voltage"": ""220kV""}"
node_2850,12.981471,77.7155152,intermediate_path_node,"{""id"": ""line_240"", ""type"": ""transmission_line"", ""voltage"": ""220kV""}"
node_2851,12.9827017,77.714978,intermediate_path_node,"{""id"": ""line_240"", ""type"": ""transmission_line"", ""voltage"": ""220kV""}"
node_2852,12.9832786,77.7147262,intermediate_path_node,"{""id"": ""line_240"", ""type"": ""transmission_line"", ""voltage"": ""220kV""}"
node_2853,12.9855064,77.7137573,intermediate_path_node,"{""id"": ""line_240"", ""type"": ""transmission_line"", ""voltage"": ""220kV""}"
node_2854,12.9874059,77.7129302,intermediate_path_node,"{""id"": ""line_240"", ""type"": ""transmission_line"", ""voltage"": ""220kV""}"
node_2855,12.9888181,77.7123671,intermediate_path_node,"{""id"": ""line_240"", ""type"": ""transmission_line"", ""voltage"": ""220kV""}"
node_2856,12.9896103,77.7119892,intermediate_path_node,"{""id"": ""line_240"", ""type"": ""transmission_line"", ""voltage"": ""220kV""}"
node_2857,12.9912156,77.7112681,intermediate_path_node,"{""id"": ""line_240"", ""type"": ""transmission_line"", ""voltage"": ""220kV""}"
node_2858,12.9924537,77.7107173,intermediate_path_node,"{""id"": ""line_240"", ""type"": ""transmission_line"", ""voltage"": ""220kV""}"
node_2859,12.9931689,77.7107552,intermediate_path_node,"{""id"": ""line_240"", ""type"": ""transmission_line"", ""voltage"": ""220kV""}"
node_2860,12.8840939,77.6669826,intermediate_path_node,"{""id"": ""line_241"", ""type"": ""transmission_line"", ""voltage"": ""220kV""}"
node_2861,12.8847181,77.6681283,intermediate_path_node,"{""id"": ""line_241"", ""type"": ""transmission_line"", ""voltage"": ""220kV""}"
node_2862,12.8853669,77.6691845,intermediate_path_node,"{""id"": ""line_241"", ""type"": ""transmission_line"", ""voltage"": ""220kV""}"
node_2863,12.886637,77.6714191,intermediate_path_node,"{""id"": ""line_241"", ""type"": ""transmission_line"", ""voltage"": ""220kV""}"
node_2864,12.8880045,77.6737608,intermediate_path_node,"{""id"": ""line_241"", ""type"": ""transmission_line"", ""voltage"": ""220kV""}"
node_2865,12.890837,77.6788475,intermediate_path_node,"{""id"": ""line_241"", ""type"": ""transmission_line"", ""voltage"": ""220kV""}"
node_2866,12.8920409,77.6811106,intermediate_path_node,"{""id"": ""line_241"", ""type"": ""transmission_line"", ""voltage"": ""220kV""}"
node_2867,12.8933425,77.683561,intermediate_path_node,"{""id"": ""line_241"", ""type"": ""transmission_line"", ""voltage"": ""220kV""}"
node_2868,12.8945671,77.685744,intermediate_path_node,"{""id"": ""line_241"", ""type"": ""transmission_line"", ""voltage"": ""220kV""}"
node_2869,12.8957293,77.6879072,intermediate_path_node,"{""id"": ""line_241"", ""type"": ""transmission_line"", ""voltage"": ""220kV""}"
node_2870,12.8970376,77.6903095,intermediate_path_node,"{""id"": ""line_241"", ""type"": ""transmission_line"", ""voltage"": ""220kV""}"
node_2871,12.8995812,77.6926084,intermediate_path_node,"{""id"": ""line_241"", ""type"": ""transmission_line"", ""voltage"": ""220kV""}"
node_2872,12.9005573,77.6934662,intermediate_path_node,"{""id"": ""line_241"", ""type"": ""transmission_line"", ""voltage"": ""220kV""}"
node_2873,12.9018638,77.6946145,intermediate_path_node,"{""id"": ""line_241"", ""type"": ""transmission_line"", ""voltage"": ""220kV""}"
node_2874,12.9042054,77.6967206,intermediate_path_node,"{""id"": ""line_241"", ""type"": ""transmission_line"", ""voltage"": ""220kV""}"
node_2875,12.9060113,77.698359,intermediate_path_node,"{""id"": ""line_241"", ""type"": ""transmission_line"", ""voltage"": ""220kV""}"
node_2876,12.9083631,77.7003964,intermediate_path_node,"{""id"": ""line_241"", ""type"": ""transmission_line"", ""voltage"": ""220kV""}"
node_2877,12.9104148,77.7022021,intermediate_path_node,"{""id"": ""line_242"", ""type"": ""transmission_line"", ""voltage"": ""220kV""}"
node_2878,12.9117834,77.703374,intermediate_path_node,"{""id"": ""line_242"", ""type"": ""transmission_line"", ""voltage"": ""220kV""}"
node_2879,12.9123356,77.7038474,intermediate_path_node,"{""id"": ""line_242"", ""type"": ""transmission_line"", ""voltage"": ""220kV""}"
node_2880,12.9125006,77.7057918,intermediate_path_node,"{""id"": ""line_242"", ""type"": ""transmission_line"", ""voltage"": ""220kV""}"
node_2881,12.9144266,77.7074134,intermediate_path_node,"{""id"": ""line_242"", ""type"": ""transmission_line"", ""voltage"": ""220kV""}"
node_2882,12.9162568,77.7089579,intermediate_path_node,"{""id"": ""line_242"", ""type"": ""transmission_line"", ""voltage"": ""220kV""}"
node_2883,12.9187359,77.7110293,intermediate_path_node,"{""id"": ""line_242"", ""type"": ""transmission_line"", ""voltage"": ""220kV""}"
node_2884,12.9208297,77.7128378,intermediate_path_node,"{""id"": ""line_242"", ""type"": ""transmission_line"", ""voltage"": ""220kV""}"
node_2885,12.9229977,77.7146131,intermediate_path_node,"{""id"": ""line_242"", ""type"": ""transmission_line"", ""voltage"": ""220kV""}"
node_2886,12.9249501,77.7162631,intermediate_path_node,"{""id"": ""line_242"", ""type"": ""transmission_line"", ""voltage"": ""220kV""}"
node_2887,12.9266609,77.7176915,intermediate_path_node,"{""id"": ""line_242"", ""type"": ""transmission_line"", ""voltage"": ""220kV""}"
node_2888,12.9291065,77.7196556,intermediate_path_node,"{""id"": ""line_242"", ""type"": ""transmission_line"", ""voltage"": ""220kV""}"
node_2889,12.9310735,77.7213201,intermediate_path_node,"{""id"": ""line_242"", ""type"": ""transmission_line"", ""voltage"": ""220kV""}"
node_2890,12.9314082,77.7216034,intermediate_path_node,"{""id"": ""line_242"", ""type"": ""transmission_line"", ""voltage"": ""220kV""}"
node_2891,12.9337534,77.7209756,intermediate_path_node,"{""id"": ""line_242"", ""type"": ""transmission_line"", ""voltage"": ""220kV""}"
node_2892,12.9370711,77.7200055,intermediate_path_node,"{""id"": ""line_242"", ""type"": ""transmission_line"", ""voltage"": ""220kV""}"
node_2893,12.9393069,77.7193552,intermediate_path_node,"{""id"": ""line_242"", ""type"": ""transmission_line"", ""voltage"": ""220kV""}"
node_2894,12.9419721,77.7185783,intermediate_path_node,"{""id"": ""line_242"", ""type"": ""transmission_line"", ""voltage"": ""220kV""}"
node_2895,12.9451976,77.7176704,intermediate_path_node,"{""id"": ""line_242"", ""type"": ""transmission_line"", ""voltage"": ""220kV""}"
node_2896,12.9473608,77.7170408,intermediate_path_node,"{""id"": ""line_242"", ""type"": ""transmission_line"", ""voltage"": ""220kV""}"
node_2897,12.9477637,77.7171871,intermediate_path_node,"{""id"": ""line_242"", ""type"": ""transmission_line"", ""voltage"": ""220kV""}"
node_2898,12.9484686,77.7172323,intermediate_path_node,"{""id"": ""line_242"", ""type"": ""transmission_line"", ""voltage"": ""220kV""}"
node_2899,12.9495858,77.7172886,intermediate_path_node,"{""id"": ""line_242"", ""type"": ""transmission_line"", ""voltage"": ""220kV""}"
node_2900,12.9500998,77.7175446,intermediate_path_node,"{""id"": ""line_242"", ""type"": ""transmission_line"", ""voltage"": ""220kV""}"
node_2901,12.9504365,77.7175009,intermediate_path_node,"{""id"": ""line_242"", ""type"": ""transmission_line"", ""voltage"": ""220kV""}"
node_2902,12.9537438,77.7179757,intermediate_path_node,"{""id"": ""line_242"", ""type"": ""transmission_line"", ""voltage"": ""220kV""}"
node_2903,12.9560723,77.7179378,intermediate_path_node,"{""id"": ""line_242"", ""type"": ""transmission_line"", ""voltage"": ""220kV""}"
node_2904,12.9570673,77.7184485,intermediate_path_node,"{""id"": ""line_242"", ""type"": ""transmission_line"", ""voltage"": ""220kV""}"
node_2905,12.9588383,77.7197855,intermediate_path_node,"{""id"": ""line_242"", ""type"": ""transmission_line"", ""voltage"": ""220kV""}"
node_2906,12.9605491,77.7210504,intermediate_path_node,"{""id"": ""line_242"", ""type"": ""transmission_line"", ""voltage"": ""220kV""}"
node_2907,12.9629364,77.7228481,intermediate_path_node,"{""id"": ""line_242"", ""type"": ""transmission_line"", ""voltage"": ""220kV""}"
node_2908,12.9645942,77.7223241,intermediate_path_node,"{""id"": ""line_242"", ""type"": ""transmission_line"", ""voltage"": ""220kV""}"
node_2909,12.966236,77.7218256,intermediate_path_node,"{""id"": ""line_242"", ""type"": ""transmission_line"", ""voltage"": ""220kV""}"
node_2910,12.9680353,77.7212702,intermediate_path_node,"{""id"": ""line_242"", ""type"": ""transmission_line"", ""voltage"": ""220kV""}"
node_2911,12.9706709,77.7204616,intermediate_path_node,"{""id"": ""line_242"", ""type"": ""transmission_line"", ""voltage"": ""220kV""}"
node_2912,12.9732485,77.7196717,intermediate_path_node,"{""id"": ""line_242"", ""type"": ""transmission_line"", ""voltage"": ""220kV""}"
node_2913,12.975458,77.7179987,intermediate_path_node,"{""id"": ""line_242"", ""type"": ""transmission_line"", ""voltage"": ""220kV""}"
node_2914,12.9775545,77.7164402,intermediate_path_node,"{""id"": ""line_242"", ""type"": ""transmission_line"", ""voltage"": ""220kV""}"
node_2915,12.9777194,77.716311,intermediate_path_node,"{""id"": ""line_242"", ""type"": ""transmission_line"", ""voltage"": ""220kV""}"
node_2916,12.9786307,77.7166677,intermediate_path_node,"{""id"": ""line_242"", ""type"": ""transmission_line"", ""voltage"": ""220kV""}"
node_2917,12.9791413,77.7171334,intermediate_path_node,"{""id"": ""line_242"", ""type"": ""transmission_line"", ""voltage"": ""220kV""}"
node_2918,12.980416,77.7166366,intermediate_path_node,"{""id"": ""line_242"", ""type"": ""transmission_line"", ""voltage"": ""220kV""}"
node_2919,12.9816579,77.7158435,intermediate_path_node,"{""id"": ""line_242"", ""type"": ""transmission_line"", ""voltage"": ""220kV""}"
node_2920,12.982656,77.7151687,intermediate_path_node,"{""id"": ""line_242"", ""type"": ""transmission_line"", ""voltage"": ""220kV""}"
node_2921,12.9827854,77.7151104,intermediate_path_node,"{""id"": ""line_242"", ""type"": ""transmission_line"", ""voltage"": ""220kV""}"
node_2922,12.9849536,77.7145969,intermediate_path_node,"{""id"": ""line_242"", ""type"": ""transmission_line"", ""voltage"": ""220kV""}"
node_2923,12.9872266,77.7140589,intermediate_path_node,"{""id"": ""line_242"", ""type"": ""transmission_line"", ""voltage"": ""220kV""}"
node_2924,12.9883227,77.7136146,intermediate_path_node,"{""id"": ""line_242"", ""type"": ""transmission_line"", ""voltage"": ""220kV""}"
node_2925,12.98897,77.7136624,intermediate_path_node,"{""id"": ""line_242"", ""type"": ""transmission_line"", ""voltage"": ""220kV""}"
node_2926,12.9896674,77.713504,intermediate_path_node,"{""id"": ""line_242"", ""type"": ""transmission_line"", ""voltage"": ""220kV""}"
node_2927,12.9927198,77.7127098,intermediate_path_node,"{""id"": ""line_242"", ""type"": ""transmission_line"", ""voltage"": ""220kV""}"
node_2928,12.9935627,77.7122262,intermediate_path_node,"{""id"": ""line_242"", ""type"": ""transmission_line"", ""voltage"": ""220kV""}"
node_2929,12.8389742,77.5662722,intermediate_path_node,"{""id"": ""line_243"", ""type"": ""transmission_line"", ""voltage"": ""220kV""}"
node_2930,12.8406807,77.5695628,intermediate_path_node,"{""id"": ""line_243"", ""type"": ""transmission_line"", ""voltage"": ""220kV""}"
node_2931,12.8412719,77.5706562,intermediate_path_node,"{""id"": ""line_243"", ""type"": ""transmission_line"", ""voltage"": ""220kV""}"
node_2932,12.8419376,77.5719167,intermediate_path_node,"{""id"": ""line_243"", ""type"": ""transmission_line"", ""voltage"": ""220kV""}"
node_2933,12.8442246,77.5762359,intermediate_path_node,"{""id"": ""line_243"", ""type"": ""transmission_line"", ""voltage"": ""220kV""}"
node_2934,12.8437738,77.5774654,intermediate_path_node,"{""id"": ""line_243"", ""type"": ""transmission_line"", ""voltage"": ""220kV""}"
node_2935,12.8436452,77.577816,intermediate_path_node,"{""id"": ""line_243"", ""type"": ""transmission_line"", ""voltage"": ""220kV""}"
node_2936,12.8429605,77.5796134,intermediate_path_node,"{""id"": ""line_243"", ""type"": ""transmission_line"", ""voltage"": ""220kV""}"
node_2937,12.8422214,77.5815559,intermediate_path_node,"{""id"": ""line_243"", ""type"": ""transmission_line"", ""voltage"": ""220kV""}"
node_2938,12.8412411,77.5841323,intermediate_path_node,"{""id"": ""line_243"", ""type"": ""transmission_line"", ""voltage"": ""220kV""}"
node_2939,12.8414841,77.5869302,intermediate_path_node,"{""id"": ""line_243"", ""type"": ""transmission_line"", ""voltage"": ""220kV""}"
node_2940,12.8417638,77.5895794,intermediate_path_node,"{""id"": ""line_243"", ""type"": ""transmission_line"", ""voltage"": ""220kV""}"
node_2941,12.8419098,77.5913249,intermediate_path_node,"{""id"": ""line_243"", ""type"": ""transmission_line"", ""voltage"": ""220kV""}"
node_2942,12.8420017,77.5924244,intermediate_path_node,"{""id"": ""line_243"", ""type"": ""transmission_line"", ""voltage"": ""220kV""}"
node_2943,12.842308,77.5957296,intermediate_path_node,"{""id"": ""line_243"", ""type"": ""transmission_line"", ""voltage"": ""220kV""}"
node_2944,12.8425478,77.5983789,intermediate_path_node,"{""id"": ""line_243"", ""type"": ""transmission_line"", ""voltage"": ""220kV""}"
node_2945,12.8427585,77.6012294,intermediate_path_node,"{""id"": ""line_243"", ""type"": ""transmission_line"", ""voltage"": ""220kV""}"
node_2946,12.8430367,77.6044049,intermediate_path_node,"{""id"": ""line_243"", ""type"": ""transmission_line"", ""voltage"": ""220kV""}"
node_2947,12.8432671,77.6070348,intermediate_path_node,"{""id"": ""line_243"", ""type"": ""transmission_line"", ""voltage"": ""220kV""}"
node_2948,12.8438654,77.6088045,intermediate_path_node,"{""id"": ""line_243"", ""type"": ""transmission_line"", ""voltage"": ""220kV""}"
node_2949,12.8442334,77.6098928,intermediate_path_node,"{""id"": ""line_243"", ""type"": ""transmission_line"", ""voltage"": ""220kV""}"
node_2950,12.8451344,77.6125309,intermediate_path_node,"{""id"": ""line_243"", ""type"": ""transmission_line"", ""voltage"": ""220kV""}"
node_2951,12.846257,77.6156236,intermediate_path_node,"{""id"": ""line_243"", ""type"": ""transmission_line"", ""voltage"": ""220kV""}"
node_2952,12.8472379,77.618381,intermediate_path_node,"{""id"": ""line_243"", ""type"": ""transmission_line"", ""voltage"": ""220kV""}"
node_2953,12.8480863,77.6206866,intermediate_path_node,"{""id"": ""line_243"", ""type"": ""transmission_line"", ""voltage"": ""220kV""}"
node_2954,12.8489077,77.6214197,intermediate_path_node,"{""id"": ""line_243"", ""type"": ""transmission_line"", ""voltage"": ""220kV""}"
node_2955,12.8509735,77.6234875,intermediate_path_node,"{""id"": ""line_243"", ""type"": ""transmission_line"", ""voltage"": ""220kV""}"
node_2956,12.8536154,77.6254497,intermediate_path_node,"{""id"": ""line_243"", ""type"": ""transmission_line"", ""voltage"": ""220kV""}"
node_2957,12.8556955,77.6276415,intermediate_path_node,"{""id"": ""line_243"", ""type"": ""transmission_line"", ""voltage"": ""220kV""}"
node_2958,12.857427,77.6295088,intermediate_path_node,"{""id"": ""line_243"", ""type"": ""transmission_line"", ""voltage"": ""220kV""}"
node_2959,12.8597097,77.6319378,intermediate_path_node,"{""id"": ""line_243"", ""type"": ""transmission_line"", ""voltage"": ""220kV""}"
node_2960,12.8618004,77.6341807,intermediate_path_node,"{""id"": ""line_243"", ""type"": ""transmission_line"", ""voltage"": ""220kV""}"
node_2961,12.8639479,77.6364273,intermediate_path_node,"{""id"": ""line_243"", ""type"": ""transmission_line"", ""voltage"": ""220kV""}"
node_2962,12.8658871,77.6385455,intermediate_path_node,"{""id"": ""line_243"", ""type"": ""transmission_line"", ""voltage"": ""220kV""}"
node_2963,12.866889,77.6399626,intermediate_path_node,"{""id"": ""line_243"", ""type"": ""transmission_line"", ""voltage"": ""220kV""}"
node_2964,12.8675958,77.6409622,intermediate_path_node,"{""id"": ""line_243"", ""type"": ""transmission_line"", ""voltage"": ""220kV""}"
node_2965,12.8694019,77.6435323,intermediate_path_node,"{""id"": ""line_243"", ""type"": ""transmission_line"", ""voltage"": ""220kV""}"
node_2966,12.8709748,77.645699,intermediate_path_node,"{""id"": ""line_243"", ""type"": ""transmission_line"", ""voltage"": ""220kV""}"
node_2967,12.8725998,77.6479628,intermediate_path_node,"{""id"": ""line_243"", ""type"": ""transmission_line"", ""voltage"": ""220kV""}"
node_2968,12.8737992,77.6495562,intermediate_path_node,"{""id"": ""line_243"", ""type"": ""transmission_line"", ""voltage"": ""220kV""}"
node_2969,12.8742969,77.6502173,intermediate_path_node,"{""id"": ""line_243"", ""type"": ""transmission_line"", ""voltage"": ""220kV""}"
node_2970,12.874575,77.6506136,intermediate_path_node,"{""id"": ""line_243"", ""type"": ""transmission_line"", ""voltage"": ""220kV""}"
node_2971,12.8760708,77.6531763,intermediate_path_node,"{""id"": ""line_243"", ""type"": ""transmission_line"", ""voltage"": ""220kV""}"
node_2972,12.8774023,77.6554764,intermediate_path_node,"{""id"": ""line_243"", ""type"": ""transmission_line"", ""voltage"": ""220kV""}"
node_2973,12.8786319,77.6575732,intermediate_path_node,"{""id"": ""line_243"", ""type"": ""transmission_line"", ""voltage"": ""220kV""}"
node_2974,12.8813588,77.6622998,intermediate_path_node,"{""id"": ""line_243"", ""type"": ""transmission_line"", ""voltage"": ""220kV""}"
node_2975,12.8816307,77.6627723,intermediate_path_node,"{""id"": ""line_243"", ""type"": ""transmission_line"", ""voltage"": ""220kV""}"
node_2976,13.1070496,77.5842048,intermediate_path_node,"{""id"": ""line_244"", ""type"": ""transmission_line"", ""voltage"": ""220kV""}"
node_2977,13.1078463,77.5834618,intermediate_path_node,"{""id"": ""line_244"", ""type"": ""transmission_line"", ""voltage"": ""220kV""}"
node_2978,13.1094549,77.5826017,intermediate_path_node,"{""id"": ""line_244"", ""type"": ""transmission_line"", ""voltage"": ""220kV""}"
node_2979,13.1108998,77.5826653,intermediate_path_node,"{""id"": ""line_244"", ""type"": ""transmission_line"", ""voltage"": ""220kV""}"
node_2980,13.1120742,77.5827205,intermediate_path_node,"{""id"": ""line_244"", ""type"": ""transmission_line"", ""voltage"": ""220kV""}"
node_2981,13.0452985,77.5829591,intermediate_path_node,"{""id"": ""line_245"", ""type"": ""transmission_line"", ""voltage"": ""220kV""}"
node_2982,13.0452829,77.5831175,intermediate_path_node,"{""id"": ""line_245"", ""type"": ""transmission_line"", ""voltage"": ""220kV""}"
node_2983,13.0449751,77.5833278,intermediate_path_node,"{""id"": ""line_245"", ""type"": ""transmission_line"", ""voltage"": ""220kV""}"
node_2984,13.0435048,77.5830321,intermediate_path_node,"{""id"": ""line_245"", ""type"": ""transmission_line"", ""voltage"": ""220kV""}"
node_2985,13.0418151,77.5828166,intermediate_path_node,"{""id"": ""line_245"", ""type"": ""transmission_line"", ""voltage"": ""220kV""}"
node_2986,13.0394803,77.5826823,intermediate_path_node,"{""id"": ""line_245"", ""type"": ""transmission_line"", ""voltage"": ""220kV""}"
node_2987,13.0374009,77.5822229,intermediate_path_node,"{""id"": ""line_245"", ""type"": ""transmission_line"", ""voltage"": ""220kV""}"
node_2988,13.0356593,77.581939,intermediate_path_node,"{""id"": ""line_245"", ""type"": ""transmission_line"", ""voltage"": ""220kV""}"
node_2989,13.0340359,77.5815403,intermediate_path_node,"{""id"": ""line_245"", ""type"": ""transmission_line"", ""voltage"": ""220kV""}"
node_2990,13.0313903,77.5813865,intermediate_path_node,"{""id"": ""line_245"", ""type"": ""transmission_line"", ""voltage"": ""220kV""}"
node_2991,13.030075,77.5813475,intermediate_path_node,"{""id"": ""line_245"", ""type"": ""transmission_line"", ""voltage"": ""220kV""}"
node_2992,13.0860303,77.5585934,intermediate_path_node,"{""id"": ""line_246"", ""type"": ""transmission_line"", ""voltage"": ""220kV""}"
node_2993,13.0861953,77.5585459,intermediate_path_node,"{""id"": ""line_246"", ""type"": ""transmission_line"", ""voltage"": ""220kV""}"
node_2994,13.087411,77.5586539,intermediate_path_node,"{""id"": ""line_246"", ""type"": ""transmission_line"", ""voltage"": ""220kV""}"
node_2995,13.0893613,77.5595076,intermediate_path_node,"{""id"": ""line_246"", ""type"": ""transmission_line"", ""voltage"": ""220kV""}"
node_2996,13.0912487,77.5603064,intermediate_path_node,"{""id"": ""line_246"", ""type"": ""transmission_line"", ""voltage"": ""220kV""}"
node_2997,13.0930389,77.5610903,intermediate_path_node,"{""id"": ""line_246"", ""type"": ""transmission_line"", ""voltage"": ""220kV""}"
node_2998,13.0948693,77.5619058,intermediate_path_node,"{""id"": ""line_246"", ""type"": ""transmission_line"", ""voltage"": ""220kV""}"
node_2999,13.097131,77.5628203,intermediate_path_node,"{""id"": ""line_246"", ""type"": ""transmission_line"", ""voltage"": ""220kV""}"
node_3000,13.09747,77.5651599,intermediate_path_node,"{""id"": ""line_246"", ""type"": ""transmission_line"", ""voltage"": ""220kV""}"
node_3001,13.0978286,77.5673562,intermediate_path_node,"{""id"": ""line_246"", ""type"": ""transmission_line"", ""voltage"": ""220kV""}"
node_3002,13.0982988,77.5700441,intermediate_path_node,"{""id"": ""line_246"", ""type"": ""transmission_line"", ""voltage"": ""220kV""}"
node_3003,13.0303423,77.5833799,intermediate_path_node,"{""id"": ""line_248"", ""type"": ""transmission_line"", ""voltage"": ""220kV""}"
node_3004,13.0300866,77.585307,intermediate_path_node,"{""id"": ""line_248"", ""type"": ""transmission_line"", ""voltage"": ""220kV""}"
node_3005,13.0298364,77.5870053,intermediate_path_node,"{""id"": ""line_248"", ""type"": ""transmission_line"", ""voltage"": ""220kV""}"
node_3006,13.0292253,77.5913398,intermediate_path_node,"{""id"": ""line_248"", ""type"": ""transmission_line"", ""voltage"": ""220kV""}"
node_3007,13.0282907,77.5981039,intermediate_path_node,"{""id"": ""line_248"", ""type"": ""transmission_line"", ""voltage"": ""220kV""}"
node_3008,13.0282384,77.5983404,intermediate_path_node,"{""id"": ""line_248"", ""type"": ""transmission_line"", ""voltage"": ""220kV""}"
node_3009,13.0281542,77.598933,intermediate_path_node,"{""id"": ""line_248"", ""type"": ""transmission_line"", ""voltage"": ""220kV""}"
node_3010,13.0278478,77.6010896,intermediate_path_node,"{""id"": ""line_248"", ""type"": ""transmission_line"", ""voltage"": ""220kV""}"
node_3011,13.0272546,77.6049748,intermediate_path_node,"{""id"": ""line_248"", ""type"": ""transmission_line"", ""voltage"": ""220kV""}"
node_3012,13.0281589,77.6084045,intermediate_path_node,"{""id"": ""line_248"", ""type"": ""transmission_line"", ""voltage"": ""220kV""}"
node_3013,13.0283187,77.6089075,intermediate_path_node,"{""id"": ""line_248"", ""type"": ""transmission_line"", ""voltage"": ""220kV""}"
node_3014,13.0286198,77.6101008,intermediate_path_node,"{""id"": ""line_248"", ""type"": ""transmission_line"", ""voltage"": ""220kV""}"
node_3015,13.0260867,77.5812502,intermediate_path_node,"{""id"": ""line_249"", ""type"": ""transmission_line"", ""voltage"": ""220kV""}"
node_3016,13.0279843,77.5811564,intermediate_path_node,"{""id"": ""line_249"", ""type"": ""transmission_line"", ""voltage"": ""220kV""}"
node_3017,13.1115543,77.5795341,intermediate_path_node,"{""id"": ""line_250"", ""type"": ""transmission_line"", ""voltage"": ""220kV""}"
node_3018,13.1113546,77.5794915,intermediate_path_node,"{""id"": ""line_250"", ""type"": ""transmission_line"", ""voltage"": ""220kV""}"
node_3019,13.1108029,77.5784044,intermediate_path_node,"{""id"": ""line_250"", ""type"": ""transmission_line"", ""voltage"": ""220kV""}"
node_3020,13.1097133,77.5776896,intermediate_path_node,"{""id"": ""line_250"", ""type"": ""transmission_line"", ""voltage"": ""220kV""}"
node_3021,13.0307697,77.5817372,intermediate_path_node,"{""id"": ""line_251"", ""type"": ""transmission_line"", ""voltage"": ""220kV""}"
node_3022,13.031526,77.5787329,intermediate_path_node,"{""id"": ""line_251"", ""type"": ""transmission_line"", ""voltage"": ""220kV""}"
node_3023,13.0331416,77.5723078,intermediate_path_node,"{""id"": ""line_251"", ""type"": ""transmission_line"", ""voltage"": ""220kV""}"
node_3024,13.0341188,77.57104,intermediate_path_node,"{""id"": ""line_251"", ""type"": ""transmission_line"", ""voltage"": ""220kV""}"
node_3025,13.0349582,77.56915,intermediate_path_node,"{""id"": ""line_251"", ""type"": ""transmission_line"", ""voltage"": ""220kV""}"
node_3026,13.0359442,77.5674259,intermediate_path_node,"{""id"": ""line_251"", ""type"": ""transmission_line"", ""voltage"": ""220kV""}"
node_3027,13.0360161,77.5666968,intermediate_path_node,"{""id"": ""line_251"", ""type"": ""transmission_line"", ""voltage"": ""220kV""}"
node_3028,13.1136399,77.5803745,intermediate_path_node,"{""id"": ""line_252"", ""type"": ""transmission_line"", ""voltage"": ""220kV""}"
node_3029,13.1132219,77.580066,intermediate_path_node,"{""id"": ""line_252"", ""type"": ""transmission_line"", ""voltage"": ""220kV""}"
node_3030,13.1129842,77.5798313,intermediate_path_node,"{""id"": ""line_252"", ""type"": ""transmission_line"", ""voltage"": ""220kV""}"
node_3031,13.1129148,77.5791441,intermediate_path_node,"{""id"": ""line_252"", ""type"": ""transmission_line"", ""voltage"": ""220kV""}"
node_3032,13.1118928,77.5768073,intermediate_path_node,"{""id"": ""line_252"", ""type"": ""transmission_line"", ""voltage"": ""220kV""}"
node_3033,13.1108346,77.5744563,intermediate_path_node,"{""id"": ""line_252"", ""type"": ""transmission_line"", ""voltage"": ""220kV""}"
node_3034,13.1105717,77.5715554,intermediate_path_node,"{""id"": ""line_252"", ""type"": ""transmission_line"", ""voltage"": ""220kV""}"
node_3035,13.1103913,77.5692815,intermediate_path_node,"{""id"": ""line_252"", ""type"": ""transmission_line"", ""voltage"": ""220kV""}"
node_3036,13.1117496,77.5663583,intermediate_path_node,"{""id"": ""line_252"", ""type"": ""transmission_line"", ""voltage"": ""220kV""}"
node_3037,13.1126754,77.5637274,intermediate_path_node,"{""id"": ""line_252"", ""type"": ""transmission_line"", ""voltage"": ""220kV""}"
node_3038,13.1136012,77.5611545,intermediate_path_node,"{""id"": ""line_252"", ""type"": ""transmission_line"", ""voltage"": ""220kV""}"
node_3039,13.1145922,77.5584232,intermediate_path_node,"{""id"": ""line_252"", ""type"": ""transmission_line"", ""voltage"": ""220kV""}"
node_3040,13.1161874,77.5563547,intermediate_path_node,"{""id"": ""line_252"", ""type"": ""transmission_line"", ""voltage"": ""220kV""}"
node_3041,13.1176174,77.5544869,intermediate_path_node,"{""id"": ""line_252"", ""type"": ""transmission_line"", ""voltage"": ""220kV""}"
node_3042,13.1191626,77.5524808,intermediate_path_node,"{""id"": ""line_252"", ""type"": ""transmission_line"", ""voltage"": ""220kV""}"
node_3043,13.1206882,77.5504703,intermediate_path_node,"{""id"": ""line_252"", ""type"": ""transmission_line"", ""voltage"": ""220kV""}"
node_3044,13.1219508,77.5488324,intermediate_path_node,"{""id"": ""line_252"", ""type"": ""transmission_line"", ""voltage"": ""220kV""}"
node_3045,13.1224137,77.5469357,intermediate_path_node,"{""id"": ""line_252"", ""type"": ""transmission_line"", ""voltage"": ""220kV""}"
node_3046,13.1229613,77.5448269,intermediate_path_node,"{""id"": ""line_252"", ""type"": ""transmission_line"", ""voltage"": ""220kV""}"
node_3047,13.1235633,77.5425291,intermediate_path_node,"{""id"": ""line_252"", ""type"": ""transmission_line"", ""voltage"": ""220kV""}"
node_3048,13.1241126,77.5403081,intermediate_path_node,"{""id"": ""line_252"", ""type"": ""transmission_line"", ""voltage"": ""220kV""}"
node_3049,13.1246895,77.5380938,intermediate_path_node,"{""id"": ""line_252"", ""type"": ""transmission_line"", ""voltage"": ""220kV""}"
node_3050,13.1253804,77.5354418,intermediate_path_node,"{""id"": ""line_252"", ""type"": ""transmission_line"", ""voltage"": ""220kV""}"
node_3051,13.125961,77.5331854,intermediate_path_node,"{""id"": ""line_252"", ""type"": ""transmission_line"", ""voltage"": ""220kV""}"
node_3052,13.1250469,77.5311425,intermediate_path_node,"{""id"": ""line_252"", ""type"": ""transmission_line"", ""voltage"": ""220kV""}"
node_3053,13.1242877,77.5293674,intermediate_path_node,"{""id"": ""line_252"", ""type"": ""transmission_line"", ""voltage"": ""220kV""}"
node_3054,13.1233514,77.5272856,intermediate_path_node,"{""id"": ""line_252"", ""type"": ""transmission_line"", ""voltage"": ""220kV""}"
node_3055,13.1223244,77.5250268,intermediate_path_node,"{""id"": ""line_252"", ""type"": ""transmission_line"", ""voltage"": ""220kV""}"
node_3056,13.1220366,77.5236745,intermediate_path_node,"{""id"": ""line_252"", ""type"": ""transmission_line"", ""voltage"": ""220kV""}"
node_3057,13.1213992,77.521038,intermediate_path_node,"{""id"": ""line_252"", ""type"": ""transmission_line"", ""voltage"": ""220kV""}"
node_3058,13.1209212,77.5190726,intermediate_path_node,"{""id"": ""line_252"", ""type"": ""transmission_line"", ""voltage"": ""220kV""}"
node_3059,13.1204496,77.5171334,intermediate_path_node,"{""id"": ""line_252"", ""type"": ""transmission_line"", ""voltage"": ""220kV""}"
node_3060,13.1217201,77.5146038,intermediate_path_node,"{""id"": ""line_252"", ""type"": ""transmission_line"", ""voltage"": ""220kV""}"
node_3061,13.1229087,77.5122424,intermediate_path_node,"{""id"": ""line_252"", ""type"": ""transmission_line"", ""voltage"": ""220kV""}"
node_3062,13.1237875,77.5105309,intermediate_path_node,"{""id"": ""line_252"", ""type"": ""transmission_line"", ""voltage"": ""220kV""}"
node_3063,13.1249849,77.5081672,intermediate_path_node,"{""id"": ""line_252"", ""type"": ""transmission_line"", ""voltage"": ""220kV""}"
node_3064,13.1259545,77.5062642,intermediate_path_node,"{""id"": ""line_252"", ""type"": ""transmission_line"", ""voltage"": ""220kV""}"
node_3065,13.127005,77.5041437,intermediate_path_node,"{""id"": ""line_252"", ""type"": ""transmission_line"", ""voltage"": ""220kV""}"
node_3066,13.1279609,77.5022479,intermediate_path_node,"{""id"": ""line_252"", ""type"": ""transmission_line"", ""voltage"": ""220kV""}"
node_3067,13.1290114,77.5002432,intermediate_path_node,"{""id"": ""line_252"", ""type"": ""transmission_line"", ""voltage"": ""220kV""}"
node_3068,13.1291692,77.5000279,intermediate_path_node,"{""id"": ""line_252"", ""type"": ""transmission_line"", ""voltage"": ""220kV""}"
node_3069,13.1136125,77.5805676,intermediate_path_node,"{""id"": ""line_253"", ""type"": ""transmission_line"", ""voltage"": ""220kV""}"
node_3070,13.1131553,77.5807178,intermediate_path_node,"{""id"": ""line_253"", ""type"": ""transmission_line"", ""voltage"": ""220kV""}"
node_3071,13.1122593,77.5811335,intermediate_path_node,"{""id"": ""line_253"", ""type"": ""transmission_line"", ""voltage"": ""220kV""}"
node_3072,13.1121044,77.5808732,intermediate_path_node,"{""id"": ""line_253"", ""type"": ""transmission_line"", ""voltage"": ""220kV""}"
node_3073,13.1111225,77.5770174,intermediate_path_node,"{""id"": ""line_253"", ""type"": ""transmission_line"", ""voltage"": ""220kV""}"
node_3074,13.1106993,77.574566,intermediate_path_node,"{""id"": ""line_253"", ""type"": ""transmission_line"", ""voltage"": ""220kV""}"
node_3075,13.1102029,77.57169,intermediate_path_node,"{""id"": ""line_253"", ""type"": ""transmission_line"", ""voltage"": ""220kV""}"
node_3076,13.1097584,77.5691151,intermediate_path_node,"{""id"": ""line_253"", ""type"": ""transmission_line"", ""voltage"": ""220kV""}"
node_3077,13.1093083,77.5665612,intermediate_path_node,"{""id"": ""line_253"", ""type"": ""transmission_line"", ""voltage"": ""220kV""}"
node_3078,13.1095118,77.5650735,intermediate_path_node,"{""id"": ""line_253"", ""type"": ""transmission_line"", ""voltage"": ""220kV""}"
node_3079,13.1098516,77.5625892,intermediate_path_node,"{""id"": ""line_253"", ""type"": ""transmission_line"", ""voltage"": ""220kV""}"
node_3080,13.110158,77.5603176,intermediate_path_node,"{""id"": ""line_253"", ""type"": ""transmission_line"", ""voltage"": ""220kV""}"
node_3081,13.1115859,77.5596973,intermediate_path_node,"{""id"": ""line_253"", ""type"": ""transmission_line"", ""voltage"": ""220kV""}"
node_3082,13.1131572,77.5589899,intermediate_path_node,"{""id"": ""line_253"", ""type"": ""transmission_line"", ""voltage"": ""220kV""}"
node_3083,13.1140933,77.5568636,intermediate_path_node,"{""id"": ""line_253"", ""type"": ""transmission_line"", ""voltage"": ""220kV""}"
node_3084,13.1150374,77.5547193,intermediate_path_node,"{""id"": ""line_253"", ""type"": ""transmission_line"", ""voltage"": ""220kV""}"
node_3085,13.1159364,77.5527154,intermediate_path_node,"{""id"": ""line_253"", ""type"": ""transmission_line"", ""voltage"": ""220kV""}"
node_3086,13.1168584,77.5506562,intermediate_path_node,"{""id"": ""line_253"", ""type"": ""transmission_line"", ""voltage"": ""220kV""}"
node_3087,13.1178143,77.5484867,intermediate_path_node,"{""id"": ""line_253"", ""type"": ""transmission_line"", ""voltage"": ""220kV""}"
node_3088,13.1187839,77.5463549,intermediate_path_node,"{""id"": ""line_253"", ""type"": ""transmission_line"", ""voltage"": ""220kV""}"
node_3089,13.1190175,77.5444362,intermediate_path_node,"{""id"": ""line_253"", ""type"": ""transmission_line"", ""voltage"": ""220kV""}"
node_3090,13.1193617,77.5417523,intermediate_path_node,"{""id"": ""line_253"", ""type"": ""transmission_line"", ""voltage"": ""220kV""}"
node_3091,13.1196353,77.5394026,intermediate_path_node,"{""id"": ""line_253"", ""type"": ""transmission_line"", ""voltage"": ""220kV""}"
node_3092,13.1199142,77.5373389,intermediate_path_node,"{""id"": ""line_253"", ""type"": ""transmission_line"", ""voltage"": ""220kV""}"
node_3093,13.1203215,77.5342801,intermediate_path_node,"{""id"": ""line_253"", ""type"": ""transmission_line"", ""voltage"": ""220kV""}"
node_3094,13.1205915,77.5322524,intermediate_path_node,"{""id"": ""line_253"", ""type"": ""transmission_line"", ""voltage"": ""220kV""}"
node_3095,13.1209014,77.5298205,intermediate_path_node,"{""id"": ""line_253"", ""type"": ""transmission_line"", ""voltage"": ""220kV""}"
node_3096,13.1212356,77.5272523,intermediate_path_node,"{""id"": ""line_253"", ""type"": ""transmission_line"", ""voltage"": ""220kV""}"
node_3097,13.1201931,77.525184,intermediate_path_node,"{""id"": ""line_253"", ""type"": ""transmission_line"", ""voltage"": ""220kV""}"
node_3098,13.1189912,77.5228226,intermediate_path_node,"{""id"": ""line_253"", ""type"": ""transmission_line"", ""voltage"": ""220kV""}"
node_3099,13.1178402,77.5205453,intermediate_path_node,"{""id"": ""line_253"", ""type"": ""transmission_line"", ""voltage"": ""220kV""}"
node_3100,13.1165962,77.5180793,intermediate_path_node,"{""id"": ""line_253"", ""type"": ""transmission_line"", ""voltage"": ""220kV""}"
node_3101,13.1156201,77.5161134,intermediate_path_node,"{""id"": ""line_253"", ""type"": ""transmission_line"", ""voltage"": ""220kV""}"
node_3102,13.1164191,77.5140679,intermediate_path_node,"{""id"": ""line_253"", ""type"": ""transmission_line"", ""voltage"": ""220kV""}"
node_3103,13.117278,77.5118701,intermediate_path_node,"{""id"": ""line_253"", ""type"": ""transmission_line"", ""voltage"": ""220kV""}"
node_3104,13.1174506,77.5114351,intermediate_path_node,"{""id"": ""line_253"", ""type"": ""transmission_line"", ""voltage"": ""220kV""}"
node_3105,13.1182201,77.5094951,intermediate_path_node,"{""id"": ""line_253"", ""type"": ""transmission_line"", ""voltage"": ""220kV""}"
node_3106,13.1191537,77.5071414,intermediate_path_node,"{""id"": ""line_253"", ""type"": ""transmission_line"", ""voltage"": ""220kV""}"
node_3107,13.1198932,77.5052872,intermediate_path_node,"{""id"": ""line_253"", ""type"": ""transmission_line"", ""voltage"": ""220kV""}"
node_3108,13.1208736,77.5027468,intermediate_path_node,"{""id"": ""line_253"", ""type"": ""transmission_line"", ""voltage"": ""220kV""}"
node_3109,13.1216213,77.50083,intermediate_path_node,"{""id"": ""line_253"", ""type"": ""transmission_line"", ""voltage"": ""220kV""}"
node_3110,13.1222956,77.4991751,intermediate_path_node,"{""id"": ""line_253"", ""type"": ""transmission_line"", ""voltage"": ""220kV""}"
node_3111,13.1222015,77.4989132,intermediate_path_node,"{""id"": ""line_253"", ""type"": ""transmission_line"", ""voltage"": ""220kV""}"
node_3112,13.0504345,77.631173,intermediate_path_node,"{""id"": ""line_254"", ""type"": ""transmission_line"", ""voltage"": ""220kV""}"
node_3113,13.0502235,77.6338221,intermediate_path_node,"{""id"": ""line_254"", ""type"": ""transmission_line"", ""voltage"": ""220kV""}"
node_3114,13.0500055,77.6364894,intermediate_path_node,"{""id"": ""line_254"", ""type"": ""transmission_line"", ""voltage"": ""220kV""}"
node_3115,13.0497314,77.6392069,intermediate_path_node,"{""id"": ""line_254"", ""type"": ""transmission_line"", ""voltage"": ""220kV""}"
node_3116,13.049825,77.6398346,intermediate_path_node,"{""id"": ""line_254"", ""type"": ""transmission_line"", ""voltage"": ""220kV""}"
node_3117,13.0500221,77.6412846,intermediate_path_node,"{""id"": ""line_254"", ""type"": ""transmission_line"", ""voltage"": ""220kV""}"
node_3118,13.0503629,77.6443852,intermediate_path_node,"{""id"": ""line_254"", ""type"": ""transmission_line"", ""voltage"": ""220kV""}"
node_3119,13.0506584,77.6467866,intermediate_path_node,"{""id"": ""line_254"", ""type"": ""transmission_line"", ""voltage"": ""220kV""}"
node_3120,13.0494762,77.6494976,intermediate_path_node,"{""id"": ""line_254"", ""type"": ""transmission_line"", ""voltage"": ""220kV""}"
node_3121,13.0483365,77.6522103,intermediate_path_node,"{""id"": ""line_254"", ""type"": ""transmission_line"", ""voltage"": ""220kV""}"
node_3122,13.0472201,77.6548737,intermediate_path_node,"{""id"": ""line_254"", ""type"": ""transmission_line"", ""voltage"": ""220kV""}"
node_3123,13.046849,77.655748,intermediate_path_node,"{""id"": ""line_254"", ""type"": ""transmission_line"", ""voltage"": ""220kV""}"
node_3124,13.0460721,77.657578,intermediate_path_node,"{""id"": ""line_254"", ""type"": ""transmission_line"", ""voltage"": ""220kV""}"
node_3125,13.0447912,77.6605833,intermediate_path_node,"{""id"": ""line_254"", ""type"": ""transmission_line"", ""voltage"": ""220kV""}"
node_3126,13.043979,77.6626752,intermediate_path_node,"{""id"": ""line_254"", ""type"": ""transmission_line"", ""voltage"": ""220kV""}"
node_3127,13.0426711,77.6655265,intermediate_path_node,"{""id"": ""line_254"", ""type"": ""transmission_line"", ""voltage"": ""220kV""}"
node_3128,13.0426791,77.6658835,intermediate_path_node,"{""id"": ""line_254"", ""type"": ""transmission_line"", ""voltage"": ""220kV""}"
node_3129,13.0426983,77.6663006,intermediate_path_node,"{""id"": ""line_254"", ""type"": ""transmission_line"", ""voltage"": ""220kV""}"
node_3130,13.0427978,77.668467,intermediate_path_node,"{""id"": ""line_254"", ""type"": ""transmission_line"", ""voltage"": ""220kV""}"
node_3131,13.042935,77.6717586,intermediate_path_node,"{""id"": ""line_254"", ""type"": ""transmission_line"", ""voltage"": ""220kV""}"
node_3132,13.0432242,77.6782485,intermediate_path_node,"{""id"": ""line_254"", ""type"": ""transmission_line"", ""voltage"": ""220kV""}"
node_3133,13.0433098,77.6801765,intermediate_path_node,"{""id"": ""line_254"", ""type"": ""transmission_line"", ""voltage"": ""220kV""}"
node_3134,13.0433593,77.6813516,intermediate_path_node,"{""id"": ""line_254"", ""type"": ""transmission_line"", ""voltage"": ""220kV""}"
node_3135,13.0420661,77.6839167,intermediate_path_node,"{""id"": ""line_254"", ""type"": ""transmission_line"", ""voltage"": ""220kV""}"
node_3136,13.0388577,77.6852382,intermediate_path_node,"{""id"": ""line_254"", ""type"": ""transmission_line"", ""voltage"": ""220kV""}"
node_3137,13.0360919,77.6863406,intermediate_path_node,"{""id"": ""line_254"", ""type"": ""transmission_line"", ""voltage"": ""220kV""}"
node_3138,13.0334286,77.687373,intermediate_path_node,"{""id"": ""line_254"", ""type"": ""transmission_line"", ""voltage"": ""220kV""}"
node_3139,13.0305406,77.6884925,intermediate_path_node,"{""id"": ""line_254"", ""type"": ""transmission_line"", ""voltage"": ""220kV""}"
node_3140,13.0207861,77.6922736,intermediate_path_node,"{""id"": ""line_254"", ""type"": ""transmission_line"", ""voltage"": ""220kV""}"
node_3141,13.0192367,77.6941674,intermediate_path_node,"{""id"": ""line_254"", ""type"": ""transmission_line"", ""voltage"": ""220kV""}"
node_3142,13.0186234,77.6973998,intermediate_path_node,"{""id"": ""line_254"", ""type"": ""transmission_line"", ""voltage"": ""220kV""}"
node_3143,13.018119,77.7003345,intermediate_path_node,"{""id"": ""line_254"", ""type"": ""transmission_line"", ""voltage"": ""220kV""}"
node_3144,13.0175339,77.7033233,intermediate_path_node,"{""id"": ""line_254"", ""type"": ""transmission_line"", ""voltage"": ""220kV""}"
node_3145,13.016728,77.7044434,intermediate_path_node,"{""id"": ""line_254"", ""type"": ""transmission_line"", ""voltage"": ""220kV""}"
node_3146,13.014485,77.7054673,intermediate_path_node,"{""id"": ""line_254"", ""type"": ""transmission_line"", ""voltage"": ""220kV""}"
node_3147,13.0116151,77.7067712,intermediate_path_node,"{""id"": ""line_254"", ""type"": ""transmission_line"", ""voltage"": ""220kV""}"
node_3148,13.0094658,77.707733,intermediate_path_node,"{""id"": ""line_254"", ""type"": ""transmission_line"", ""voltage"": ""220kV""}"
node_3149,13.0072394,77.7087441,intermediate_path_node,"{""id"": ""line_254"", ""type"": ""transmission_line"", ""voltage"": ""220kV""}"
node_3150,13.0052046,77.7096718,intermediate_path_node,"{""id"": ""line_254"", ""type"": ""transmission_line"", ""voltage"": ""220kV""}"
node_3151,13.0033244,77.709447,intermediate_path_node,"{""id"": ""line_254"", ""type"": ""transmission_line"", ""voltage"": ""220kV""}"
node_3152,13.0004472,77.708431,intermediate_path_node,"{""id"": ""line_254"", ""type"": ""transmission_line"", ""voltage"": ""220kV""}"
node_3153,12.9992314,77.7081241,intermediate_path_node,"{""id"": ""line_254"", ""type"": ""transmission_line"", ""voltage"": ""220kV""}"
node_3154,12.9982998,77.7082203,intermediate_path_node,"{""id"": ""line_254"", ""type"": ""transmission_line"", ""voltage"": ""220kV""}"
node_3155,12.9962567,77.7091245,intermediate_path_node,"{""id"": ""line_254"", ""type"": ""transmission_line"", ""voltage"": ""220kV""}"
node_3156,12.9952448,77.7096452,intermediate_path_node,"{""id"": ""line_254"", ""type"": ""transmission_line"", ""voltage"": ""220kV""}"
node_3157,13.0591143,77.5913429,intermediate_path_node,"{""id"": ""line_255"", ""type"": ""transmission_line"", ""voltage"": ""220kV""}"
node_3158,13.0589432,77.5911625,intermediate_path_node,"{""id"": ""line_255"", ""type"": ""transmission_line"", ""voltage"": ""220kV""}"
node_3159,13.0582915,77.5894174,intermediate_path_node,"{""id"": ""line_255"", ""type"": ""transmission_line"", ""voltage"": ""220kV""}"
node_3160,13.057818,77.5876533,intermediate_path_node,"{""id"": ""line_255"", ""type"": ""transmission_line"", ""voltage"": ""220kV""}"
node_3161,13.0568358,77.5854238,intermediate_path_node,"{""id"": ""line_255"", ""type"": ""transmission_line"", ""voltage"": ""220kV""}"
node_3162,13.0547654,77.5839358,intermediate_path_node,"{""id"": ""line_255"", ""type"": ""transmission_line"", ""voltage"": ""220kV""}"
node_3163,13.0527097,77.5824349,intermediate_path_node,"{""id"": ""line_255"", ""type"": ""transmission_line"", ""voltage"": ""220kV""}"
node_3164,13.0505741,77.5808876,intermediate_path_node,"{""id"": ""line_255"", ""type"": ""transmission_line"", ""voltage"": ""220kV""}"
node_3165,13.0983666,77.5705362,intermediate_path_node,"{""id"": ""line_256"", ""type"": ""transmission_line"", ""voltage"": ""220kV""}"
node_3166,13.0985299,77.572132,intermediate_path_node,"{""id"": ""line_256"", ""type"": ""transmission_line"", ""voltage"": ""220kV""}"
node_3167,13.0988231,77.573514,intermediate_path_node,"{""id"": ""line_256"", ""type"": ""transmission_line"", ""voltage"": ""220kV""}"
node_3168,13.0991431,77.5750259,intermediate_path_node,"{""id"": ""line_256"", ""type"": ""transmission_line"", ""voltage"": ""220kV""}"
node_3169,13.0996959,77.5773382,intermediate_path_node,"{""id"": ""line_256"", ""type"": ""transmission_line"", ""voltage"": ""220kV""}"
node_3170,13.1000759,77.5787066,intermediate_path_node,"{""id"": ""line_256"", ""type"": ""transmission_line"", ""voltage"": ""220kV""}"
node_3171,13.1005947,77.5804769,intermediate_path_node,"{""id"": ""line_256"", ""type"": ""transmission_line"", ""voltage"": ""220kV""}"
node_3172,13.1012597,77.5827863,intermediate_path_node,"{""id"": ""line_256"", ""type"": ""transmission_line"", ""voltage"": ""220kV""}"
node_3173,13.1017844,77.5847475,intermediate_path_node,"{""id"": ""line_256"", ""type"": ""transmission_line"", ""voltage"": ""220kV""}"
node_3174,13.1023011,77.585409,intermediate_path_node,"{""id"": ""line_256"", ""type"": ""transmission_line"", ""voltage"": ""220kV""}"
node_3175,13.1031236,77.5855148,intermediate_path_node,"{""id"": ""line_256"", ""type"": ""transmission_line"", ""voltage"": ""220kV""}"
node_3176,13.0561781,77.5082839,intermediate_path_node,"{""id"": ""line_257"", ""type"": ""transmission_line"", ""voltage"": ""220kV""}"
node_3177,13.0569934,77.50796,intermediate_path_node,"{""id"": ""line_257"", ""type"": ""transmission_line"", ""voltage"": ""220kV""}"
node_3178,13.0575103,77.5078691,intermediate_path_node,"{""id"": ""line_257"", ""type"": ""transmission_line"", ""voltage"": ""220kV""}"
node_3179,13.0581665,77.5076408,intermediate_path_node,"{""id"": ""line_257"", ""type"": ""transmission_line"", ""voltage"": ""220kV""}"
node_3180,13.0595866,77.5071003,intermediate_path_node,"{""id"": ""line_257"", ""type"": ""transmission_line"", ""voltage"": ""220kV""}"
node_3181,13.0612987,77.506352,intermediate_path_node,"{""id"": ""line_257"", ""type"": ""transmission_line"", ""voltage"": ""220kV""}"
node_3182,13.0616821,77.5062031,intermediate_path_node,"{""id"": ""line_257"", ""type"": ""transmission_line"", ""voltage"": ""220kV""}"
node_3183,13.0621883,77.5060101,intermediate_path_node,"{""id"": ""line_257"", ""type"": ""transmission_line"", ""voltage"": ""220kV""}"
node_3184,13.0635672,77.5054843,intermediate_path_node,"{""id"": ""line_257"", ""type"": ""transmission_line"", ""voltage"": ""220kV""}"
node_3185,13.0656058,77.5047181,intermediate_path_node,"{""id"": ""line_257"", ""type"": ""transmission_line"", ""voltage"": ""220kV""}"
node_3186,13.0660377,77.5042999,intermediate_path_node,"{""id"": ""line_257"", ""type"": ""transmission_line"", ""voltage"": ""220kV""}"
node_3187,13.0683159,77.5036832,intermediate_path_node,"{""id"": ""line_257"", ""type"": ""transmission_line"", ""voltage"": ""220kV""}"
node_3188,13.0689678,77.5034324,intermediate_path_node,"{""id"": ""line_257"", ""type"": ""transmission_line"", ""voltage"": ""220kV""}"
node_3189,13.0720064,77.5022925,intermediate_path_node,"{""id"": ""line_257"", ""type"": ""transmission_line"", ""voltage"": ""220kV""}"
node_3190,13.0731207,77.5018432,intermediate_path_node,"{""id"": ""line_257"", ""type"": ""transmission_line"", ""voltage"": ""220kV""}"
node_3191,13.0737011,77.5016309,intermediate_path_node,"{""id"": ""line_257"", ""type"": ""transmission_line"", ""voltage"": ""220kV""}"
node_3192,13.0744277,77.5013651,intermediate_path_node,"{""id"": ""line_257"", ""type"": ""transmission_line"", ""voltage"": ""220kV""}"
node_3193,13.0757752,77.5005028,intermediate_path_node,"{""id"": ""line_257"", ""type"": ""transmission_line"", ""voltage"": ""220kV""}"
node_3194,13.0778967,77.4991469,intermediate_path_node,"{""id"": ""line_257"", ""type"": ""transmission_line"", ""voltage"": ""220kV""}"
node_3195,13.0793594,77.4982199,intermediate_path_node,"{""id"": ""line_257"", ""type"": ""transmission_line"", ""voltage"": ""220kV""}"
node_3196,13.0795452,77.4981008,intermediate_path_node,"{""id"": ""line_257"", ""type"": ""transmission_line"", ""voltage"": ""220kV""}"
node_3197,13.0811088,77.4970817,intermediate_path_node,"{""id"": ""line_257"", ""type"": ""transmission_line"", ""voltage"": ""220kV""}"
node_3198,13.0823659,77.4962947,intermediate_path_node,"{""id"": ""line_257"", ""type"": ""transmission_line"", ""voltage"": ""220kV""}"
node_3199,13.0825334,77.4961898,intermediate_path_node,"{""id"": ""line_257"", ""type"": ""transmission_line"", ""voltage"": ""220kV""}"
node_3200,13.0838253,77.4953328,intermediate_path_node,"{""id"": ""line_257"", ""type"": ""transmission_line"", ""voltage"": ""220kV""}"
node_3201,13.0851701,77.4944408,intermediate_path_node,"{""id"": ""line_257"", ""type"": ""transmission_line"", ""voltage"": ""220kV""}"
node_3202,13.0867697,77.4933775,intermediate_path_node,"{""id"": ""line_257"", ""type"": ""transmission_line"", ""voltage"": ""220kV""}"
node_3203,13.0876135,77.4928263,intermediate_path_node,"{""id"": ""line_257"", ""type"": ""transmission_line"", ""voltage"": ""220kV""}"
node_3204,13.0887265,77.4920592,intermediate_path_node,"{""id"": ""line_257"", ""type"": ""transmission_line"", ""voltage"": ""220kV""}"
node_3205,13.08936,77.492546,intermediate_path_node,"{""id"": ""line_257"", ""type"": ""transmission_line"", ""voltage"": ""220kV""}"
node_3206,13.0909092,77.4921148,intermediate_path_node,"{""id"": ""line_257"", ""type"": ""transmission_line"", ""voltage"": ""220kV""}"
node_3207,13.0921202,77.4917644,intermediate_path_node,"{""id"": ""line_257"", ""type"": ""transmission_line"", ""voltage"": ""220kV""}"
node_3208,13.0921796,77.4917472,intermediate_path_node,"{""id"": ""line_257"", ""type"": ""transmission_line"", ""voltage"": ""220kV""}"
node_3209,13.0926146,77.4916213,intermediate_path_node,"{""id"": ""line_257"", ""type"": ""transmission_line"", ""voltage"": ""220kV""}"
node_3210,13.093203,77.4918406,intermediate_path_node,"{""id"": ""line_257"", ""type"": ""transmission_line"", ""voltage"": ""220kV""}"
node_3211,13.09473,77.4924172,intermediate_path_node,"{""id"": ""line_257"", ""type"": ""transmission_line"", ""voltage"": ""220kV""}"
node_3212,13.0963229,77.4927639,intermediate_path_node,"{""id"": ""line_257"", ""type"": ""transmission_line"", ""voltage"": ""220kV""}"
node_3213,13.1007592,77.4937242,intermediate_path_node,"{""id"": ""line_257"", ""type"": ""transmission_line"", ""voltage"": ""220kV""}"
node_3214,13.1028068,77.4941709,intermediate_path_node,"{""id"": ""line_257"", ""type"": ""transmission_line"", ""voltage"": ""220kV""}"
node_3215,13.1045663,77.4945777,intermediate_path_node,"{""id"": ""line_257"", ""type"": ""transmission_line"", ""voltage"": ""220kV""}"
node_3216,13.1069571,77.4950763,intermediate_path_node,"{""id"": ""line_257"", ""type"": ""transmission_line"", ""voltage"": ""220kV""}"
node_3217,13.109175,77.4955845,intermediate_path_node,"{""id"": ""line_257"", ""type"": ""transmission_line"", ""voltage"": ""220kV""}"
node_3218,13.1110815,77.4959792,intermediate_path_node,"{""id"": ""line_257"", ""type"": ""transmission_line"", ""voltage"": ""220kV""}"
node_3219,13.1132031,77.4965148,intermediate_path_node,"{""id"": ""line_257"", ""type"": ""transmission_line"", ""voltage"": ""220kV""}"
node_3220,13.1153313,77.4970567,intermediate_path_node,"{""id"": ""line_257"", ""type"": ""transmission_line"", ""voltage"": ""220kV""}"
node_3221,13.1174563,77.4975854,intermediate_path_node,"{""id"": ""line_257"", ""type"": ""transmission_line"", ""voltage"": ""220kV""}"
node_3222,13.1196961,77.4981533,intermediate_path_node,"{""id"": ""line_257"", ""type"": ""transmission_line"", ""voltage"": ""220kV""}"
node_3223,13.1216951,77.4986559,intermediate_path_node,"{""id"": ""line_257"", ""type"": ""transmission_line"", ""voltage"": ""220kV""}"
node_3224,12.9392007,77.6270342,intermediate_path_node,"{""id"": ""line_258"", ""type"": ""transmission_line"", ""voltage"": ""220kV""}"
node_3225,12.9397113,77.626732,intermediate_path_node,"{""id"": ""line_258"", ""type"": ""transmission_line"", ""voltage"": ""220kV""}"
node_3226,12.9407921,77.6259291,intermediate_path_node,"{""id"": ""line_258"", ""type"": ""transmission_line"", ""voltage"": ""220kV""}"
node_3227,12.9417786,77.6252665,intermediate_path_node,"{""id"": ""line_258"", ""type"": ""transmission_line"", ""voltage"": ""220kV""}"
node_3228,12.9428251,77.6245583,intermediate_path_node,"{""id"": ""line_258"", ""type"": ""transmission_line"", ""voltage"": ""220kV""}"
node_3229,12.94315,77.6243502,intermediate_path_node,"{""id"": ""line_258"", ""type"": ""transmission_line"", ""voltage"": ""220kV""}"
node_3230,12.9437275,77.6239454,intermediate_path_node,"{""id"": ""line_258"", ""type"": ""transmission_line"", ""voltage"": ""220kV""}"
node_3231,12.9446612,77.6233542,intermediate_path_node,"{""id"": ""line_258"", ""type"": ""transmission_line"", ""voltage"": ""220kV""}"
node_3232,12.9457228,77.6226342,intermediate_path_node,"{""id"": ""line_258"", ""type"": ""transmission_line"", ""voltage"": ""220kV""}"
node_3233,12.9467936,77.621908,intermediate_path_node,"{""id"": ""line_258"", ""type"": ""transmission_line"", ""voltage"": ""220kV""}"
node_3234,12.9477096,77.6213009,intermediate_path_node,"{""id"": ""line_258"", ""type"": ""transmission_line"", ""voltage"": ""220kV""}"
node_3235,12.9486601,77.6206739,intermediate_path_node,"{""id"": ""line_258"", ""type"": ""transmission_line"", ""voltage"": ""220kV""}"
node_3236,12.9496373,77.6200196,intermediate_path_node,"{""id"": ""line_258"", ""type"": ""transmission_line"", ""voltage"": ""220kV""}"
node_3237,12.9505373,77.6194049,intermediate_path_node,"{""id"": ""line_258"", ""type"": ""transmission_line"", ""voltage"": ""220kV""}"
node_3238,12.9522014,77.618312,intermediate_path_node,"{""id"": ""line_258"", ""type"": ""transmission_line"", ""voltage"": ""220kV""}"
node_3239,12.9522978,77.6182779,intermediate_path_node,"{""id"": ""line_258"", ""type"": ""transmission_line"", ""voltage"": ""220kV""}"
node_3240,12.953749,77.6177645,intermediate_path_node,"{""id"": ""line_258"", ""type"": ""transmission_line"", ""voltage"": ""220kV""}"
node_3241,12.8827838,77.6647762,intermediate_path_node,"{""id"": ""line_259"", ""type"": ""transmission_line"", ""voltage"": ""220kV""}"
node_3242,12.8833487,77.6657275,intermediate_path_node,"{""id"": ""line_260"", ""type"": ""transmission_line"", ""voltage"": ""220kV""}"
node_3243,12.9019391,77.6501535,intermediate_path_node,"{""id"": ""line_262"", ""type"": ""transmission_line"", ""voltage"": ""220kV""}"
node_3244,12.9017298,77.6504119,intermediate_path_node,"{""id"": ""line_262"", ""type"": ""transmission_line"", ""voltage"": ""220kV""}"
node_3245,12.9011925,77.6515643,intermediate_path_node,"{""id"": ""line_262"", ""type"": ""transmission_line"", ""voltage"": ""220kV""}"
node_3246,12.9006624,77.653131,intermediate_path_node,"{""id"": ""line_262"", ""type"": ""transmission_line"", ""voltage"": ""220kV""}"
node_3247,12.9006025,77.6533281,intermediate_path_node,"{""id"": ""line_262"", ""type"": ""transmission_line"", ""voltage"": ""220kV""}"
node_3248,12.8991335,77.6560428,intermediate_path_node,"{""id"": ""line_262"", ""type"": ""transmission_line"", ""voltage"": ""220kV""}"
node_3249,12.898172,77.6584493,intermediate_path_node,"{""id"": ""line_262"", ""type"": ""transmission_line"", ""voltage"": ""220kV""}"
node_3250,12.8977189,77.6618261,intermediate_path_node,"{""id"": ""line_262"", ""type"": ""transmission_line"", ""voltage"": ""220kV""}"
node_3251,12.8966007,77.6629141,intermediate_path_node,"{""id"": ""line_262"", ""type"": ""transmission_line"", ""voltage"": ""220kV""}"
node_3252,13.0430501,77.5239989,intermediate_path_node,"{""id"": ""line_263"", ""type"": ""transmission_line"", ""voltage"": ""220kV""}"
node_3253,13.0426751,77.524994,intermediate_path_node,"{""id"": ""line_263"", ""type"": ""transmission_line"", ""voltage"": ""220kV""}"
node_3254,13.0423742,77.5255864,intermediate_path_node,"{""id"": ""line_263"", ""type"": ""transmission_line"", ""voltage"": ""220kV""}"
node_3255,13.041997,77.5261675,intermediate_path_node,"{""id"": ""line_263"", ""type"": ""transmission_line"", ""voltage"": ""220kV""}"
node_3256,13.0399693,77.5273257,intermediate_path_node,"{""id"": ""line_263"", ""type"": ""transmission_line"", ""voltage"": ""220kV""}"
node_3257,13.0394754,77.5276078,intermediate_path_node,"{""id"": ""line_263"", ""type"": ""transmission_line"", ""voltage"": ""220kV""}"
node_3258,13.0393017,77.5279699,intermediate_path_node,"{""id"": ""line_263"", ""type"": ""transmission_line"", ""voltage"": ""220kV""}"
node_3259,13.0388548,77.5288242,intermediate_path_node,"{""id"": ""line_263"", ""type"": ""transmission_line"", ""voltage"": ""220kV""}"
node_3260,13.0377103,77.5297616,intermediate_path_node,"{""id"": ""line_263"", ""type"": ""transmission_line"", ""voltage"": ""220kV""}"
node_3261,13.0365624,77.5307678,intermediate_path_node,"{""id"": ""line_263"", ""type"": ""transmission_line"", ""voltage"": ""220kV""}"
node_3262,13.0356813,77.5315319,intermediate_path_node,"{""id"": ""line_263"", ""type"": ""transmission_line"", ""voltage"": ""220kV""}"
node_3263,13.0337094,77.5323905,intermediate_path_node,"{""id"": ""line_263"", ""type"": ""transmission_line"", ""voltage"": ""220kV""}"
node_3264,13.0324826,77.5327222,intermediate_path_node,"{""id"": ""line_263"", ""type"": ""transmission_line"", ""voltage"": ""220kV""}"
node_3265,13.0313291,77.5323835,intermediate_path_node,"{""id"": ""line_263"", ""type"": ""transmission_line"", ""voltage"": ""220kV""}"
node_3266,13.0291269,77.5299883,intermediate_path_node,"{""id"": ""line_263"", ""type"": ""transmission_line"", ""voltage"": ""220kV""}"
node_3267,13.0291635,77.5280517,intermediate_path_node,"{""id"": ""line_263"", ""type"": ""transmission_line"", ""voltage"": ""220kV""}"
node_3268,13.0291462,77.527271,intermediate_path_node,"{""id"": ""line_263"", ""type"": ""transmission_line"", ""voltage"": ""220kV""}"
node_3269,13.0400124,77.5502752,intermediate_path_node,"{""id"": ""line_264"", ""type"": ""transmission_line"", ""voltage"": ""220kV""}"
node_3270,13.0385112,77.5488912,intermediate_path_node,"{""id"": ""line_264"", ""type"": ""transmission_line"", ""voltage"": ""220kV""}"
node_3271,13.0370492,77.5475916,intermediate_path_node,"{""id"": ""line_264"", ""type"": ""transmission_line"", ""voltage"": ""220kV""}"
node_3272,13.0356101,77.5462619,intermediate_path_node,"{""id"": ""line_264"", ""type"": ""transmission_line"", ""voltage"": ""220kV""}"
node_3273,13.0349307,77.545177,intermediate_path_node,"{""id"": ""line_264"", ""type"": ""transmission_line"", ""voltage"": ""220kV""}"
node_3274,13.0338475,77.5429548,intermediate_path_node,"{""id"": ""line_264"", ""type"": ""transmission_line"", ""voltage"": ""220kV""}"
node_3275,13.0328493,77.5410571,intermediate_path_node,"{""id"": ""line_264"", ""type"": ""transmission_line"", ""voltage"": ""220kV""}"
node_3276,13.0318374,77.5390555,intermediate_path_node,"{""id"": ""line_264"", ""type"": ""transmission_line"", ""voltage"": ""220kV""}"
node_3277,13.0308549,77.5371672,intermediate_path_node,"{""id"": ""line_264"", ""type"": ""transmission_line"", ""voltage"": ""220kV""}"
node_3278,13.0304838,77.5365409,intermediate_path_node,"{""id"": ""line_264"", ""type"": ""transmission_line"", ""voltage"": ""220kV""}"
node_3279,13.0301918,77.5359844,intermediate_path_node,"{""id"": ""line_264"", ""type"": ""transmission_line"", ""voltage"": ""220kV""}"
node_3280,13.0294588,77.5355472,intermediate_path_node,"{""id"": ""line_264"", ""type"": ""transmission_line"", ""voltage"": ""220kV""}"
node_3281,13.0288055,77.5351636,intermediate_path_node,"{""id"": ""line_264"", ""type"": ""transmission_line"", ""voltage"": ""220kV""}"
node_3282,13.0283194,77.534481,intermediate_path_node,"{""id"": ""line_264"", ""type"": ""transmission_line"", ""voltage"": ""220kV""}"
node_3283,13.0280797,77.5333089,intermediate_path_node,"{""id"": ""line_264"", ""type"": ""transmission_line"", ""voltage"": ""220kV""}"
node_3284,13.0283011,77.5316137,intermediate_path_node,"{""id"": ""line_264"", ""type"": ""transmission_line"", ""voltage"": ""220kV""}"
node_3285,13.0285559,77.5293124,intermediate_path_node,"{""id"": ""line_264"", ""type"": ""transmission_line"", ""voltage"": ""220kV""}"
node_3286,13.0287224,77.5271232,intermediate_path_node,"{""id"": ""line_264"", ""type"": ""transmission_line"", ""voltage"": ""220kV""}"
node_3287,13.0400889,77.5501015,intermediate_path_node,"{""id"": ""line_265"", ""type"": ""transmission_line"", ""voltage"": ""220kV""}"
node_3288,13.0375163,77.5477608,intermediate_path_node,"{""id"": ""line_265"", ""type"": ""transmission_line"", ""voltage"": ""220kV""}"
node_3289,13.0357531,77.5461566,intermediate_path_node,"{""id"": ""line_265"", ""type"": ""transmission_line"", ""voltage"": ""220kV""}"
node_3290,13.0349509,77.5448343,intermediate_path_node,"{""id"": ""line_265"", ""type"": ""transmission_line"", ""voltage"": ""220kV""}"
node_3291,13.0343388,77.5436334,intermediate_path_node,"{""id"": ""line_265"", ""type"": ""transmission_line"", ""voltage"": ""220kV""}"
node_3292,13.0336829,77.5423714,intermediate_path_node,"{""id"": ""line_265"", ""type"": ""transmission_line"", ""voltage"": ""220kV""}"
node_3293,13.0329617,77.5410008,intermediate_path_node,"{""id"": ""line_265"", ""type"": ""transmission_line"", ""voltage"": ""220kV""}"
node_3294,13.0323456,77.5398038,intermediate_path_node,"{""id"": ""line_265"", ""type"": ""transmission_line"", ""voltage"": ""220kV""}"
node_3295,13.0316505,77.5384668,intermediate_path_node,"{""id"": ""line_265"", ""type"": ""transmission_line"", ""voltage"": ""220kV""}"
node_3296,13.0316074,77.5383876,intermediate_path_node,"{""id"": ""line_265"", ""type"": ""transmission_line"", ""voltage"": ""220kV""}"
node_3297,13.0310077,77.5371726,intermediate_path_node,"{""id"": ""line_265"", ""type"": ""transmission_line"", ""voltage"": ""220kV""}"
node_3298,13.0305752,77.5364122,intermediate_path_node,"{""id"": ""line_265"", ""type"": ""transmission_line"", ""voltage"": ""220kV""}"
node_3299,13.030278,77.5358744,intermediate_path_node,"{""id"": ""line_265"", ""type"": ""transmission_line"", ""voltage"": ""220kV""}"
node_3300,13.0289479,77.5351019,intermediate_path_node,"{""id"": ""line_265"", ""type"": ""transmission_line"", ""voltage"": ""220kV""}"
node_3301,13.0283652,77.5343898,intermediate_path_node,"{""id"": ""line_265"", ""type"": ""transmission_line"", ""voltage"": ""220kV""}"
node_3302,13.0281777,77.5333196,intermediate_path_node,"{""id"": ""line_265"", ""type"": ""transmission_line"", ""voltage"": ""220kV""}"
node_3303,13.0284566,77.5316499,intermediate_path_node,"{""id"": ""line_265"", ""type"": ""transmission_line"", ""voltage"": ""220kV""}"
node_3304,13.028778,77.5297375,intermediate_path_node,"{""id"": ""line_265"", ""type"": ""transmission_line"", ""voltage"": ""220kV""}"
node_3305,13.0288909,77.5271059,intermediate_path_node,"{""id"": ""line_265"", ""type"": ""transmission_line"", ""voltage"": ""220kV""}"
node_3306,13.0439802,77.553544,intermediate_path_node,"{""id"": ""line_266"", ""type"": ""transmission_line"", ""voltage"": ""220kV""}"
node_3307,13.0420715,77.5518711,intermediate_path_node,"{""id"": ""line_266"", ""type"": ""transmission_line"", ""voltage"": ""220kV""}"
node_3308,13.0365846,77.5665617,intermediate_path_node,"{""id"": ""line_267"", ""type"": ""transmission_line"", ""voltage"": ""220kV""}"
node_3309,13.0300902,77.5820366,intermediate_path_node,"{""id"": ""line_268"", ""type"": ""transmission_line"", ""voltage"": ""220kV""}"
node_3310,13.046982,77.5187881,intermediate_path_node,"{""id"": ""line_269"", ""type"": ""transmission_line"", ""voltage"": ""220kV""}"
node_3311,13.0452443,77.5209821,intermediate_path_node,"{""id"": ""line_269"", ""type"": ""transmission_line"", ""voltage"": ""220kV""}"
node_3312,13.0562382,77.5083704,intermediate_path_node,"{""id"": ""line_270"", ""type"": ""transmission_line"", ""voltage"": ""220kV""}"
node_3313,13.0570175,77.508078,intermediate_path_node,"{""id"": ""line_270"", ""type"": ""transmission_line"", ""voltage"": ""220kV""}"
node_3314,13.0575401,77.5079962,intermediate_path_node,"{""id"": ""line_270"", ""type"": ""transmission_line"", ""voltage"": ""220kV""}"
node_3315,13.0596003,77.507268,intermediate_path_node,"{""id"": ""line_270"", ""type"": ""transmission_line"", ""voltage"": ""220kV""}"
node_3316,13.0607351,77.5067306,intermediate_path_node,"{""id"": ""line_270"", ""type"": ""transmission_line"", ""voltage"": ""220kV""}"
node_3317,13.0613875,77.5064217,intermediate_path_node,"{""id"": ""line_270"", ""type"": ""transmission_line"", ""voltage"": ""220kV""}"
node_3318,13.0631106,77.5057713,intermediate_path_node,"{""id"": ""line_270"", ""type"": ""transmission_line"", ""voltage"": ""220kV""}"
node_3319,13.0635364,77.5056202,intermediate_path_node,"{""id"": ""line_270"", ""type"": ""transmission_line"", ""voltage"": ""220kV""}"
node_3320,13.0648848,77.5051069,intermediate_path_node,"{""id"": ""line_270"", ""type"": ""transmission_line"", ""voltage"": ""220kV""}"
node_3321,13.0651127,77.5050216,intermediate_path_node,"{""id"": ""line_270"", ""type"": ""transmission_line"", ""voltage"": ""220kV""}"
node_3322,13.0668521,77.5043638,intermediate_path_node,"{""id"": ""line_270"", ""type"": ""transmission_line"", ""voltage"": ""220kV""}"
node_3323,13.0676824,77.5040496,intermediate_path_node,"{""id"": ""line_270"", ""type"": ""transmission_line"", ""voltage"": ""220kV""}"
node_3324,13.0683421,77.5037999,intermediate_path_node,"{""id"": ""line_270"", ""type"": ""transmission_line"", ""voltage"": ""220kV""}"
node_3325,13.0700142,77.5031669,intermediate_path_node,"{""id"": ""line_270"", ""type"": ""transmission_line"", ""voltage"": ""220kV""}"
node_3326,13.0730972,77.5019947,intermediate_path_node,"{""id"": ""line_270"", ""type"": ""transmission_line"", ""voltage"": ""220kV""}"
node_3327,13.0743702,77.501526,intermediate_path_node,"{""id"": ""line_270"", ""type"": ""transmission_line"", ""voltage"": ""220kV""}"
node_3328,13.0757829,77.5006209,intermediate_path_node,"{""id"": ""line_270"", ""type"": ""transmission_line"", ""voltage"": ""220kV""}"
node_3329,13.0758732,77.5005631,intermediate_path_node,"{""id"": ""line_270"", ""type"": ""transmission_line"", ""voltage"": ""220kV""}"
node_3330,13.0779587,77.4992301,intermediate_path_node,"{""id"": ""line_270"", ""type"": ""transmission_line"", ""voltage"": ""220kV""}"
node_3331,13.0793201,77.4983581,intermediate_path_node,"{""id"": ""line_270"", ""type"": ""transmission_line"", ""voltage"": ""220kV""}"
node_3332,13.0794767,77.4982578,intermediate_path_node,"{""id"": ""line_270"", ""type"": ""transmission_line"", ""voltage"": ""220kV""}"
node_3333,13.0798168,77.4980424,intermediate_path_node,"{""id"": ""line_270"", ""type"": ""transmission_line"", ""voltage"": ""220kV""}"
node_3334,13.0807386,77.4974585,intermediate_path_node,"{""id"": ""line_270"", ""type"": ""transmission_line"", ""voltage"": ""220kV""}"
node_3335,13.0834586,77.4957273,intermediate_path_node,"{""id"": ""line_270"", ""type"": ""transmission_line"", ""voltage"": ""220kV""}"
node_3336,13.083688,77.4955813,intermediate_path_node,"{""id"": ""line_270"", ""type"": ""transmission_line"", ""voltage"": ""220kV""}"
node_3337,13.0839729,77.4953958,intermediate_path_node,"{""id"": ""line_270"", ""type"": ""transmission_line"", ""voltage"": ""220kV""}"
node_3338,13.0859859,77.4941023,intermediate_path_node,"{""id"": ""line_270"", ""type"": ""transmission_line"", ""voltage"": ""220kV""}"
node_3339,13.0871559,77.4933506,intermediate_path_node,"{""id"": ""line_270"", ""type"": ""transmission_line"", ""voltage"": ""220kV""}"
node_3340,13.0881086,77.4926191,intermediate_path_node,"{""id"": ""line_270"", ""type"": ""transmission_line"", ""voltage"": ""220kV""}"
node_3341,13.0483641,77.5495312,intermediate_path_node,"{""id"": ""line_271"", ""type"": ""transmission_line"", ""voltage"": ""220kV""}"
node_3342,13.0486056,77.5492714,intermediate_path_node,"{""id"": ""line_271"", ""type"": ""transmission_line"", ""voltage"": ""220kV""}"
node_3343,13.0498925,77.5473952,intermediate_path_node,"{""id"": ""line_271"", ""type"": ""transmission_line"", ""voltage"": ""220kV""}"
node_3344,13.0861797,77.5584144,intermediate_path_node,"{""id"": ""line_272"", ""type"": ""transmission_line"", ""voltage"": ""220kV""}"
node_3345,13.0844877,77.5608748,intermediate_path_node,"{""id"": ""line_272"", ""type"": ""transmission_line"", ""voltage"": ""220kV""}"
node_3346,13.0831121,77.5628929,intermediate_path_node,"{""id"": ""line_272"", ""type"": ""transmission_line"", ""voltage"": ""220kV""}"
node_3347,13.0814668,77.5652836,intermediate_path_node,"{""id"": ""line_272"", ""type"": ""transmission_line"", ""voltage"": ""220kV""}"
node_3348,13.0796136,77.5679879,intermediate_path_node,"{""id"": ""line_272"", ""type"": ""transmission_line"", ""voltage"": ""220kV""}"
node_3349,13.0782481,77.5699776,intermediate_path_node,"{""id"": ""line_272"", ""type"": ""transmission_line"", ""voltage"": ""220kV""}"
node_3350,13.0766691,77.5722582,intermediate_path_node,"{""id"": ""line_272"", ""type"": ""transmission_line"", ""voltage"": ""220kV""}"
node_3351,13.0749643,77.5747606,intermediate_path_node,"{""id"": ""line_272"", ""type"": ""transmission_line"", ""voltage"": ""220kV""}"
node_3352,13.0732934,77.5760016,intermediate_path_node,"{""id"": ""line_272"", ""type"": ""transmission_line"", ""voltage"": ""220kV""}"
node_3353,13.0714072,77.5774142,intermediate_path_node,"{""id"": ""line_272"", ""type"": ""transmission_line"", ""voltage"": ""220kV""}"
node_3354,13.0708096,77.5778617,intermediate_path_node,"{""id"": ""line_272"", ""type"": ""transmission_line"", ""voltage"": ""220kV""}"
node_3355,13.0705373,77.5780677,intermediate_path_node,"{""id"": ""line_272"", ""type"": ""transmission_line"", ""voltage"": ""220kV""}"
node_3356,13.0704901,77.5781042,intermediate_path_node,"{""id"": ""line_272"", ""type"": ""transmission_line"", ""voltage"": ""220kV""}"
node_3357,13.0689785,77.5792469,intermediate_path_node,"{""id"": ""line_272"", ""type"": ""transmission_line"", ""voltage"": ""220kV""}"
node_3358,13.0673633,77.5803463,intermediate_path_node,"{""id"": ""line_272"", ""type"": ""transmission_line"", ""voltage"": ""220kV""}"
node_3359,13.0669052,77.5807631,intermediate_path_node,"{""id"": ""line_272"", ""type"": ""transmission_line"", ""voltage"": ""220kV""}"
node_3360,13.0663185,77.5814341,intermediate_path_node,"{""id"": ""line_272"", ""type"": ""transmission_line"", ""voltage"": ""220kV""}"
node_3361,13.0648637,77.5834604,intermediate_path_node,"{""id"": ""line_272"", ""type"": ""transmission_line"", ""voltage"": ""220kV""}"
node_3362,13.0634799,77.5853556,intermediate_path_node,"{""id"": ""line_272"", ""type"": ""transmission_line"", ""voltage"": ""220kV""}"
node_3363,13.0618693,77.5875465,intermediate_path_node,"{""id"": ""line_272"", ""type"": ""transmission_line"", ""voltage"": ""220kV""}"
node_3364,13.0603397,77.5896754,intermediate_path_node,"{""id"": ""line_272"", ""type"": ""transmission_line"", ""voltage"": ""220kV""}"
node_3365,13.0599883,77.5901536,intermediate_path_node,"{""id"": ""line_272"", ""type"": ""transmission_line"", ""voltage"": ""220kV""}"
node_3366,13.058657,77.5931586,intermediate_path_node,"{""id"": ""line_272"", ""type"": ""transmission_line"", ""voltage"": ""220kV""}"
node_3367,13.058494,77.5938386,intermediate_path_node,"{""id"": ""line_272"", ""type"": ""transmission_line"", ""voltage"": ""220kV""}"
node_3368,13.0576727,77.596949,intermediate_path_node,"{""id"": ""line_272"", ""type"": ""transmission_line"", ""voltage"": ""220kV""}"
node_3369,13.0575444,77.5974402,intermediate_path_node,"{""id"": ""line_272"", ""type"": ""transmission_line"", ""voltage"": ""220kV""}"
node_3370,13.0574732,77.5977235,intermediate_path_node,"{""id"": ""line_272"", ""type"": ""transmission_line"", ""voltage"": ""220kV""}"
node_3371,13.0571294,77.5992089,intermediate_path_node,"{""id"": ""line_272"", ""type"": ""transmission_line"", ""voltage"": ""220kV""}"
node_3372,13.0563483,77.6022155,intermediate_path_node,"{""id"": ""line_272"", ""type"": ""transmission_line"", ""voltage"": ""220kV""}"
node_3373,13.0553883,77.605961,intermediate_path_node,"{""id"": ""line_272"", ""type"": ""transmission_line"", ""voltage"": ""220kV""}"
node_3374,13.054794,77.6083821,intermediate_path_node,"{""id"": ""line_272"", ""type"": ""transmission_line"", ""voltage"": ""220kV""}"
node_3375,13.0541679,77.6110863,intermediate_path_node,"{""id"": ""line_272"", ""type"": ""transmission_line"", ""voltage"": ""220kV""}"
node_3376,13.0536316,77.6135489,intermediate_path_node,"{""id"": ""line_272"", ""type"": ""transmission_line"", ""voltage"": ""220kV""}"
node_3377,13.0529303,77.6166311,intermediate_path_node,"{""id"": ""line_272"", ""type"": ""transmission_line"", ""voltage"": ""220kV""}"
node_3378,13.0523492,77.6193675,intermediate_path_node,"{""id"": ""line_272"", ""type"": ""transmission_line"", ""voltage"": ""220kV""}"
node_3379,13.0517633,77.6219314,intermediate_path_node,"{""id"": ""line_272"", ""type"": ""transmission_line"", ""voltage"": ""220kV""}"
node_3380,13.0444377,77.5533747,intermediate_path_node,"{""id"": ""line_273"", ""type"": ""transmission_line"", ""voltage"": ""220kV""}"
node_3381,13.0454706,77.5523864,intermediate_path_node,"{""id"": ""line_273"", ""type"": ""transmission_line"", ""voltage"": ""220kV""}"
node_3382,13.0465409,77.551369,intermediate_path_node,"{""id"": ""line_273"", ""type"": ""transmission_line"", ""voltage"": ""220kV""}"
node_3383,13.0430625,77.5251938,intermediate_path_node,"{""id"": ""line_274"", ""type"": ""transmission_line"", ""voltage"": ""220kV""}"
node_3384,13.0434819,77.5254252,intermediate_path_node,"{""id"": ""line_274"", ""type"": ""transmission_line"", ""voltage"": ""220kV""}"
node_3385,13.0436347,77.5258195,intermediate_path_node,"{""id"": ""line_274"", ""type"": ""transmission_line"", ""voltage"": ""220kV""}"
node_3386,13.0360499,77.565971,intermediate_path_node,"{""id"": ""line_275"", ""type"": ""transmission_line"", ""voltage"": ""220kV""}"
node_3387,13.0361483,77.5646566,intermediate_path_node,"{""id"": ""line_275"", ""type"": ""transmission_line"", ""voltage"": ""220kV""}"
node_3388,13.0364482,77.5619991,intermediate_path_node,"{""id"": ""line_275"", ""type"": ""transmission_line"", ""voltage"": ""220kV""}"
node_3389,13.0377231,77.5600035,intermediate_path_node,"{""id"": ""line_275"", ""type"": ""transmission_line"", ""voltage"": ""220kV""}"
node_3390,13.0384329,77.5588773,intermediate_path_node,"{""id"": ""line_275"", ""type"": ""transmission_line"", ""voltage"": ""220kV""}"
node_3391,13.040847,77.556687,intermediate_path_node,"{""id"": ""line_275"", ""type"": ""transmission_line"", ""voltage"": ""220kV""}"
node_3392,13.0427584,77.5549932,intermediate_path_node,"{""id"": ""line_275"", ""type"": ""transmission_line"", ""voltage"": ""220kV""}"
node_3393,13.0437683,77.5540611,intermediate_path_node,"{""id"": ""line_275"", ""type"": ""transmission_line"", ""voltage"": ""220kV""}"
node_3394,13.0282402,77.527001,intermediate_path_node,"{""id"": ""line_276"", ""type"": ""transmission_line"", ""voltage"": ""220kV""}"
node_3395,13.0277071,77.5284521,intermediate_path_node,"{""id"": ""line_276"", ""type"": ""transmission_line"", ""voltage"": ""220kV""}"
node_3396,13.0266728,77.5281331,intermediate_path_node,"{""id"": ""line_276"", ""type"": ""transmission_line"", ""voltage"": ""220kV""}"
node_3397,13.0245091,77.5277375,intermediate_path_node,"{""id"": ""line_276"", ""type"": ""transmission_line"", ""voltage"": ""220kV""}"
node_3398,13.0226746,77.527315,intermediate_path_node,"{""id"": ""line_276"", ""type"": ""transmission_line"", ""voltage"": ""220kV""}"
node_3399,13.0209368,77.5269341,intermediate_path_node,"{""id"": ""line_276"", ""type"": ""transmission_line"", ""voltage"": ""220kV""}"
node_3400,13.0194708,77.5266445,intermediate_path_node,"{""id"": ""line_276"", ""type"": ""transmission_line"", ""voltage"": ""220kV""}"
node_3401,13.0178061,77.5263025,intermediate_path_node,"{""id"": ""line_276"", ""type"": ""transmission_line"", ""voltage"": ""220kV""}"
node_3402,13.0152216,77.5263655,intermediate_path_node,"{""id"": ""line_276"", ""type"": ""transmission_line"", ""voltage"": ""220kV""}"
node_3403,13.0131714,77.5263628,intermediate_path_node,"{""id"": ""line_276"", ""type"": ""transmission_line"", ""voltage"": ""220kV""}"
node_3404,13.0114542,77.5264185,intermediate_path_node,"{""id"": ""line_276"", ""type"": ""transmission_line"", ""voltage"": ""220kV""}"
node_3405,13.0109788,77.5264339,intermediate_path_node,"{""id"": ""line_276"", ""type"": ""transmission_line"", ""voltage"": ""220kV""}"
node_3406,13.0093768,77.5264406,intermediate_path_node,"{""id"": ""line_276"", ""type"": ""transmission_line"", ""voltage"": ""220kV""}"
node_3407,13.0081564,77.5264527,intermediate_path_node,"{""id"": ""line_276"", ""type"": ""transmission_line"", ""voltage"": ""220kV""}"
node_3408,13.0064054,77.5264487,intermediate_path_node,"{""id"": ""line_276"", ""type"": ""transmission_line"", ""voltage"": ""220kV""}"
node_3409,13.0046649,77.5255153,intermediate_path_node,"{""id"": ""line_276"", ""type"": ""transmission_line"", ""voltage"": ""220kV""}"
node_3410,13.003758,77.5250164,intermediate_path_node,"{""id"": ""line_276"", ""type"": ""transmission_line"", ""voltage"": ""220kV""}"
node_3411,13.0021665,77.5241822,intermediate_path_node,"{""id"": ""line_276"", ""type"": ""transmission_line"", ""voltage"": ""220kV""}"
node_3412,13.0017039,77.523694,intermediate_path_node,"{""id"": ""line_276"", ""type"": ""transmission_line"", ""voltage"": ""220kV""}"
node_3413,12.976038,77.5349229,intermediate_path_node,"{""id"": ""line_277"", ""type"": ""transmission_line"", ""voltage"": ""220kV""}"
node_3414,12.9785407,77.5356726,intermediate_path_node,"{""id"": ""line_277"", ""type"": ""transmission_line"", ""voltage"": ""220kV""}"
node_3415,12.9805192,77.5363089,intermediate_path_node,"{""id"": ""line_277"", ""type"": ""transmission_line"", ""voltage"": ""220kV""}"
node_3416,12.9820338,77.5379786,intermediate_path_node,"{""id"": ""line_277"", ""type"": ""transmission_line"", ""voltage"": ""220kV""}"
node_3417,12.9826912,77.5404596,intermediate_path_node,"{""id"": ""line_277"", ""type"": ""transmission_line"", ""voltage"": ""220kV""}"
node_3418,12.9838882,77.5449094,intermediate_path_node,"{""id"": ""line_277"", ""type"": ""transmission_line"", ""voltage"": ""220kV""}"
node_3419,12.9837053,77.5460427,intermediate_path_node,"{""id"": ""line_277"", ""type"": ""transmission_line"", ""voltage"": ""220kV""}"
node_3420,12.9832779,77.548745,intermediate_path_node,"{""id"": ""line_277"", ""type"": ""transmission_line"", ""voltage"": ""220kV""}"
node_3421,12.9831616,77.5495121,intermediate_path_node,"{""id"": ""line_277"", ""type"": ""transmission_line"", ""voltage"": ""220kV""}"
node_3422,12.9833454,77.5495517,intermediate_path_node,"{""id"": ""line_277"", ""type"": ""transmission_line"", ""voltage"": ""220kV""}"
node_3423,12.9833451,77.5496565,intermediate_path_node,"{""id"": ""line_278"", ""type"": ""transmission_line"", ""voltage"": ""220kV""}"
node_3424,12.9830545,77.5495939,intermediate_path_node,"{""id"": ""line_278"", ""type"": ""transmission_line"", ""voltage"": ""220kV""}"
node_3425,12.9832021,77.5487369,intermediate_path_node,"{""id"": ""line_278"", ""type"": ""transmission_line"", ""voltage"": ""220kV""}"
node_3426,12.9836099,77.5460789,intermediate_path_node,"{""id"": ""line_278"", ""type"": ""transmission_line"", ""voltage"": ""220kV""}"
node_3427,12.9838072,77.5449161,intermediate_path_node,"{""id"": ""line_278"", ""type"": ""transmission_line"", ""voltage"": ""220kV""}"
node_3428,12.9826099,77.5404758,intermediate_path_node,"{""id"": ""line_278"", ""type"": ""transmission_line"", ""voltage"": ""220kV""}"
node_3429,12.9819463,77.5380148,intermediate_path_node,"{""id"": ""line_278"", ""type"": ""transmission_line"", ""voltage"": ""220kV""}"
node_3430,12.9804232,77.5364189,intermediate_path_node,"{""id"": ""line_278"", ""type"": ""transmission_line"", ""voltage"": ""220kV""}"
node_3431,12.9781277,77.5356813,intermediate_path_node,"{""id"": ""line_278"", ""type"": ""transmission_line"", ""voltage"": ""220kV""}"
node_3432,12.9760028,77.5350024,intermediate_path_node,"{""id"": ""line_278"", ""type"": ""transmission_line"", ""voltage"": ""220kV""}"
node_3433,13.011471,77.5383072,intermediate_path_node,"{""id"": ""line_279"", ""type"": ""transmission_line"", ""voltage"": ""220kV""}"
node_3434,13.0120733,77.5394116,intermediate_path_node,"{""id"": ""line_279"", ""type"": ""transmission_line"", ""voltage"": ""220kV""}"
node_3435,13.0133382,77.5410075,intermediate_path_node,"{""id"": ""line_279"", ""type"": ""transmission_line"", ""voltage"": ""220kV""}"
node_3436,13.0137936,77.5415848,intermediate_path_node,"{""id"": ""line_279"", ""type"": ""transmission_line"", ""voltage"": ""220kV""}"
node_3437,13.0283257,77.5270126,intermediate_path_node,"{""id"": ""line_280"", ""type"": ""transmission_line"", ""voltage"": ""220kV""}"
node_3438,13.0283108,77.5283977,intermediate_path_node,"{""id"": ""line_280"", ""type"": ""transmission_line"", ""voltage"": ""220kV""}"
node_3439,13.0282948,77.528492,intermediate_path_node,"{""id"": ""line_280"", ""type"": ""transmission_line"", ""voltage"": ""220kV""}"
node_3440,13.0277899,77.531491,intermediate_path_node,"{""id"": ""line_280"", ""type"": ""transmission_line"", ""voltage"": ""220kV""}"
node_3441,13.0276745,77.5321528,intermediate_path_node,"{""id"": ""line_280"", ""type"": ""transmission_line"", ""voltage"": ""220kV""}"
node_3442,13.0274393,77.5336938,intermediate_path_node,"{""id"": ""line_280"", ""type"": ""transmission_line"", ""voltage"": ""220kV""}"
node_3443,13.0262986,77.5356022,intermediate_path_node,"{""id"": ""line_280"", ""type"": ""transmission_line"", ""voltage"": ""220kV""}"
node_3444,13.0280345,77.526914,intermediate_path_node,"{""id"": ""line_281"", ""type"": ""transmission_line"", ""voltage"": ""220kV""}"
node_3445,13.0269048,77.5290172,intermediate_path_node,"{""id"": ""line_281"", ""type"": ""transmission_line"", ""voltage"": ""220kV""}"
node_3446,13.0262484,77.5302392,intermediate_path_node,"{""id"": ""line_281"", ""type"": ""transmission_line"", ""voltage"": ""220kV""}"
node_3447,13.0258361,77.5310069,intermediate_path_node,"{""id"": ""line_281"", ""type"": ""transmission_line"", ""voltage"": ""220kV""}"
node_3448,13.0241258,77.533398,intermediate_path_node,"{""id"": ""line_281"", ""type"": ""transmission_line"", ""voltage"": ""220kV""}"
node_3449,13.0215544,77.535167,intermediate_path_node,"{""id"": ""line_281"", ""type"": ""transmission_line"", ""voltage"": ""220kV""}"
node_3450,13.0191423,77.5368259,intermediate_path_node,"{""id"": ""line_281"", ""type"": ""transmission_line"", ""voltage"": ""220kV""}"
node_3451,13.0163592,77.5387182,intermediate_path_node,"{""id"": ""line_281"", ""type"": ""transmission_line"", ""voltage"": ""220kV""}"
node_3452,13.0141875,77.5401974,intermediate_path_node,"{""id"": ""line_281"", ""type"": ""transmission_line"", ""voltage"": ""220kV""}"
node_3453,13.0112513,77.5405135,intermediate_path_node,"{""id"": ""line_281"", ""type"": ""transmission_line"", ""voltage"": ""220kV""}"
node_3454,13.0092932,77.5407596,intermediate_path_node,"{""id"": ""line_281"", ""type"": ""transmission_line"", ""voltage"": ""220kV""}"
node_3455,13.0080375,77.5409031,intermediate_path_node,"{""id"": ""line_281"", ""type"": ""transmission_line"", ""voltage"": ""220kV""}"
node_3456,13.0054515,77.5398946,intermediate_path_node,"{""id"": ""line_281"", ""type"": ""transmission_line"", ""voltage"": ""220kV""}"
node_3457,13.0026787,77.5387144,intermediate_path_node,"{""id"": ""line_281"", ""type"": ""transmission_line"", ""voltage"": ""220kV""}"
node_3458,13.0006676,77.5362159,intermediate_path_node,"{""id"": ""line_281"", ""type"": ""transmission_line"", ""voltage"": ""220kV""}"
node_3459,12.9992289,77.5352912,intermediate_path_node,"{""id"": ""line_281"", ""type"": ""transmission_line"", ""voltage"": ""220kV""}"
node_3460,12.9960196,77.5345758,intermediate_path_node,"{""id"": ""line_281"", ""type"": ""transmission_line"", ""voltage"": ""220kV""}"
node_3461,12.9933734,77.5339595,intermediate_path_node,"{""id"": ""line_281"", ""type"": ""transmission_line"", ""voltage"": ""220kV""}"
node_3462,12.9921934,77.5342921,intermediate_path_node,"{""id"": ""line_281"", ""type"": ""transmission_line"", ""voltage"": ""220kV""}"
node_3463,12.9894465,77.5337677,intermediate_path_node,"{""id"": ""line_281"", ""type"": ""transmission_line"", ""voltage"": ""220kV""}"
node_3464,12.9671275,77.6509716,intermediate_path_node,"{""id"": ""line_282"", ""type"": ""transmission_line"", ""voltage"": ""220kV""}"
node_3465,12.9647045,77.6498182,intermediate_path_node,"{""id"": ""line_282"", ""type"": ""transmission_line"", ""voltage"": ""220kV""}"
node_3466,12.9635597,77.6493139,intermediate_path_node,"{""id"": ""line_282"", ""type"": ""transmission_line"", ""voltage"": ""220kV""}"
node_3467,12.9628834,77.6490162,intermediate_path_node,"{""id"": ""line_282"", ""type"": ""transmission_line"", ""voltage"": ""220kV""}"
node_3468,12.9692532,77.6618841,intermediate_path_node,"{""id"": ""line_283"", ""type"": ""transmission_line"", ""voltage"": ""220kV""}"
node_3469,12.9695185,77.663008,intermediate_path_node,"{""id"": ""line_283"", ""type"": ""transmission_line"", ""voltage"": ""220kV""}"
node_3470,12.9696989,77.6636584,intermediate_path_node,"{""id"": ""line_283"", ""type"": ""transmission_line"", ""voltage"": ""220kV""}"
node_3471,12.9703131,77.6647903,intermediate_path_node,"{""id"": ""line_283"", ""type"": ""transmission_line"", ""voltage"": ""220kV""}"
node_3472,12.9712214,77.6663728,intermediate_path_node,"{""id"": ""line_283"", ""type"": ""transmission_line"", ""voltage"": ""220kV""}"
node_3473,12.9729621,77.6677246,intermediate_path_node,"{""id"": ""line_283"", ""type"": ""transmission_line"", ""voltage"": ""220kV""}"
node_3474,12.9741305,77.6686473,intermediate_path_node,"{""id"": ""line_283"", ""type"": ""transmission_line"", ""voltage"": ""220kV""}"
node_3475,12.9749976,77.6694131,intermediate_path_node,"{""id"": ""line_283"", ""type"": ""transmission_line"", ""voltage"": ""220kV""}"
node_3476,12.9767756,77.6709849,intermediate_path_node,"{""id"": ""line_283"", ""type"": ""transmission_line"", ""voltage"": ""220kV""}"
node_3477,12.9779295,77.671988,intermediate_path_node,"{""id"": ""line_283"", ""type"": ""transmission_line"", ""voltage"": ""220kV""}"
node_3478,12.9795304,77.673372,intermediate_path_node,"{""id"": ""line_283"", ""type"": ""transmission_line"", ""voltage"": ""220kV""}"
node_3479,12.9805145,77.6743135,intermediate_path_node,"{""id"": ""line_283"", ""type"": ""transmission_line"", ""voltage"": ""220kV""}"
node_3480,12.9819585,77.6755553,intermediate_path_node,"{""id"": ""line_283"", ""type"": ""transmission_line"", ""voltage"": ""220kV""}"
node_3481,12.9843683,77.6777333,intermediate_path_node,"{""id"": ""line_283"", ""type"": ""transmission_line"", ""voltage"": ""220kV""}"
node_3482,12.9856958,77.6794749,intermediate_path_node,"{""id"": ""line_283"", ""type"": ""transmission_line"", ""voltage"": ""220kV""}"
node_3483,13.017227,77.570565,intermediate_path_node,"{""id"": ""line_284"", ""type"": ""transmission_line"", ""voltage"": ""220kV""}"
node_3484,13.0172375,77.570212,intermediate_path_node,"{""id"": ""line_284"", ""type"": ""transmission_line"", ""voltage"": ""220kV""}"
node_3485,13.0509309,77.6253928,intermediate_path_node,"{""id"": ""line_285"", ""type"": ""transmission_line"", ""voltage"": ""220kV""}"
node_3486,13.0506915,77.6281473,intermediate_path_node,"{""id"": ""line_285"", ""type"": ""transmission_line"", ""voltage"": ""220kV""}"
node_3487,13.0513612,77.6235752,intermediate_path_node,"{""id"": ""line_286"", ""type"": ""transmission_line"", ""voltage"": ""220kV""}"
node_3488,13.0983433,77.5702679,intermediate_path_node,"{""id"": ""line_288"", ""type"": ""transmission_line"", ""voltage"": ""220kV""}"
node_3489,13.0983394,77.5701995,intermediate_path_node,"{""id"": ""line_289"", ""type"": ""transmission_line"", ""voltage"": ""220kV""}"
node_3490,13.1038626,77.5854499,intermediate_path_node,"{""id"": ""line_290"", ""type"": ""transmission_line"", ""voltage"": ""220kV""}"
node_3491,13.1036177,77.585409,intermediate_path_node,"{""id"": ""line_290"", ""type"": ""transmission_line"", ""voltage"": ""220kV""}"
node_3492,13.1070556,77.5844702,intermediate_path_node,"{""id"": ""line_294"", ""type"": ""transmission_line"", ""voltage"": ""220kV""}"
node_3493,13.107151,77.5847103,intermediate_path_node,"{""id"": ""line_294"", ""type"": ""transmission_line"", ""voltage"": ""220kV""}"
node_3494,13.1142799,77.5799306,intermediate_path_node,"{""id"": ""line_295"", ""type"": ""transmission_line"", ""voltage"": ""220kV""}"
node_3495,13.1132742,77.5798729,intermediate_path_node,"{""id"": ""line_295"", ""type"": ""transmission_line"", ""voltage"": ""220kV""}"
node_3496,13.1126995,77.5805193,intermediate_path_node,"{""id"": ""line_295"", ""type"": ""transmission_line"", ""voltage"": ""220kV""}"
node_3497,13.1121901,77.58237,intermediate_path_node,"{""id"": ""line_295"", ""type"": ""transmission_line"", ""voltage"": ""220kV""}"
node_3498,13.1140591,77.5834047,intermediate_path_node,"{""id"": ""line_296"", ""type"": ""transmission_line"", ""voltage"": ""220kV""}"
node_3499,13.113342,77.5830998,intermediate_path_node,"{""id"": ""line_296"", ""type"": ""transmission_line"", ""voltage"": ""220kV""}"
node_3500,13.1131514,77.5814018,intermediate_path_node,"{""id"": ""line_296"", ""type"": ""transmission_line"", ""voltage"": ""220kV""}"
node_3501,13.1136517,77.5810973,intermediate_path_node,"{""id"": ""line_296"", ""type"": ""transmission_line"", ""voltage"": ""220kV""}"
node_3502,13.1136595,77.5807969,intermediate_path_node,"{""id"": ""line_297"", ""type"": ""transmission_line"", ""voltage"": ""220kV""}"
node_3503,13.1132964,77.5809579,intermediate_path_node,"{""id"": ""line_297"", ""type"": ""transmission_line"", ""voltage"": ""220kV""}"
node_3504,13.1129437,77.5811805,intermediate_path_node,"{""id"": ""line_297"", ""type"": ""transmission_line"", ""voltage"": ""220kV""}"
node_3505,13.1123463,77.5825116,intermediate_path_node,"{""id"": ""line_297"", ""type"": ""transmission_line"", ""voltage"": ""220kV""}"
node_3506,13.1039006,77.5858079,intermediate_path_node,"{""id"": ""line_298"", ""type"": ""transmission_line"", ""voltage"": ""220kV""}"
node_3507,13.10412,77.5862848,intermediate_path_node,"{""id"": ""line_298"", ""type"": ""transmission_line"", ""voltage"": ""220kV""}"
node_3508,13.1050721,77.5852268,intermediate_path_node,"{""id"": ""line_298"", ""type"": ""transmission_line"", ""voltage"": ""220kV""}"
node_3509,13.1142864,77.581796,intermediate_path_node,"{""id"": ""line_299"", ""type"": ""transmission_line"", ""voltage"": ""220kV""}"
node_3510,13.114293,77.5822037,intermediate_path_node,"{""id"": ""line_299"", ""type"": ""transmission_line"", ""voltage"": ""220kV""}"
node_3511,13.1153392,77.5823848,intermediate_path_node,"{""id"": ""line_299"", ""type"": ""transmission_line"", ""voltage"": ""220kV""}"
node_3512,13.1153836,77.5828448,intermediate_path_node,"{""id"": ""line_300"", ""type"": ""transmission_line"", ""voltage"": ""220kV""}"
node_3513,13.1140043,77.5826517,intermediate_path_node,"{""id"": ""line_300"", ""type"": ""transmission_line"", ""voltage"": ""220kV""}"
node_3514,13.1140487,77.5820106,intermediate_path_node,"{""id"": ""line_300"", ""type"": ""transmission_line"", ""voltage"": ""220kV""}"
node_3515,13.1140644,77.5815359,intermediate_path_node,"{""id"": ""line_300"", ""type"": ""transmission_line"", ""voltage"": ""220kV""}"
node_3516,13.0301706,77.6270668,intermediate_path_node,"{""id"": ""line_301"", ""type"": ""transmission_line"", ""voltage"": ""220kV""}"
node_3517,13.0305744,77.6254146,intermediate_path_node,"{""id"": ""line_301"", ""type"": ""transmission_line"", ""voltage"": ""220kV""}"
node_3518,13.0309409,77.623824,intermediate_path_node,"{""id"": ""line_301"", ""type"": ""transmission_line"", ""voltage"": ""220kV""}"
node_3519,13.031572,77.6209987,intermediate_path_node,"{""id"": ""line_301"", ""type"": ""transmission_line"", ""voltage"": ""220kV""}"
node_3520,13.0304999,77.6168904,intermediate_path_node,"{""id"": ""line_301"", ""type"": ""transmission_line"", ""voltage"": ""220kV""}"
node_3521,13.0295905,77.6137716,intermediate_path_node,"{""id"": ""line_301"", ""type"": ""transmission_line"", ""voltage"": ""220kV""}"
node_3522,13.0020512,77.6190733,intermediate_path_node,"{""id"": ""line_302"", ""type"": ""transmission_line"", ""voltage"": ""220kV""}"
node_3523,13.0033649,77.6194713,intermediate_path_node,"{""id"": ""line_302"", ""type"": ""transmission_line"", ""voltage"": ""220kV""}"
node_3524,13.0047602,77.6198341,intermediate_path_node,"{""id"": ""line_302"", ""type"": ""transmission_line"", ""voltage"": ""220kV""}"
node_3525,13.0056774,77.620404,intermediate_path_node,"{""id"": ""line_302"", ""type"": ""transmission_line"", ""voltage"": ""220kV""}"
node_3526,13.0068293,77.62127,intermediate_path_node,"{""id"": ""line_302"", ""type"": ""transmission_line"", ""voltage"": ""220kV""}"
node_3527,13.0071084,77.6208088,intermediate_path_node,"{""id"": ""line_302"", ""type"": ""transmission_line"", ""voltage"": ""220kV""}"
node_3528,13.0075422,77.6196621,intermediate_path_node,"{""id"": ""line_302"", ""type"": ""transmission_line"", ""voltage"": ""220kV""}"
node_3529,13.0086882,77.6199277,intermediate_path_node,"{""id"": ""line_302"", ""type"": ""transmission_line"", ""voltage"": ""220kV""}"
node_3530,13.009876,77.6204722,intermediate_path_node,"{""id"": ""line_302"", ""type"": ""transmission_line"", ""voltage"": ""220kV""}"
node_3531,13.0110546,77.6203863,intermediate_path_node,"{""id"": ""line_302"", ""type"": ""transmission_line"", ""voltage"": ""220kV""}"
node_3532,13.0131263,77.6210287,intermediate_path_node,"{""id"": ""line_302"", ""type"": ""transmission_line"", ""voltage"": ""220kV""}"
node_3533,13.0142978,77.6215263,intermediate_path_node,"{""id"": ""line_302"", ""type"": ""transmission_line"", ""voltage"": ""220kV""}"
node_3534,13.0154894,77.6219286,intermediate_path_node,"{""id"": ""line_302"", ""type"": ""transmission_line"", ""voltage"": ""220kV""}"
node_3535,13.0168719,77.622626,intermediate_path_node,"{""id"": ""line_302"", ""type"": ""transmission_line"", ""voltage"": ""220kV""}"
node_3536,13.0170169,77.6233421,intermediate_path_node,"{""id"": ""line_302"", ""type"": ""transmission_line"", ""voltage"": ""220kV""}"
node_3537,13.0180374,77.6240905,intermediate_path_node,"{""id"": ""line_302"", ""type"": ""transmission_line"", ""voltage"": ""220kV""}"
node_3538,13.0201855,77.625453,intermediate_path_node,"{""id"": ""line_302"", ""type"": ""transmission_line"", ""voltage"": ""220kV""}"
node_3539,13.021398,77.6262537,intermediate_path_node,"{""id"": ""line_302"", ""type"": ""transmission_line"", ""voltage"": ""220kV""}"
node_3540,13.0228601,77.6271495,intermediate_path_node,"{""id"": ""line_302"", ""type"": ""transmission_line"", ""voltage"": ""220kV""}"
node_3541,13.0249259,77.6284075,intermediate_path_node,"{""id"": ""line_302"", ""type"": ""transmission_line"", ""voltage"": ""220kV""}"
node_3542,13.0258666,77.6290002,intermediate_path_node,"{""id"": ""line_302"", ""type"": ""transmission_line"", ""voltage"": ""220kV""}"
node_3543,13.0266924,77.6297151,intermediate_path_node,"{""id"": ""line_302"", ""type"": ""transmission_line"", ""voltage"": ""220kV""}"
node_3544,13.0279206,77.6302059,intermediate_path_node,"{""id"": ""line_302"", ""type"": ""transmission_line"", ""voltage"": ""220kV""}"
node_3545,13.0289985,77.630918,intermediate_path_node,"{""id"": ""line_302"", ""type"": ""transmission_line"", ""voltage"": ""220kV""}"
node_3546,13.0292075,77.630937,intermediate_path_node,"{""id"": ""line_302"", ""type"": ""transmission_line"", ""voltage"": ""220kV""}"
node_3547,13.1521228,77.691052,intermediate_path_node,"{""id"": ""line_303"", ""type"": ""transmission_line"", ""voltage"": ""220kV""}"
node_3548,13.1514909,77.6912928,intermediate_path_node,"{""id"": ""line_303"", ""type"": ""transmission_line"", ""voltage"": ""220kV""}"
node_3549,13.1493911,77.6920929,intermediate_path_node,"{""id"": ""line_303"", ""type"": ""transmission_line"", ""voltage"": ""220kV""}"
node_3550,13.1472821,77.6928888,intermediate_path_node,"{""id"": ""line_303"", ""type"": ""transmission_line"", ""voltage"": ""220kV""}"
node_3551,13.1442665,77.6933837,intermediate_path_node,"{""id"": ""line_303"", ""type"": ""transmission_line"", ""voltage"": ""220kV""}"
node_3552,13.1410943,77.6938811,intermediate_path_node,"{""id"": ""line_303"", ""type"": ""transmission_line"", ""voltage"": ""220kV""}"
node_3553,13.1381109,77.6943709,intermediate_path_node,"{""id"": ""line_303"", ""type"": ""transmission_line"", ""voltage"": ""220kV""}"
node_3554,13.135351,77.694075,intermediate_path_node,"{""id"": ""line_303"", ""type"": ""transmission_line"", ""voltage"": ""220kV""}"
node_3555,13.132755,77.6937713,intermediate_path_node,"{""id"": ""line_303"", ""type"": ""transmission_line"", ""voltage"": ""220kV""}"
node_3556,13.129746,77.6934538,intermediate_path_node,"{""id"": ""line_303"", ""type"": ""transmission_line"", ""voltage"": ""220kV""}"
node_3557,13.1268097,77.6930026,intermediate_path_node,"{""id"": ""line_303"", ""type"": ""transmission_line"", ""voltage"": ""220kV""}"
node_3558,13.1240865,77.6927477,intermediate_path_node,"{""id"": ""line_303"", ""type"": ""transmission_line"", ""voltage"": ""220kV""}"
node_3559,13.1212178,77.6925309,intermediate_path_node,"{""id"": ""line_303"", ""type"": ""transmission_line"", ""voltage"": ""220kV""}"
node_3560,13.1182241,77.6922128,intermediate_path_node,"{""id"": ""line_303"", ""type"": ""transmission_line"", ""voltage"": ""220kV""}"
node_3561,13.1157219,77.6919835,intermediate_path_node,"{""id"": ""line_303"", ""type"": ""transmission_line"", ""voltage"": ""220kV""}"
node_3562,13.1126951,77.6916624,intermediate_path_node,"{""id"": ""line_303"", ""type"": ""transmission_line"", ""voltage"": ""220kV""}"
node_3563,13.1099563,77.6913847,intermediate_path_node,"{""id"": ""line_303"", ""type"": ""transmission_line"", ""voltage"": ""220kV""}"
node_3564,13.1069365,77.691051,intermediate_path_node,"{""id"": ""line_303"", ""type"": ""transmission_line"", ""voltage"": ""220kV""}"
node_3565,13.1041335,77.6917272,intermediate_path_node,"{""id"": ""line_303"", ""type"": ""transmission_line"", ""voltage"": ""220kV""}"
node_3566,13.1014713,77.6923694,intermediate_path_node,"{""id"": ""line_303"", ""type"": ""transmission_line"", ""voltage"": ""220kV""}"
node_3567,13.0987915,77.6930129,intermediate_path_node,"{""id"": ""line_303"", ""type"": ""transmission_line"", ""voltage"": ""220kV""}"
node_3568,13.0957597,77.6936572,intermediate_path_node,"{""id"": ""line_303"", ""type"": ""transmission_line"", ""voltage"": ""220kV""}"
node_3569,13.0930953,77.6942874,intermediate_path_node,"{""id"": ""line_303"", ""type"": ""transmission_line"", ""voltage"": ""220kV""}"
node_3570,13.0899553,77.695044,intermediate_path_node,"{""id"": ""line_303"", ""type"": ""transmission_line"", ""voltage"": ""220kV""}"
node_3571,13.0871858,77.6955583,intermediate_path_node,"{""id"": ""line_303"", ""type"": ""transmission_line"", ""voltage"": ""220kV""}"
node_3572,13.085275,77.696148,intermediate_path_node,"{""id"": ""line_303"", ""type"": ""transmission_line"", ""voltage"": ""220kV""}"
node_3573,13.0836574,77.6965412,intermediate_path_node,"{""id"": ""line_303"", ""type"": ""transmission_line"", ""voltage"": ""220kV""}"
node_3574,13.0816967,77.6972108,intermediate_path_node,"{""id"": ""line_303"", ""type"": ""transmission_line"", ""voltage"": ""220kV""}"
node_3575,13.0800592,77.6977862,intermediate_path_node,"{""id"": ""line_303"", ""type"": ""transmission_line"", ""voltage"": ""220kV""}"
node_3576,13.07751,77.6986421,intermediate_path_node,"{""id"": ""line_303"", ""type"": ""transmission_line"", ""voltage"": ""220kV""}"
node_3577,13.074927,77.699537,intermediate_path_node,"{""id"": ""line_303"", ""type"": ""transmission_line"", ""voltage"": ""220kV""}"
node_3578,13.0720567,77.7004974,intermediate_path_node,"{""id"": ""line_303"", ""type"": ""transmission_line"", ""voltage"": ""220kV""}"
node_3579,13.0697728,77.7005609,intermediate_path_node,"{""id"": ""line_303"", ""type"": ""transmission_line"", ""voltage"": ""220kV""}"
node_3580,13.0672794,77.7006264,intermediate_path_node,"{""id"": ""line_303"", ""type"": ""transmission_line"", ""voltage"": ""220kV""}"
node_3581,13.0656967,77.7006632,intermediate_path_node,"{""id"": ""line_303"", ""type"": ""transmission_line"", ""voltage"": ""220kV""}"
node_3582,13.0648119,77.7006837,intermediate_path_node,"{""id"": ""line_303"", ""type"": ""transmission_line"", ""voltage"": ""220kV""}"
node_3583,13.0623664,77.7007574,intermediate_path_node,"{""id"": ""line_303"", ""type"": ""transmission_line"", ""voltage"": ""220kV""}"
node_3584,13.0598949,77.7008086,intermediate_path_node,"{""id"": ""line_303"", ""type"": ""transmission_line"", ""voltage"": ""220kV""}"
node_3585,13.0571333,77.7008811,intermediate_path_node,"{""id"": ""line_303"", ""type"": ""transmission_line"", ""voltage"": ""220kV""}"
node_3586,13.0545522,77.7014323,intermediate_path_node,"{""id"": ""line_303"", ""type"": ""transmission_line"", ""voltage"": ""220kV""}"
node_3587,13.0518734,77.7019073,intermediate_path_node,"{""id"": ""line_303"", ""type"": ""transmission_line"", ""voltage"": ""220kV""}"
node_3588,13.0489291,77.7025907,intermediate_path_node,"{""id"": ""line_303"", ""type"": ""transmission_line"", ""voltage"": ""220kV""}"
node_3589,13.0464884,77.7031098,intermediate_path_node,"{""id"": ""line_303"", ""type"": ""transmission_line"", ""voltage"": ""220kV""}"
node_3590,13.0440614,77.7036169,intermediate_path_node,"{""id"": ""line_303"", ""type"": ""transmission_line"", ""voltage"": ""220kV""}"
node_3591,13.0415934,77.704134,intermediate_path_node,"{""id"": ""line_303"", ""type"": ""transmission_line"", ""voltage"": ""220kV""}"
node_3592,13.0401544,77.7043204,intermediate_path_node,"{""id"": ""line_303"", ""type"": ""transmission_line"", ""voltage"": ""220kV""}"
node_3593,13.0396116,77.7043725,intermediate_path_node,"{""id"": ""line_303"", ""type"": ""transmission_line"", ""voltage"": ""220kV""}"
node_3594,13.0373815,77.7052106,intermediate_path_node,"{""id"": ""line_303"", ""type"": ""transmission_line"", ""voltage"": ""220kV""}"
node_3595,13.0346284,77.7062296,intermediate_path_node,"{""id"": ""line_303"", ""type"": ""transmission_line"", ""voltage"": ""220kV""}"
node_3596,13.033064,77.7068114,intermediate_path_node,"{""id"": ""line_303"", ""type"": ""transmission_line"", ""voltage"": ""220kV""}"
node_3597,13.0318577,77.7072601,intermediate_path_node,"{""id"": ""line_303"", ""type"": ""transmission_line"", ""voltage"": ""220kV""}"
node_3598,13.0293408,77.708186,intermediate_path_node,"{""id"": ""line_303"", ""type"": ""transmission_line"", ""voltage"": ""220kV""}"
node_3599,13.0274389,77.7096331,intermediate_path_node,"{""id"": ""line_303"", ""type"": ""transmission_line"", ""voltage"": ""220kV""}"
node_3600,13.0251676,77.7114591,intermediate_path_node,"{""id"": ""line_303"", ""type"": ""transmission_line"", ""voltage"": ""220kV""}"
node_3601,13.0232155,77.7130112,intermediate_path_node,"{""id"": ""line_303"", ""type"": ""transmission_line"", ""voltage"": ""220kV""}"
node_3602,13.0221499,77.7138585,intermediate_path_node,"{""id"": ""line_303"", ""type"": ""transmission_line"", ""voltage"": ""220kV""}"
node_3603,13.0209126,77.7148571,intermediate_path_node,"{""id"": ""line_303"", ""type"": ""transmission_line"", ""voltage"": ""220kV""}"
node_3604,13.0180947,77.7143759,intermediate_path_node,"{""id"": ""line_303"", ""type"": ""transmission_line"", ""voltage"": ""220kV""}"
node_3605,13.0156821,77.7139571,intermediate_path_node,"{""id"": ""line_303"", ""type"": ""transmission_line"", ""voltage"": ""220kV""}"
node_3606,13.0132932,77.7134847,intermediate_path_node,"{""id"": ""line_303"", ""type"": ""transmission_line"", ""voltage"": ""220kV""}"
node_3607,13.010126,77.7141318,intermediate_path_node,"{""id"": ""line_303"", ""type"": ""transmission_line"", ""voltage"": ""220kV""}"
node_3608,13.0078268,77.7145561,intermediate_path_node,"{""id"": ""line_303"", ""type"": ""transmission_line"", ""voltage"": ""220kV""}"
node_3609,13.0069532,77.7149977,intermediate_path_node,"{""id"": ""line_303"", ""type"": ""transmission_line"", ""voltage"": ""220kV""}"
node_3610,13.0062011,77.7153856,intermediate_path_node,"{""id"": ""line_303"", ""type"": ""transmission_line"", ""voltage"": ""220kV""}"
node_3611,13.0043995,77.7147904,intermediate_path_node,"{""id"": ""line_303"", ""type"": ""transmission_line"", ""voltage"": ""220kV""}"
node_3612,13.0018964,77.7138361,intermediate_path_node,"{""id"": ""line_303"", ""type"": ""transmission_line"", ""voltage"": ""220kV""}"
node_3613,13.0006683,77.7133805,intermediate_path_node,"{""id"": ""line_303"", ""type"": ""transmission_line"", ""voltage"": ""220kV""}"
node_3614,12.9999321,77.7138453,intermediate_path_node,"{""id"": ""line_303"", ""type"": ""transmission_line"", ""voltage"": ""220kV""}"
node_3615,12.9639864,77.6150648,intermediate_path_node,"{""id"": ""line_304"", ""type"": ""transmission_line"", ""voltage"": ""220kV""}"
node_3616,12.9636113,77.6155087,intermediate_path_node,"{""id"": ""line_304"", ""type"": ""transmission_line"", ""voltage"": ""220kV""}"
node_3617,12.9620123,77.616137,intermediate_path_node,"{""id"": ""line_304"", ""type"": ""transmission_line"", ""voltage"": ""220kV""}"
node_3618,12.960721,77.6164294,intermediate_path_node,"{""id"": ""line_304"", ""type"": ""transmission_line"", ""voltage"": ""220kV""}"
node_3619,12.9589965,77.616583,intermediate_path_node,"{""id"": ""line_304"", ""type"": ""transmission_line"", ""voltage"": ""220kV""}"
node_3620,12.9570655,77.6168197,intermediate_path_node,"{""id"": ""line_304"", ""type"": ""transmission_line"", ""voltage"": ""220kV""}"
node_3621,12.9555017,77.6174708,intermediate_path_node,"{""id"": ""line_304"", ""type"": ""transmission_line"", ""voltage"": ""220kV""}"
node_3622,12.9904653,77.5520548,intermediate_path_node,"{""id"": ""line_305"", ""type"": ""transmission_line"", ""voltage"": ""220kV""}"
node_3623,12.9916937,77.5520897,intermediate_path_node,"{""id"": ""line_305"", ""type"": ""transmission_line"", ""voltage"": ""220kV""}"
node_3624,12.9919943,77.5522064,intermediate_path_node,"{""id"": ""line_306"", ""type"": ""transmission_line"", ""voltage"": ""220kV""}"
node_3625,12.9913239,77.5521876,intermediate_path_node,"{""id"": ""line_306"", ""type"": ""transmission_line"", ""voltage"": ""220kV""}"
node_3626,12.990464,77.5521447,intermediate_path_node,"{""id"": ""line_306"", ""type"": ""transmission_line"", ""voltage"": ""220kV""}"
node_3627,12.9894696,77.5512354,intermediate_path_node,"{""id"": ""line_307"", ""type"": ""transmission_line"", ""voltage"": ""220kV""}"
node_3628,12.9878073,77.5506172,intermediate_path_node,"{""id"": ""line_307"", ""type"": ""transmission_line"", ""voltage"": ""220kV""}"
node_3629,12.9848819,77.5498822,intermediate_path_node,"{""id"": ""line_308"", ""type"": ""transmission_line"", ""voltage"": ""220kV""}"
node_3630,12.9878178,77.5505139,intermediate_path_node,"{""id"": ""line_308"", ""type"": ""transmission_line"", ""voltage"": ""220kV""}"
node_3631,12.9894722,77.551112,intermediate_path_node,"{""id"": ""line_308"", ""type"": ""transmission_line"", ""voltage"": ""220kV""}"
node_3632,13.001037,77.547922,intermediate_path_node,"{""id"": ""line_309"", ""type"": ""transmission_line"", ""voltage"": ""220kV""}"
node_3633,13.0010507,77.5480168,intermediate_path_node,"{""id"": ""line_309"", ""type"": ""transmission_line"", ""voltage"": ""220kV""}"
node_3634,13.0009949,77.5478323,intermediate_path_node,"{""id"": ""line_310"", ""type"": ""transmission_line"", ""voltage"": ""220kV""}"
node_3635,13.0249071,77.5363874,intermediate_path_node,"{""id"": ""line_311"", ""type"": ""transmission_line"", ""voltage"": ""220kV""}"
node_3636,13.0229942,77.5373181,intermediate_path_node,"{""id"": ""line_311"", ""type"": ""transmission_line"", ""voltage"": ""220kV""}"
node_3637,13.0214679,77.5380244,intermediate_path_node,"{""id"": ""line_311"", ""type"": ""transmission_line"", ""voltage"": ""220kV""}"
node_3638,13.0206408,77.5384267,intermediate_path_node,"{""id"": ""line_311"", ""type"": ""transmission_line"", ""voltage"": ""220kV""}"
node_3639,13.0199799,77.5387893,intermediate_path_node,"{""id"": ""line_311"", ""type"": ""transmission_line"", ""voltage"": ""220kV""}"
node_3640,13.0183596,77.5395725,intermediate_path_node,"{""id"": ""line_311"", ""type"": ""transmission_line"", ""voltage"": ""220kV""}"
node_3641,13.017292,77.5400656,intermediate_path_node,"{""id"": ""line_311"", ""type"": ""transmission_line"", ""voltage"": ""220kV""}"
node_3642,13.0167151,77.5403465,intermediate_path_node,"{""id"": ""line_311"", ""type"": ""transmission_line"", ""voltage"": ""220kV""}"
node_3643,13.0139412,77.541723,intermediate_path_node,"{""id"": ""line_311"", ""type"": ""transmission_line"", ""voltage"": ""220kV""}"
node_3644,13.0120864,77.5426235,intermediate_path_node,"{""id"": ""line_311"", ""type"": ""transmission_line"", ""voltage"": ""220kV""}"
node_3645,13.0103662,77.5434825,intermediate_path_node,"{""id"": ""line_311"", ""type"": ""transmission_line"", ""voltage"": ""220kV""}"
node_3646,13.0066937,77.5452608,intermediate_path_node,"{""id"": ""line_311"", ""type"": ""transmission_line"", ""voltage"": ""220kV""}"
node_3647,13.0040607,77.5465362,intermediate_path_node,"{""id"": ""line_311"", ""type"": ""transmission_line"", ""voltage"": ""220kV""}"
node_3648,12.9999458,77.5484417,intermediate_path_node,"{""id"": ""line_311"", ""type"": ""transmission_line"", ""voltage"": ""220kV""}"
node_3649,12.9983863,77.5489242,intermediate_path_node,"{""id"": ""line_311"", ""type"": ""transmission_line"", ""voltage"": ""220kV""}"
node_3650,12.9965766,77.5494076,intermediate_path_node,"{""id"": ""line_311"", ""type"": ""transmission_line"", ""voltage"": ""220kV""}"
node_3651,12.993305,77.5504593,intermediate_path_node,"{""id"": ""line_311"", ""type"": ""transmission_line"", ""voltage"": ""220kV""}"
node_3652,12.9925277,77.5508343,intermediate_path_node,"{""id"": ""line_311"", ""type"": ""transmission_line"", ""voltage"": ""220kV""}"
node_3653,12.9921328,77.5512988,intermediate_path_node,"{""id"": ""line_311"", ""type"": ""transmission_line"", ""voltage"": ""220kV""}"
node_3654,12.9999171,77.5483641,intermediate_path_node,"{""id"": ""line_312"", ""type"": ""transmission_line"", ""voltage"": ""220kV""}"
node_3655,13.0039875,77.5463565,intermediate_path_node,"{""id"": ""line_312"", ""type"": ""transmission_line"", ""voltage"": ""220kV""}"
node_3656,13.0066127,77.5450838,intermediate_path_node,"{""id"": ""line_312"", ""type"": ""transmission_line"", ""voltage"": ""220kV""}"
node_3657,13.0076966,77.5445517,intermediate_path_node,"{""id"": ""line_312"", ""type"": ""transmission_line"", ""voltage"": ""220kV""}"
node_3658,13.0107268,77.5430641,intermediate_path_node,"{""id"": ""line_312"", ""type"": ""transmission_line"", ""voltage"": ""220kV""}"
node_3659,13.0121831,77.5423633,intermediate_path_node,"{""id"": ""line_312"", ""type"": ""transmission_line"", ""voltage"": ""220kV""}"
node_3660,12.9848634,77.5499834,intermediate_path_node,"{""id"": ""line_313"", ""type"": ""transmission_line"", ""voltage"": ""220kV""}"
node_3661,12.991903,77.5512826,intermediate_path_node,"{""id"": ""line_314"", ""type"": ""transmission_line"", ""voltage"": ""220kV""}"
node_3662,12.9919551,77.5507893,intermediate_path_node,"{""id"": ""line_314"", ""type"": ""transmission_line"", ""voltage"": ""220kV""}"
node_3663,12.9932948,77.5503549,intermediate_path_node,"{""id"": ""line_314"", ""type"": ""transmission_line"", ""voltage"": ""220kV""}"
node_3664,12.9965138,77.5493465,intermediate_path_node,"{""id"": ""line_314"", ""type"": ""transmission_line"", ""voltage"": ""220kV""}"
node_3665,12.9980844,77.5489169,intermediate_path_node,"{""id"": ""line_314"", ""type"": ""transmission_line"", ""voltage"": ""220kV""}"
node_3666,12.9750805,77.6222719,intermediate_path_node,"{""id"": ""line_315"", ""type"": ""transmission_line"", ""voltage"": ""220kV""}"
node_3667,12.9750794,77.6225237,intermediate_path_node,"{""id"": ""line_315"", ""type"": ""transmission_line"", ""voltage"": ""220kV""}"
node_3668,12.9753851,77.6225073,intermediate_path_node,"{""id"": ""line_315"", ""type"": ""transmission_line"", ""voltage"": ""220kV""}"
node_3669,12.9753088,77.6222006,intermediate_path_node,"{""id"": ""line_315"", ""type"": ""transmission_line"", ""voltage"": ""220kV""}"
node_3670,13.2464954,78.0154416,intermediate_path_node,"{""id"": ""line_316"", ""type"": ""transmission_line"", ""voltage"": ""220kV""}"
node_3671,13.2436423,78.0140628,intermediate_path_node,"{""id"": ""line_316"", ""type"": ""transmission_line"", ""voltage"": ""220kV""}"
node_3672,13.2402701,78.0123952,intermediate_path_node,"{""id"": ""line_316"", ""type"": ""transmission_line"", ""voltage"": ""220kV""}"
node_3673,13.2367888,78.0106995,intermediate_path_node,"{""id"": ""line_316"", ""type"": ""transmission_line"", ""voltage"": ""220kV""}"
node_3674,13.233602,78.0090823,intermediate_path_node,"{""id"": ""line_316"", ""type"": ""transmission_line"", ""voltage"": ""220kV""}"
node_3675,13.2303607,78.0074482,intermediate_path_node,"{""id"": ""line_316"", ""type"": ""transmission_line"", ""voltage"": ""220kV""}"
node_3676,13.228473,78.0052035,intermediate_path_node,"{""id"": ""line_316"", ""type"": ""transmission_line"", ""voltage"": ""220kV""}"
node_3677,13.2266255,78.0030134,intermediate_path_node,"{""id"": ""line_316"", ""type"": ""transmission_line"", ""voltage"": ""220kV""}"
node_3678,13.2243747,78.0003211,intermediate_path_node,"{""id"": ""line_316"", ""type"": ""transmission_line"", ""voltage"": ""220kV""}"
node_3679,13.2221331,77.9976416,intermediate_path_node,"{""id"": ""line_316"", ""type"": ""transmission_line"", ""voltage"": ""220kV""}"
node_3680,13.2201752,77.9953104,intermediate_path_node,"{""id"": ""line_316"", ""type"": ""transmission_line"", ""voltage"": ""220kV""}"
node_3681,13.218208,77.9929856,intermediate_path_node,"{""id"": ""line_316"", ""type"": ""transmission_line"", ""voltage"": ""220kV""}"
node_3682,13.2162836,77.9906992,intermediate_path_node,"{""id"": ""line_316"", ""type"": ""transmission_line"", ""voltage"": ""220kV""}"
node_3683,13.2141753,77.9882245,intermediate_path_node,"{""id"": ""line_316"", ""type"": ""transmission_line"", ""voltage"": ""220kV""}"
node_3684,13.2121337,77.9857705,intermediate_path_node,"{""id"": ""line_316"", ""type"": ""transmission_line"", ""voltage"": ""220kV""}"
node_3685,13.2091298,77.9847168,intermediate_path_node,"{""id"": ""line_316"", ""type"": ""transmission_line"", ""voltage"": ""220kV""}"
node_3686,13.2058384,77.9835567,intermediate_path_node,"{""id"": ""line_316"", ""type"": ""transmission_line"", ""voltage"": ""220kV""}"
node_3687,13.2021027,77.9822181,intermediate_path_node,"{""id"": ""line_316"", ""type"": ""transmission_line"", ""voltage"": ""220kV""}"
node_3688,13.1987611,77.9810374,intermediate_path_node,"{""id"": ""line_316"", ""type"": ""transmission_line"", ""voltage"": ""220kV""}"
node_3689,13.1964955,77.9795101,intermediate_path_node,"{""id"": ""line_316"", ""type"": ""transmission_line"", ""voltage"": ""220kV""}"
node_3690,13.1959707,77.9791582,intermediate_path_node,"{""id"": ""line_316"", ""type"": ""transmission_line"", ""voltage"": ""220kV""}"
node_3691,13.1957916,77.9790335,intermediate_path_node,"{""id"": ""line_316"", ""type"": ""transmission_line"", ""voltage"": ""220kV""}"
node_3692,13.1942801,77.9780102,intermediate_path_node,"{""id"": ""line_316"", ""type"": ""transmission_line"", ""voltage"": ""220kV""}"
node_3693,13.1921681,77.976579,intermediate_path_node,"{""id"": ""line_316"", ""type"": ""transmission_line"", ""voltage"": ""220kV""}"
node_3694,13.1887997,77.9743103,intermediate_path_node,"{""id"": ""line_316"", ""type"": ""transmission_line"", ""voltage"": ""220kV""}"
node_3695,13.1860896,77.9724569,intermediate_path_node,"{""id"": ""line_316"", ""type"": ""transmission_line"", ""voltage"": ""220kV""}"
node_3696,13.1830352,77.9701298,intermediate_path_node,"{""id"": ""line_316"", ""type"": ""transmission_line"", ""voltage"": ""220kV""}"
node_3697,13.1818408,77.9691915,intermediate_path_node,"{""id"": ""line_316"", ""type"": ""transmission_line"", ""voltage"": ""220kV""}"
node_3698,13.1799474,77.9676826,intermediate_path_node,"{""id"": ""line_316"", ""type"": ""transmission_line"", ""voltage"": ""220kV""}"
node_3699,13.1775205,77.9657846,intermediate_path_node,"{""id"": ""line_316"", ""type"": ""transmission_line"", ""voltage"": ""220kV""}"
node_3700,13.1744133,77.9633546,intermediate_path_node,"{""id"": ""line_316"", ""type"": ""transmission_line"", ""voltage"": ""220kV""}"
node_3701,13.1715013,77.9610747,intermediate_path_node,"{""id"": ""line_316"", ""type"": ""transmission_line"", ""voltage"": ""220kV""}"
node_3702,13.1687275,77.9588952,intermediate_path_node,"{""id"": ""line_316"", ""type"": ""transmission_line"", ""voltage"": ""220kV""}"
node_3703,13.1662983,77.9570039,intermediate_path_node,"{""id"": ""line_316"", ""type"": ""transmission_line"", ""voltage"": ""220kV""}"
node_3704,13.1657298,77.9565613,intermediate_path_node,"{""id"": ""line_316"", ""type"": ""transmission_line"", ""voltage"": ""220kV""}"
node_3705,13.1630361,77.9544608,intermediate_path_node,"{""id"": ""line_316"", ""type"": ""transmission_line"", ""voltage"": ""220kV""}"
node_3706,13.1603023,77.9523088,intermediate_path_node,"{""id"": ""line_316"", ""type"": ""transmission_line"", ""voltage"": ""220kV""}"
node_3707,13.1578057,77.950349,intermediate_path_node,"{""id"": ""line_316"", ""type"": ""transmission_line"", ""voltage"": ""220kV""}"
node_3708,13.1551855,77.9483068,intermediate_path_node,"{""id"": ""line_316"", ""type"": ""transmission_line"", ""voltage"": ""220kV""}"
node_3709,13.1523212,77.9460724,intermediate_path_node,"{""id"": ""line_316"", ""type"": ""transmission_line"", ""voltage"": ""220kV""}"
node_3710,13.1499215,77.944195,intermediate_path_node,"{""id"": ""line_316"", ""type"": ""transmission_line"", ""voltage"": ""220kV""}"
node_3711,13.148085,77.9417379,intermediate_path_node,"{""id"": ""line_316"", ""type"": ""transmission_line"", ""voltage"": ""220kV""}"
node_3712,13.1461128,77.939069,intermediate_path_node,"{""id"": ""line_316"", ""type"": ""transmission_line"", ""voltage"": ""220kV""}"
node_3713,13.1440208,77.9362858,intermediate_path_node,"{""id"": ""line_316"", ""type"": ""transmission_line"", ""voltage"": ""220kV""}"
node_3714,13.1420571,77.9336763,intermediate_path_node,"{""id"": ""line_316"", ""type"": ""transmission_line"", ""voltage"": ""220kV""}"
node_3715,13.1397276,77.9305593,intermediate_path_node,"{""id"": ""line_316"", ""type"": ""transmission_line"", ""voltage"": ""220kV""}"
node_3716,13.1391458,77.9278684,intermediate_path_node,"{""id"": ""line_316"", ""type"": ""transmission_line"", ""voltage"": ""220kV""}"
node_3717,13.1385062,77.9249095,intermediate_path_node,"{""id"": ""line_316"", ""type"": ""transmission_line"", ""voltage"": ""220kV""}"
node_3718,13.1350611,77.923691,intermediate_path_node,"{""id"": ""line_316"", ""type"": ""transmission_line"", ""voltage"": ""220kV""}"
node_3719,13.1324326,77.9227217,intermediate_path_node,"{""id"": ""line_316"", ""type"": ""transmission_line"", ""voltage"": ""220kV""}"
node_3720,13.130248,77.9223949,intermediate_path_node,"{""id"": ""line_316"", ""type"": ""transmission_line"", ""voltage"": ""220kV""}"
node_3721,13.1269349,77.9219035,intermediate_path_node,"{""id"": ""line_316"", ""type"": ""transmission_line"", ""voltage"": ""220kV""}"
node_3722,13.1236939,77.9214092,intermediate_path_node,"{""id"": ""line_316"", ""type"": ""transmission_line"", ""voltage"": ""220kV""}"
node_3723,13.1198941,77.9208408,intermediate_path_node,"{""id"": ""line_316"", ""type"": ""transmission_line"", ""voltage"": ""220kV""}"
node_3724,13.1163803,77.919899,intermediate_path_node,"{""id"": ""line_316"", ""type"": ""transmission_line"", ""voltage"": ""220kV""}"
node_3725,13.1129627,77.9189847,intermediate_path_node,"{""id"": ""line_316"", ""type"": ""transmission_line"", ""voltage"": ""220kV""}"
node_3726,13.1095722,77.9180851,intermediate_path_node,"{""id"": ""line_316"", ""type"": ""transmission_line"", ""voltage"": ""220kV""}"
node_3727,13.1062512,77.9171891,intermediate_path_node,"{""id"": ""line_316"", ""type"": ""transmission_line"", ""voltage"": ""220kV""}"
node_3728,13.1032443,77.9164163,intermediate_path_node,"{""id"": ""line_316"", ""type"": ""transmission_line"", ""voltage"": ""220kV""}"
node_3729,13.0999446,77.9155054,intermediate_path_node,"{""id"": ""line_316"", ""type"": ""transmission_line"", ""voltage"": ""220kV""}"
node_3730,13.0971019,77.9147365,intermediate_path_node,"{""id"": ""line_316"", ""type"": ""transmission_line"", ""voltage"": ""220kV""}"
node_3731,13.0956682,77.9117864,intermediate_path_node,"{""id"": ""line_316"", ""type"": ""transmission_line"", ""voltage"": ""220kV""}"
node_3732,13.0940176,77.9083122,intermediate_path_node,"{""id"": ""line_316"", ""type"": ""transmission_line"", ""voltage"": ""220kV""}"
node_3733,13.0923578,77.9049165,intermediate_path_node,"{""id"": ""line_316"", ""type"": ""transmission_line"", ""voltage"": ""220kV""}"
node_3734,13.0906521,77.9013827,intermediate_path_node,"{""id"": ""line_316"", ""type"": ""transmission_line"", ""voltage"": ""220kV""}"
node_3735,13.0889158,77.8978113,intermediate_path_node,"{""id"": ""line_316"", ""type"": ""transmission_line"", ""voltage"": ""220kV""}"
node_3736,13.0874241,77.8946729,intermediate_path_node,"{""id"": ""line_316"", ""type"": ""transmission_line"", ""voltage"": ""220kV""}"
node_3737,13.0843733,77.8927051,intermediate_path_node,"{""id"": ""line_316"", ""type"": ""transmission_line"", ""voltage"": ""220kV""}"
node_3738,13.0813103,77.8907217,intermediate_path_node,"{""id"": ""line_316"", ""type"": ""transmission_line"", ""voltage"": ""220kV""}"
node_3739,13.0779538,77.8885531,intermediate_path_node,"{""id"": ""line_316"", ""type"": ""transmission_line"", ""voltage"": ""220kV""}"
node_3740,13.0751994,77.8867454,intermediate_path_node,"{""id"": ""line_316"", ""type"": ""transmission_line"", ""voltage"": ""220kV""}"
node_3741,13.072766,77.8851668,intermediate_path_node,"{""id"": ""line_316"", ""type"": ""transmission_line"", ""voltage"": ""220kV""}"
node_3742,13.0704549,77.882336,intermediate_path_node,"{""id"": ""line_316"", ""type"": ""transmission_line"", ""voltage"": ""220kV""}"
node_3743,13.0689722,77.8796527,intermediate_path_node,"{""id"": ""line_316"", ""type"": ""transmission_line"", ""voltage"": ""220kV""}"
node_3744,13.0674406,77.8769694,intermediate_path_node,"{""id"": ""line_316"", ""type"": ""transmission_line"", ""voltage"": ""220kV""}"
node_3745,13.0658601,77.8741668,intermediate_path_node,"{""id"": ""line_316"", ""type"": ""transmission_line"", ""voltage"": ""220kV""}"
node_3746,13.0645241,77.8717628,intermediate_path_node,"{""id"": ""line_316"", ""type"": ""transmission_line"", ""voltage"": ""220kV""}"
node_3747,13.0610512,77.8717063,intermediate_path_node,"{""id"": ""line_316"", ""type"": ""transmission_line"", ""voltage"": ""220kV""}"
node_3748,13.0574896,77.8716341,intermediate_path_node,"{""id"": ""line_316"", ""type"": ""transmission_line"", ""voltage"": ""220kV""}"
node_3749,13.0539401,77.8715337,intermediate_path_node,"{""id"": ""line_316"", ""type"": ""transmission_line"", ""voltage"": ""220kV""}"
node_3750,13.0504487,77.8714458,intermediate_path_node,"{""id"": ""line_316"", ""type"": ""transmission_line"", ""voltage"": ""220kV""}"
node_3751,13.0469267,77.8713423,intermediate_path_node,"{""id"": ""line_316"", ""type"": ""transmission_line"", ""voltage"": ""220kV""}"
node_3752,13.0440588,77.8712827,intermediate_path_node,"{""id"": ""line_316"", ""type"": ""transmission_line"", ""voltage"": ""220kV""}"
node_3753,13.0420107,77.8698455,intermediate_path_node,"{""id"": ""line_316"", ""type"": ""transmission_line"", ""voltage"": ""220kV""}"
node_3754,13.0387756,77.8677677,intermediate_path_node,"{""id"": ""line_316"", ""type"": ""transmission_line"", ""voltage"": ""220kV""}"
node_3755,13.0356417,77.865665,intermediate_path_node,"{""id"": ""line_316"", ""type"": ""transmission_line"", ""voltage"": ""220kV""}"
node_3756,13.0327401,77.8636941,intermediate_path_node,"{""id"": ""line_316"", ""type"": ""transmission_line"", ""voltage"": ""220kV""}"
node_3757,13.0300464,77.8612807,intermediate_path_node,"{""id"": ""line_316"", ""type"": ""transmission_line"", ""voltage"": ""220kV""}"
node_3758,13.0271754,77.8586288,intermediate_path_node,"{""id"": ""line_316"", ""type"": ""transmission_line"", ""voltage"": ""220kV""}"
node_3759,13.0242777,77.8559492,intermediate_path_node,"{""id"": ""line_316"", ""type"": ""transmission_line"", ""voltage"": ""220kV""}"
node_3760,13.0225742,77.8532989,intermediate_path_node,"{""id"": ""line_316"", ""type"": ""transmission_line"", ""voltage"": ""220kV""}"
node_3761,13.0209439,77.8507237,intermediate_path_node,"{""id"": ""line_316"", ""type"": ""transmission_line"", ""voltage"": ""220kV""}"
node_3762,13.0191671,77.847883,intermediate_path_node,"{""id"": ""line_316"", ""type"": ""transmission_line"", ""voltage"": ""220kV""}"
node_3763,13.0176588,77.8455082,intermediate_path_node,"{""id"": ""line_316"", ""type"": ""transmission_line"", ""voltage"": ""220kV""}"
node_3764,13.0149594,77.8426525,intermediate_path_node,"{""id"": ""line_316"", ""type"": ""transmission_line"", ""voltage"": ""220kV""}"
node_3765,13.0120794,77.8396815,intermediate_path_node,"{""id"": ""line_316"", ""type"": ""transmission_line"", ""voltage"": ""220kV""}"
node_3766,13.0094922,77.8369911,intermediate_path_node,"{""id"": ""line_316"", ""type"": ""transmission_line"", ""voltage"": ""220kV""}"
node_3767,13.0075006,77.8348819,intermediate_path_node,"{""id"": ""line_316"", ""type"": ""transmission_line"", ""voltage"": ""220kV""}"
node_3768,13.0053429,77.8326173,intermediate_path_node,"{""id"": ""line_316"", ""type"": ""transmission_line"", ""voltage"": ""220kV""}"
node_3769,13.0024921,77.8308237,intermediate_path_node,"{""id"": ""line_316"", ""type"": ""transmission_line"", ""voltage"": ""220kV""}"
node_3770,12.9996461,77.828975,intermediate_path_node,"{""id"": ""line_316"", ""type"": ""transmission_line"", ""voltage"": ""220kV""}"
node_3771,12.9968782,77.8271664,intermediate_path_node,"{""id"": ""line_316"", ""type"": ""transmission_line"", ""voltage"": ""220kV""}"
node_3772,12.9941688,77.8254028,intermediate_path_node,"{""id"": ""line_316"", ""type"": ""transmission_line"", ""voltage"": ""220kV""}"
node_3773,12.9912885,77.823509,intermediate_path_node,"{""id"": ""line_316"", ""type"": ""transmission_line"", ""voltage"": ""220kV""}"
node_3774,12.9882837,77.82164,intermediate_path_node,"{""id"": ""line_316"", ""type"": ""transmission_line"", ""voltage"": ""220kV""}"
node_3775,12.9869589,77.8209234,intermediate_path_node,"{""id"": ""line_316"", ""type"": ""transmission_line"", ""voltage"": ""220kV""}"
node_3776,12.9841977,77.8188063,intermediate_path_node,"{""id"": ""line_316"", ""type"": ""transmission_line"", ""voltage"": ""220kV""}"
node_3777,12.9812249,77.816509,intermediate_path_node,"{""id"": ""line_316"", ""type"": ""transmission_line"", ""voltage"": ""220kV""}"
node_3778,12.9785793,77.8144451,intermediate_path_node,"{""id"": ""line_316"", ""type"": ""transmission_line"", ""voltage"": ""220kV""}"
node_3779,12.975774,77.8141666,intermediate_path_node,"{""id"": ""line_316"", ""type"": ""transmission_line"", ""voltage"": ""220kV""}"
node_3780,12.9718913,77.8137121,intermediate_path_node,"{""id"": ""line_316"", ""type"": ""transmission_line"", ""voltage"": ""220kV""}"
node_3781,12.9685433,77.8133394,intermediate_path_node,"{""id"": ""line_316"", ""type"": ""transmission_line"", ""voltage"": ""220kV""}"
node_3782,12.9657898,77.8130405,intermediate_path_node,"{""id"": ""line_316"", ""type"": ""transmission_line"", ""voltage"": ""220kV""}"
node_3783,12.96316,77.8127334,intermediate_path_node,"{""id"": ""line_316"", ""type"": ""transmission_line"", ""voltage"": ""220kV""}"
node_3784,12.9602149,77.812373,intermediate_path_node,"{""id"": ""line_316"", ""type"": ""transmission_line"", ""voltage"": ""220kV""}"
node_3785,12.9570582,77.8120086,intermediate_path_node,"{""id"": ""line_316"", ""type"": ""transmission_line"", ""voltage"": ""220kV""}"
node_3786,12.9544044,77.8117014,intermediate_path_node,"{""id"": ""line_316"", ""type"": ""transmission_line"", ""voltage"": ""220kV""}"
node_3787,12.9518583,77.8102354,intermediate_path_node,"{""id"": ""line_316"", ""type"": ""transmission_line"", ""voltage"": ""220kV""}"
node_3788,12.9492004,77.8086752,intermediate_path_node,"{""id"": ""line_316"", ""type"": ""transmission_line"", ""voltage"": ""220kV""}"
node_3789,12.9464068,77.8070864,intermediate_path_node,"{""id"": ""line_316"", ""type"": ""transmission_line"", ""voltage"": ""220kV""}"
node_3790,12.9435543,77.8053542,intermediate_path_node,"{""id"": ""line_316"", ""type"": ""transmission_line"", ""voltage"": ""220kV""}"
node_3791,12.94089,77.8038868,intermediate_path_node,"{""id"": ""line_316"", ""type"": ""transmission_line"", ""voltage"": ""220kV""}"
node_3792,12.9382726,77.8023873,intermediate_path_node,"{""id"": ""line_316"", ""type"": ""transmission_line"", ""voltage"": ""220kV""}"
node_3793,12.9356429,77.8008145,intermediate_path_node,"{""id"": ""line_316"", ""type"": ""transmission_line"", ""voltage"": ""220kV""}"
node_3794,12.9341301,77.7981703,intermediate_path_node,"{""id"": ""line_316"", ""type"": ""transmission_line"", ""voltage"": ""220kV""}"
node_3795,12.9326906,77.7957186,intermediate_path_node,"{""id"": ""line_316"", ""type"": ""transmission_line"", ""voltage"": ""220kV""}"
node_3796,12.9309862,77.7927523,intermediate_path_node,"{""id"": ""line_316"", ""type"": ""transmission_line"", ""voltage"": ""220kV""}"
node_3797,12.9291634,77.7895517,intermediate_path_node,"{""id"": ""line_316"", ""type"": ""transmission_line"", ""voltage"": ""220kV""}"
node_3798,12.9273855,77.7864012,intermediate_path_node,"{""id"": ""line_316"", ""type"": ""transmission_line"", ""voltage"": ""220kV""}"
node_3799,12.9256117,77.7832968,intermediate_path_node,"{""id"": ""line_316"", ""type"": ""transmission_line"", ""voltage"": ""220kV""}"
node_3800,12.9239805,77.7810208,intermediate_path_node,"{""id"": ""line_316"", ""type"": ""transmission_line"", ""voltage"": ""220kV""}"
node_3801,12.9214353,77.7783197,intermediate_path_node,"{""id"": ""line_316"", ""type"": ""transmission_line"", ""voltage"": ""220kV""}"
node_3802,12.9204642,77.7773049,intermediate_path_node,"{""id"": ""line_316"", ""type"": ""transmission_line"", ""voltage"": ""220kV""}"
node_3803,12.9186335,77.7753916,intermediate_path_node,"{""id"": ""line_316"", ""type"": ""transmission_line"", ""voltage"": ""220kV""}"
node_3804,12.9159201,77.7725117,intermediate_path_node,"{""id"": ""line_316"", ""type"": ""transmission_line"", ""voltage"": ""220kV""}"
node_3805,12.9130609,77.7706202,intermediate_path_node,"{""id"": ""line_316"", ""type"": ""transmission_line"", ""voltage"": ""220kV""}"
node_3806,12.9100193,77.7685791,intermediate_path_node,"{""id"": ""line_316"", ""type"": ""transmission_line"", ""voltage"": ""220kV""}"
node_3807,12.9070403,77.7666021,intermediate_path_node,"{""id"": ""line_316"", ""type"": ""transmission_line"", ""voltage"": ""220kV""}"
node_3808,12.9053163,77.7638396,intermediate_path_node,"{""id"": ""line_316"", ""type"": ""transmission_line"", ""voltage"": ""220kV""}"
node_3809,12.9032643,77.7604787,intermediate_path_node,"{""id"": ""line_316"", ""type"": ""transmission_line"", ""voltage"": ""220kV""}"
node_3810,12.9014935,77.7576308,intermediate_path_node,"{""id"": ""line_316"", ""type"": ""transmission_line"", ""voltage"": ""220kV""}"
node_3811,12.8995143,77.7544676,intermediate_path_node,"{""id"": ""line_316"", ""type"": ""transmission_line"", ""voltage"": ""220kV""}"
node_3812,12.8974622,77.7511121,intermediate_path_node,"{""id"": ""line_316"", ""type"": ""transmission_line"", ""voltage"": ""220kV""}"
node_3813,12.8973894,77.7499702,intermediate_path_node,"{""id"": ""line_316"", ""type"": ""transmission_line"", ""voltage"": ""220kV""}"
node_3814,12.8972582,77.7479128,intermediate_path_node,"{""id"": ""line_316"", ""type"": ""transmission_line"", ""voltage"": ""220kV""}"
node_3815,12.8970232,77.7441965,intermediate_path_node,"{""id"": ""line_316"", ""type"": ""transmission_line"", ""voltage"": ""220kV""}"
node_3816,12.8968465,77.7408247,intermediate_path_node,"{""id"": ""line_316"", ""type"": ""transmission_line"", ""voltage"": ""220kV""}"
node_3817,12.8966232,77.7370734,intermediate_path_node,"{""id"": ""line_316"", ""type"": ""transmission_line"", ""voltage"": ""220kV""}"
node_3818,12.8964465,77.7346181,intermediate_path_node,"{""id"": ""line_316"", ""type"": ""transmission_line"", ""voltage"": ""220kV""}"
node_3819,12.8974388,77.7318548,intermediate_path_node,"{""id"": ""line_316"", ""type"": ""transmission_line"", ""voltage"": ""220kV""}"
node_3820,12.8987388,77.728448,intermediate_path_node,"{""id"": ""line_316"", ""type"": ""transmission_line"", ""voltage"": ""220kV""}"
node_3821,12.8975388,77.7256182,intermediate_path_node,"{""id"": ""line_316"", ""type"": ""transmission_line"", ""voltage"": ""220kV""}"
node_3822,12.8962763,77.7225576,intermediate_path_node,"{""id"": ""line_316"", ""type"": ""transmission_line"", ""voltage"": ""220kV""}"
node_3823,12.8942387,77.7214249,intermediate_path_node,"{""id"": ""line_316"", ""type"": ""transmission_line"", ""voltage"": ""220kV""}"
node_3824,12.893322,77.7180736,intermediate_path_node,"{""id"": ""line_316"", ""type"": ""transmission_line"", ""voltage"": ""220kV""}"
node_3825,12.8923822,77.7145214,intermediate_path_node,"{""id"": ""line_316"", ""type"": ""transmission_line"", ""voltage"": ""220kV""}"
node_3826,12.8914561,77.7111632,intermediate_path_node,"{""id"": ""line_316"", ""type"": ""transmission_line"", ""voltage"": ""220kV""}"
node_3827,12.8888436,77.7098536,intermediate_path_node,"{""id"": ""line_316"", ""type"": ""transmission_line"", ""voltage"": ""220kV""}"
node_3828,12.8862143,77.7085295,intermediate_path_node,"{""id"": ""line_316"", ""type"": ""transmission_line"", ""voltage"": ""220kV""}"
node_3829,12.8856592,77.7067232,intermediate_path_node,"{""id"": ""line_316"", ""type"": ""transmission_line"", ""voltage"": ""220kV""}"
node_3830,12.8847396,77.7035263,intermediate_path_node,"{""id"": ""line_316"", ""type"": ""transmission_line"", ""voltage"": ""220kV""}"
node_3831,12.8838983,77.7007103,intermediate_path_node,"{""id"": ""line_316"", ""type"": ""transmission_line"", ""voltage"": ""220kV""}"
node_3832,12.8829787,77.6976811,intermediate_path_node,"{""id"": ""line_316"", ""type"": ""transmission_line"", ""voltage"": ""220kV""}"
node_3833,12.8826509,77.6939264,intermediate_path_node,"{""id"": ""line_316"", ""type"": ""transmission_line"", ""voltage"": ""220kV""}"
node_3834,12.8823951,77.6902335,intermediate_path_node,"{""id"": ""line_316"", ""type"": ""transmission_line"", ""voltage"": ""220kV""}"
node_3835,12.8822362,77.6873477,intermediate_path_node,"{""id"": ""line_316"", ""type"": ""transmission_line"", ""voltage"": ""220kV""}"
node_3836,12.8819433,77.683494,intermediate_path_node,"{""id"": ""line_316"", ""type"": ""transmission_line"", ""voltage"": ""220kV""}"
node_3837,12.8815346,77.681181,intermediate_path_node,"{""id"": ""line_316"", ""type"": ""transmission_line"", ""voltage"": ""220kV""}"
node_3838,12.8810203,77.6781659,intermediate_path_node,"{""id"": ""line_316"", ""type"": ""transmission_line"", ""voltage"": ""220kV""}"
node_3839,12.8805503,77.6753149,intermediate_path_node,"{""id"": ""line_316"", ""type"": ""transmission_line"", ""voltage"": ""220kV""}"
node_3840,12.8789768,77.6729041,intermediate_path_node,"{""id"": ""line_316"", ""type"": ""transmission_line"", ""voltage"": ""220kV""}"
node_3841,12.8786185,77.672339,intermediate_path_node,"{""id"": ""line_316"", ""type"": ""transmission_line"", ""voltage"": ""220kV""}"
node_3842,12.8772602,77.6701964,intermediate_path_node,"{""id"": ""line_316"", ""type"": ""transmission_line"", ""voltage"": ""220kV""}"
node_3843,12.8756507,77.6676773,intermediate_path_node,"{""id"": ""line_316"", ""type"": ""transmission_line"", ""voltage"": ""220kV""}"
node_3844,12.8756287,77.6640018,intermediate_path_node,"{""id"": ""line_316"", ""type"": ""transmission_line"", ""voltage"": ""220kV""}"
node_3845,12.875611,77.6603648,intermediate_path_node,"{""id"": ""line_316"", ""type"": ""transmission_line"", ""voltage"": ""220kV""}"
node_3846,12.8756322,77.6571262,intermediate_path_node,"{""id"": ""line_316"", ""type"": ""transmission_line"", ""voltage"": ""220kV""}"
node_3847,12.8756219,77.656751,intermediate_path_node,"{""id"": ""line_316"", ""type"": ""transmission_line"", ""voltage"": ""220kV""}"
node_3848,12.8756213,77.6535343,intermediate_path_node,"{""id"": ""line_316"", ""type"": ""transmission_line"", ""voltage"": ""220kV""}"
node_3849,12.8738978,77.6510851,intermediate_path_node,"{""id"": ""line_316"", ""type"": ""transmission_line"", ""voltage"": ""220kV""}"
node_3850,12.8729271,77.6497295,intermediate_path_node,"{""id"": ""line_316"", ""type"": ""transmission_line"", ""voltage"": ""220kV""}"
node_3851,12.8720355,77.6486095,intermediate_path_node,"{""id"": ""line_316"", ""type"": ""transmission_line"", ""voltage"": ""220kV""}"
node_3852,12.8697822,77.6464498,intermediate_path_node,"{""id"": ""line_316"", ""type"": ""transmission_line"", ""voltage"": ""220kV""}"
node_3853,12.8671896,77.6438976,intermediate_path_node,"{""id"": ""line_316"", ""type"": ""transmission_line"", ""voltage"": ""220kV""}"
node_3854,12.8649624,77.6418897,intermediate_path_node,"{""id"": ""line_316"", ""type"": ""transmission_line"", ""voltage"": ""220kV""}"
node_3855,12.8625408,77.6396325,intermediate_path_node,"{""id"": ""line_316"", ""type"": ""transmission_line"", ""voltage"": ""220kV""}"
node_3856,12.8603292,77.6374961,intermediate_path_node,"{""id"": ""line_316"", ""type"": ""transmission_line"", ""voltage"": ""220kV""}"
node_3857,12.8576225,77.6349295,intermediate_path_node,"{""id"": ""line_316"", ""type"": ""transmission_line"", ""voltage"": ""220kV""}"
node_3858,12.8552402,77.6329327,intermediate_path_node,"{""id"": ""line_316"", ""type"": ""transmission_line"", ""voltage"": ""220kV""}"
node_3859,12.8528579,77.6310317,intermediate_path_node,"{""id"": ""line_316"", ""type"": ""transmission_line"", ""voltage"": ""220kV""}"
node_3860,12.8506223,77.6291626,intermediate_path_node,"{""id"": ""line_316"", ""type"": ""transmission_line"", ""voltage"": ""220kV""}"
node_3861,12.84888,77.6277904,intermediate_path_node,"{""id"": ""line_316"", ""type"": ""transmission_line"", ""voltage"": ""220kV""}"
node_3862,12.8477464,77.6240703,intermediate_path_node,"{""id"": ""line_316"", ""type"": ""transmission_line"", ""voltage"": ""220kV""}"
node_3863,12.8467027,77.6225542,intermediate_path_node,"{""id"": ""line_316"", ""type"": ""transmission_line"", ""voltage"": ""220kV""}"
node_3864,12.8462646,77.6216947,intermediate_path_node,"{""id"": ""line_316"", ""type"": ""transmission_line"", ""voltage"": ""220kV""}"
node_3865,12.9326217,77.5181574,intermediate_path_node,"{""id"": ""line_317"", ""type"": ""transmission_line"", ""voltage"": ""220kV""}"
node_3866,12.930673,77.5201695,intermediate_path_node,"{""id"": ""line_317"", ""type"": ""transmission_line"", ""voltage"": ""220kV""}"
node_3867,12.9294707,77.5216078,intermediate_path_node,"{""id"": ""line_317"", ""type"": ""transmission_line"", ""voltage"": ""220kV""}"
node_3868,12.9281243,77.5233721,intermediate_path_node,"{""id"": ""line_317"", ""type"": ""transmission_line"", ""voltage"": ""220kV""}"
node_3869,12.9273803,77.5243521,intermediate_path_node,"{""id"": ""line_317"", ""type"": ""transmission_line"", ""voltage"": ""220kV""}"
node_3870,12.9259381,77.5249838,intermediate_path_node,"{""id"": ""line_317"", ""type"": ""transmission_line"", ""voltage"": ""220kV""}"
node_3871,12.9243312,77.5249543,intermediate_path_node,"{""id"": ""line_317"", ""type"": ""transmission_line"", ""voltage"": ""220kV""}"
node_3872,12.9218211,77.524788,intermediate_path_node,"{""id"": ""line_317"", ""type"": ""transmission_line"", ""voltage"": ""220kV""}"
node_3873,12.9195649,77.5246492,intermediate_path_node,"{""id"": ""line_317"", ""type"": ""transmission_line"", ""voltage"": ""220kV""}"
node_3874,12.9175898,77.5245192,intermediate_path_node,"{""id"": ""line_317"", ""type"": ""transmission_line"", ""voltage"": ""220kV""}"
node_3875,12.9156068,77.5243872,intermediate_path_node,"{""id"": ""line_317"", ""type"": ""transmission_line"", ""voltage"": ""220kV""}"
node_3876,12.9135334,77.5242516,intermediate_path_node,"{""id"": ""line_317"", ""type"": ""transmission_line"", ""voltage"": ""220kV""}"
node_3877,12.9114934,77.5241181,intermediate_path_node,"{""id"": ""line_317"", ""type"": ""transmission_line"", ""voltage"": ""220kV""}"
node_3878,12.9090953,77.5239603,intermediate_path_node,"{""id"": ""line_317"", ""type"": ""transmission_line"", ""voltage"": ""220kV""}"
node_3879,12.9065822,77.5238007,intermediate_path_node,"{""id"": ""line_317"", ""type"": ""transmission_line"", ""voltage"": ""220kV""}"
node_3880,12.9040993,77.5236309,intermediate_path_node,"{""id"": ""line_317"", ""type"": ""transmission_line"", ""voltage"": ""220kV""}"
node_3881,12.9011447,77.5234379,intermediate_path_node,"{""id"": ""line_317"", ""type"": ""transmission_line"", ""voltage"": ""220kV""}"
node_3882,12.8987244,77.5232758,intermediate_path_node,"{""id"": ""line_317"", ""type"": ""transmission_line"", ""voltage"": ""220kV""}"
node_3883,12.8954889,77.5230623,intermediate_path_node,"{""id"": ""line_317"", ""type"": ""transmission_line"", ""voltage"": ""220kV""}"
node_3884,12.8924038,77.5228461,intermediate_path_node,"{""id"": ""line_317"", ""type"": ""transmission_line"", ""voltage"": ""220kV""}"
node_3885,12.890791,77.5227406,intermediate_path_node,"{""id"": ""line_317"", ""type"": ""transmission_line"", ""voltage"": ""220kV""}"
node_3886,12.8890654,77.5226274,intermediate_path_node,"{""id"": ""line_317"", ""type"": ""transmission_line"", ""voltage"": ""220kV""}"
node_3887,12.8867929,77.5226094,intermediate_path_node,"{""id"": ""line_317"", ""type"": ""transmission_line"", ""voltage"": ""220kV""}"
node_3888,12.8832211,77.522594,intermediate_path_node,"{""id"": ""line_317"", ""type"": ""transmission_line"", ""voltage"": ""220kV""}"
node_3889,12.8800958,77.5225888,intermediate_path_node,"{""id"": ""line_317"", ""type"": ""transmission_line"", ""voltage"": ""220kV""}"
node_3890,12.8779511,77.5225734,intermediate_path_node,"{""id"": ""line_317"", ""type"": ""transmission_line"", ""voltage"": ""220kV""}"
node_3891,12.8754403,77.5225528,intermediate_path_node,"{""id"": ""line_317"", ""type"": ""transmission_line"", ""voltage"": ""220kV""}"
node_3892,12.8738314,77.5225416,intermediate_path_node,"{""id"": ""line_317"", ""type"": ""transmission_line"", ""voltage"": ""220kV""}"
node_3893,12.8715185,77.5225652,intermediate_path_node,"{""id"": ""line_317"", ""type"": ""transmission_line"", ""voltage"": ""220kV""}"
node_3894,12.8688384,77.5225852,intermediate_path_node,"{""id"": ""line_317"", ""type"": ""transmission_line"", ""voltage"": ""220kV""}"
node_3895,12.8666443,77.5226198,intermediate_path_node,"{""id"": ""line_317"", ""type"": ""transmission_line"", ""voltage"": ""220kV""}"
node_3896,12.8640085,77.5219393,intermediate_path_node,"{""id"": ""line_317"", ""type"": ""transmission_line"", ""voltage"": ""220kV""}"
node_3897,12.8616441,77.5213626,intermediate_path_node,"{""id"": ""line_317"", ""type"": ""transmission_line"", ""voltage"": ""220kV""}"
node_3898,12.8591732,77.5207421,intermediate_path_node,"{""id"": ""line_317"", ""type"": ""transmission_line"", ""voltage"": ""220kV""}"
node_3899,12.8576619,77.5203637,intermediate_path_node,"{""id"": ""line_317"", ""type"": ""transmission_line"", ""voltage"": ""220kV""}"
node_3900,12.8550579,77.5191647,intermediate_path_node,"{""id"": ""line_317"", ""type"": ""transmission_line"", ""voltage"": ""220kV""}"
node_3901,12.8534562,77.5186552,intermediate_path_node,"{""id"": ""line_317"", ""type"": ""transmission_line"", ""voltage"": ""220kV""}"
node_3902,12.8515369,77.5180112,intermediate_path_node,"{""id"": ""line_317"", ""type"": ""transmission_line"", ""voltage"": ""220kV""}"
node_3903,12.8486106,77.5170892,intermediate_path_node,"{""id"": ""line_317"", ""type"": ""transmission_line"", ""voltage"": ""220kV""}"
node_3904,12.8460082,77.5162388,intermediate_path_node,"{""id"": ""line_317"", ""type"": ""transmission_line"", ""voltage"": ""220kV""}"
node_3905,12.8729245,77.5642716,intermediate_path_node,"{""id"": ""line_318"", ""type"": ""transmission_line"", ""voltage"": ""220kV""}"
node_3906,12.8731899,77.5652855,intermediate_path_node,"{""id"": ""line_318"", ""type"": ""transmission_line"", ""voltage"": ""220kV""}"
node_3907,12.95394,77.5195666,intermediate_path_node,"{""id"": ""line_319"", ""type"": ""transmission_line"", ""voltage"": ""220kV""}"
node_3908,12.9513026,77.5192501,intermediate_path_node,"{""id"": ""line_319"", ""type"": ""transmission_line"", ""voltage"": ""220kV""}"
node_3909,12.9488898,77.518959,intermediate_path_node,"{""id"": ""line_319"", ""type"": ""transmission_line"", ""voltage"": ""220kV""}"
node_3910,12.9456877,77.5185728,intermediate_path_node,"{""id"": ""line_319"", ""type"": ""transmission_line"", ""voltage"": ""220kV""}"
node_3911,12.9438631,77.5183408,intermediate_path_node,"{""id"": ""line_319"", ""type"": ""transmission_line"", ""voltage"": ""220kV""}"
node_3912,12.9409727,77.5179963,intermediate_path_node,"{""id"": ""line_319"", ""type"": ""transmission_line"", ""voltage"": ""220kV""}"
node_3913,12.9406218,77.5179515,intermediate_path_node,"{""id"": ""line_319"", ""type"": ""transmission_line"", ""voltage"": ""220kV""}"
node_3914,12.9388835,77.5183774,intermediate_path_node,"{""id"": ""line_319"", ""type"": ""transmission_line"", ""voltage"": ""220kV""}"
node_3915,12.9376955,77.5186073,intermediate_path_node,"{""id"": ""line_319"", ""type"": ""transmission_line"", ""voltage"": ""220kV""}"
node_3916,12.9359932,77.5188194,intermediate_path_node,"{""id"": ""line_319"", ""type"": ""transmission_line"", ""voltage"": ""220kV""}"
node_3917,12.9352824,77.5186179,intermediate_path_node,"{""id"": ""line_319"", ""type"": ""transmission_line"", ""voltage"": ""220kV""}"
node_3918,12.9583527,77.5225239,intermediate_path_node,"{""id"": ""line_320"", ""type"": ""transmission_line"", ""voltage"": ""220kV""}"
node_3919,12.9560292,77.5221435,intermediate_path_node,"{""id"": ""line_320"", ""type"": ""transmission_line"", ""voltage"": ""220kV""}"
node_3920,12.9542053,77.5218504,intermediate_path_node,"{""id"": ""line_320"", ""type"": ""transmission_line"", ""voltage"": ""220kV""}"
node_3921,12.9514995,77.521412,intermediate_path_node,"{""id"": ""line_320"", ""type"": ""transmission_line"", ""voltage"": ""220kV""}"
node_3922,12.9487481,77.5209714,intermediate_path_node,"{""id"": ""line_320"", ""type"": ""transmission_line"", ""voltage"": ""220kV""}"
node_3923,12.9460924,77.5206713,intermediate_path_node,"{""id"": ""line_320"", ""type"": ""transmission_line"", ""voltage"": ""220kV""}"
node_3924,12.9443916,77.5204833,intermediate_path_node,"{""id"": ""line_320"", ""type"": ""transmission_line"", ""voltage"": ""220kV""}"
node_3925,12.9418557,77.5206658,intermediate_path_node,"{""id"": ""line_320"", ""type"": ""transmission_line"", ""voltage"": ""220kV""}"
node_3926,12.9412301,77.5208958,intermediate_path_node,"{""id"": ""line_320"", ""type"": ""transmission_line"", ""voltage"": ""220kV""}"
node_3927,12.9407022,77.52109,intermediate_path_node,"{""id"": ""line_320"", ""type"": ""transmission_line"", ""voltage"": ""220kV""}"
node_3928,12.9384137,77.5228679,intermediate_path_node,"{""id"": ""line_320"", ""type"": ""transmission_line"", ""voltage"": ""220kV""}"
node_3929,12.9374891,77.5235935,intermediate_path_node,"{""id"": ""line_320"", ""type"": ""transmission_line"", ""voltage"": ""220kV""}"
node_3930,12.9350596,77.525533,intermediate_path_node,"{""id"": ""line_320"", ""type"": ""transmission_line"", ""voltage"": ""220kV""}"
node_3931,12.9326396,77.5274623,intermediate_path_node,"{""id"": ""line_320"", ""type"": ""transmission_line"", ""voltage"": ""220kV""}"
node_3932,12.9302864,77.5293327,intermediate_path_node,"{""id"": ""line_320"", ""type"": ""transmission_line"", ""voltage"": ""220kV""}"
node_3933,12.9285557,77.5307045,intermediate_path_node,"{""id"": ""line_320"", ""type"": ""transmission_line"", ""voltage"": ""220kV""}"
node_3934,12.9273215,77.5316543,intermediate_path_node,"{""id"": ""line_320"", ""type"": ""transmission_line"", ""voltage"": ""220kV""}"
node_3935,12.9260518,77.5324275,intermediate_path_node,"{""id"": ""line_320"", ""type"": ""transmission_line"", ""voltage"": ""220kV""}"
node_3936,12.9237163,77.5325112,intermediate_path_node,"{""id"": ""line_320"", ""type"": ""transmission_line"", ""voltage"": ""220kV""}"
node_3937,12.921301,77.5330534,intermediate_path_node,"{""id"": ""line_320"", ""type"": ""transmission_line"", ""voltage"": ""220kV""}"
node_3938,12.9189213,77.5335338,intermediate_path_node,"{""id"": ""line_320"", ""type"": ""transmission_line"", ""voltage"": ""220kV""}"
node_3939,12.9159349,77.5338449,intermediate_path_node,"{""id"": ""line_320"", ""type"": ""transmission_line"", ""voltage"": ""220kV""}"
node_3940,12.9153087,77.5339189,intermediate_path_node,"{""id"": ""line_320"", ""type"": ""transmission_line"", ""voltage"": ""220kV""}"
node_3941,12.9144051,77.5340257,intermediate_path_node,"{""id"": ""line_320"", ""type"": ""transmission_line"", ""voltage"": ""220kV""}"
node_3942,12.911771,77.5351349,intermediate_path_node,"{""id"": ""line_320"", ""type"": ""transmission_line"", ""voltage"": ""220kV""}"
node_3943,12.909767,77.53597,intermediate_path_node,"{""id"": ""line_320"", ""type"": ""transmission_line"", ""voltage"": ""220kV""}"
node_3944,12.9068997,77.5371262,intermediate_path_node,"{""id"": ""line_320"", ""type"": ""transmission_line"", ""voltage"": ""220kV""}"
node_3945,12.904495,77.5380902,intermediate_path_node,"{""id"": ""line_320"", ""type"": ""transmission_line"", ""voltage"": ""220kV""}"
node_3946,12.9017626,77.5391863,intermediate_path_node,"{""id"": ""line_320"", ""type"": ""transmission_line"", ""voltage"": ""220kV""}"
node_3947,12.8991026,77.5402438,intermediate_path_node,"{""id"": ""line_320"", ""type"": ""transmission_line"", ""voltage"": ""220kV""}"
node_3948,12.8964739,77.5412966,intermediate_path_node,"{""id"": ""line_320"", ""type"": ""transmission_line"", ""voltage"": ""220kV""}"
node_3949,12.8944237,77.5419935,intermediate_path_node,"{""id"": ""line_320"", ""type"": ""transmission_line"", ""voltage"": ""220kV""}"
node_3950,12.8913821,77.5430324,intermediate_path_node,"{""id"": ""line_320"", ""type"": ""transmission_line"", ""voltage"": ""220kV""}"
node_3951,12.8898535,77.5435521,intermediate_path_node,"{""id"": ""line_320"", ""type"": ""transmission_line"", ""voltage"": ""220kV""}"
node_3952,12.8888405,77.5438966,intermediate_path_node,"{""id"": ""line_320"", ""type"": ""transmission_line"", ""voltage"": ""220kV""}"
node_3953,12.8868027,77.5446025,intermediate_path_node,"{""id"": ""line_320"", ""type"": ""transmission_line"", ""voltage"": ""220kV""}"
node_3954,12.8453678,77.6251668,intermediate_path_node,"{""id"": ""line_321"", ""type"": ""transmission_line"", ""voltage"": ""220kV""}"
node_3955,12.8467865,77.623305,intermediate_path_node,"{""id"": ""line_321"", ""type"": ""transmission_line"", ""voltage"": ""220kV""}"
node_3956,12.8477822,77.6219983,intermediate_path_node,"{""id"": ""line_321"", ""type"": ""transmission_line"", ""voltage"": ""220kV""}"
node_3957,12.848901,77.620587,intermediate_path_node,"{""id"": ""line_321"", ""type"": ""transmission_line"", ""voltage"": ""220kV""}"
node_3958,12.8495415,77.618275,intermediate_path_node,"{""id"": ""line_321"", ""type"": ""transmission_line"", ""voltage"": ""220kV""}"
node_3959,12.8496277,77.6177849,intermediate_path_node,"{""id"": ""line_321"", ""type"": ""transmission_line"", ""voltage"": ""220kV""}"
node_3960,12.8496682,77.6175548,intermediate_path_node,"{""id"": ""line_321"", ""type"": ""transmission_line"", ""voltage"": ""220kV""}"
node_3961,12.8499838,77.6155776,intermediate_path_node,"{""id"": ""line_321"", ""type"": ""transmission_line"", ""voltage"": ""220kV""}"
node_3962,12.8502073,77.6143638,intermediate_path_node,"{""id"": ""line_321"", ""type"": ""transmission_line"", ""voltage"": ""220kV""}"
node_3963,12.850419,77.6131341,intermediate_path_node,"{""id"": ""line_321"", ""type"": ""transmission_line"", ""voltage"": ""220kV""}"
node_3964,12.8507517,77.6112279,intermediate_path_node,"{""id"": ""line_321"", ""type"": ""transmission_line"", ""voltage"": ""220kV""}"
node_3965,12.8510078,77.609766,intermediate_path_node,"{""id"": ""line_321"", ""type"": ""transmission_line"", ""voltage"": ""220kV""}"
node_3966,12.8511027,77.6092173,intermediate_path_node,"{""id"": ""line_321"", ""type"": ""transmission_line"", ""voltage"": ""220kV""}"
node_3967,12.8512095,77.6086014,intermediate_path_node,"{""id"": ""line_321"", ""type"": ""transmission_line"", ""voltage"": ""220kV""}"
node_3968,12.8514337,77.6074237,intermediate_path_node,"{""id"": ""line_321"", ""type"": ""transmission_line"", ""voltage"": ""220kV""}"
node_3969,12.8526311,77.6054994,intermediate_path_node,"{""id"": ""line_321"", ""type"": ""transmission_line"", ""voltage"": ""220kV""}"
node_3970,12.8541326,77.60311,intermediate_path_node,"{""id"": ""line_321"", ""type"": ""transmission_line"", ""voltage"": ""220kV""}"
node_3971,12.8556083,77.600798,intermediate_path_node,"{""id"": ""line_321"", ""type"": ""transmission_line"", ""voltage"": ""220kV""}"
node_3972,12.8571212,77.5983743,intermediate_path_node,"{""id"": ""line_321"", ""type"": ""transmission_line"", ""voltage"": ""220kV""}"
node_3973,12.8577187,77.5974266,intermediate_path_node,"{""id"": ""line_321"", ""type"": ""transmission_line"", ""voltage"": ""220kV""}"
node_3974,12.8583372,77.5964455,intermediate_path_node,"{""id"": ""line_321"", ""type"": ""transmission_line"", ""voltage"": ""220kV""}"
node_3975,12.8593552,77.5942413,intermediate_path_node,"{""id"": ""line_321"", ""type"": ""transmission_line"", ""voltage"": ""220kV""}"
node_3976,12.8604509,77.5917505,intermediate_path_node,"{""id"": ""line_321"", ""type"": ""transmission_line"", ""voltage"": ""220kV""}"
node_3977,12.8614992,77.5895102,intermediate_path_node,"{""id"": ""line_321"", ""type"": ""transmission_line"", ""voltage"": ""220kV""}"
node_3978,12.8619418,77.5885184,intermediate_path_node,"{""id"": ""line_321"", ""type"": ""transmission_line"", ""voltage"": ""220kV""}"
node_3979,12.8627152,77.5867851,intermediate_path_node,"{""id"": ""line_321"", ""type"": ""transmission_line"", ""voltage"": ""220kV""}"
node_3980,12.8634012,77.5852342,intermediate_path_node,"{""id"": ""line_321"", ""type"": ""transmission_line"", ""voltage"": ""220kV""}"
node_3981,12.986745,77.533302,intermediate_path_node,"{""id"": ""line_322"", ""type"": ""transmission_line"", ""voltage"": ""220kV""}"
node_3982,12.9836789,77.5327465,intermediate_path_node,"{""id"": ""line_322"", ""type"": ""transmission_line"", ""voltage"": ""220kV""}"
node_3983,12.981443,77.5323287,intermediate_path_node,"{""id"": ""line_322"", ""type"": ""transmission_line"", ""voltage"": ""220kV""}"
node_3984,12.9788172,77.5310269,intermediate_path_node,"{""id"": ""line_322"", ""type"": ""transmission_line"", ""voltage"": ""220kV""}"
node_3985,12.9760596,77.5296376,intermediate_path_node,"{""id"": ""line_322"", ""type"": ""transmission_line"", ""voltage"": ""220kV""}"
node_3986,12.9654026,77.5243349,intermediate_path_node,"{""id"": ""line_322"", ""type"": ""transmission_line"", ""voltage"": ""220kV""}"
node_3987,12.9634344,77.5233559,intermediate_path_node,"{""id"": ""line_322"", ""type"": ""transmission_line"", ""voltage"": ""220kV""}"
node_3988,12.9609989,77.5229571,intermediate_path_node,"{""id"": ""line_322"", ""type"": ""transmission_line"", ""voltage"": ""220kV""}"
node_3989,12.9587599,77.5225906,intermediate_path_node,"{""id"": ""line_322"", ""type"": ""transmission_line"", ""voltage"": ""220kV""}"
node_3990,12.9519332,77.5279384,intermediate_path_node,"{""id"": ""line_323"", ""type"": ""transmission_line"", ""voltage"": ""220kV""}"
node_3991,12.9532134,77.5277922,intermediate_path_node,"{""id"": ""line_323"", ""type"": ""transmission_line"", ""voltage"": ""220kV""}"
node_3992,12.9545517,77.5276595,intermediate_path_node,"{""id"": ""line_323"", ""type"": ""transmission_line"", ""voltage"": ""220kV""}"
node_3993,12.9567084,77.5283993,intermediate_path_node,"{""id"": ""line_323"", ""type"": ""transmission_line"", ""voltage"": ""220kV""}"
node_3994,12.9585706,77.5290381,intermediate_path_node,"{""id"": ""line_323"", ""type"": ""transmission_line"", ""voltage"": ""220kV""}"
node_3995,12.9592149,77.5292527,intermediate_path_node,"{""id"": ""line_323"", ""type"": ""transmission_line"", ""voltage"": ""220kV""}"
node_3996,12.9617217,77.530111,intermediate_path_node,"{""id"": ""line_323"", ""type"": ""transmission_line"", ""voltage"": ""220kV""}"
node_3997,12.9634938,77.5307172,intermediate_path_node,"{""id"": ""line_323"", ""type"": ""transmission_line"", ""voltage"": ""220kV""}"
node_3998,12.9635213,77.5308365,intermediate_path_node,"{""id"": ""line_324"", ""type"": ""transmission_line"", ""voltage"": ""220kV""}"
node_3999,12.9619151,77.5302666,intermediate_path_node,"{""id"": ""line_324"", ""type"": ""transmission_line"", ""voltage"": ""220kV""}"
node_4000,12.9591757,77.5293466,intermediate_path_node,"{""id"": ""line_324"", ""type"": ""transmission_line"", ""voltage"": ""220kV""}"
node_4001,12.9568302,77.5285391,intermediate_path_node,"{""id"": ""line_324"", ""type"": ""transmission_line"", ""voltage"": ""220kV""}"
node_4002,12.954536,77.5277493,intermediate_path_node,"{""id"": ""line_324"", ""type"": ""transmission_line"", ""voltage"": ""220kV""}"
node_4003,12.9532108,77.5278915,intermediate_path_node,"{""id"": ""line_324"", ""type"": ""transmission_line"", ""voltage"": ""220kV""}"
node_4004,12.9519312,77.5280287,intermediate_path_node,"{""id"": ""line_324"", ""type"": ""transmission_line"", ""voltage"": ""220kV""}"
node_4005,12.9308472,77.6970103,intermediate_path_node,"{""id"": ""line_325"", ""type"": ""transmission_line"", ""voltage"": ""220kV""}"
node_4006,12.9299466,77.7050583,intermediate_path_node,"{""id"": ""line_325"", ""type"": ""transmission_line"", ""voltage"": ""220kV""}"
node_4007,12.9296355,77.7052742,intermediate_path_node,"{""id"": ""line_325"", ""type"": ""transmission_line"", ""voltage"": ""220kV""}"
node_4008,12.9284774,77.7059421,intermediate_path_node,"{""id"": ""line_325"", ""type"": ""transmission_line"", ""voltage"": ""220kV""}"
node_4009,12.9279206,77.7063498,intermediate_path_node,"{""id"": ""line_325"", ""type"": ""transmission_line"", ""voltage"": ""220kV""}"
node_4010,12.927186,77.7064893,intermediate_path_node,"{""id"": ""line_325"", ""type"": ""transmission_line"", ""voltage"": ""220kV""}"
node_4011,12.9269036,77.7076694,intermediate_path_node,"{""id"": ""line_325"", ""type"": ""transmission_line"", ""voltage"": ""220kV""}"
node_4012,12.9263886,77.7080181,intermediate_path_node,"{""id"": ""line_325"", ""type"": ""transmission_line"", ""voltage"": ""220kV""}"
node_4013,12.925803,77.7087933,intermediate_path_node,"{""id"": ""line_325"", ""type"": ""transmission_line"", ""voltage"": ""220kV""}"
node_4014,12.9241848,77.7108639,intermediate_path_node,"{""id"": ""line_325"", ""type"": ""transmission_line"", ""voltage"": ""220kV""}"
node_4015,12.9235156,77.7113897,intermediate_path_node,"{""id"": ""line_325"", ""type"": ""transmission_line"", ""voltage"": ""220kV""}"
node_4016,12.9221718,77.7124733,intermediate_path_node,"{""id"": ""line_325"", ""type"": ""transmission_line"", ""voltage"": ""220kV""}"
node_4017,12.921581,77.7129722,intermediate_path_node,"{""id"": ""line_325"", ""type"": ""transmission_line"", ""voltage"": ""220kV""}"
node_4018,12.9213039,77.7138251,intermediate_path_node,"{""id"": ""line_325"", ""type"": ""transmission_line"", ""voltage"": ""220kV""}"
node_4019,12.9208725,77.7144769,intermediate_path_node,"{""id"": ""line_325"", ""type"": ""transmission_line"", ""voltage"": ""220kV""}"
node_4020,12.9197405,77.7147612,intermediate_path_node,"{""id"": ""line_325"", ""type"": ""transmission_line"", ""voltage"": ""220kV""}"
node_4021,12.9194138,77.7162069,intermediate_path_node,"{""id"": ""line_325"", ""type"": ""transmission_line"", ""voltage"": ""220kV""}"
node_4022,12.9191573,77.7178391,intermediate_path_node,"{""id"": ""line_325"", ""type"": ""transmission_line"", ""voltage"": ""220kV""}"
node_4023,12.9179425,77.7180091,intermediate_path_node,"{""id"": ""line_325"", ""type"": ""transmission_line"", ""voltage"": ""220kV""}"
node_4024,12.9164737,77.7182147,intermediate_path_node,"{""id"": ""line_325"", ""type"": ""transmission_line"", ""voltage"": ""220kV""}"
node_4025,12.9150923,77.7181488,intermediate_path_node,"{""id"": ""line_325"", ""type"": ""transmission_line"", ""voltage"": ""220kV""}"
node_4026,12.9134531,77.718071,intermediate_path_node,"{""id"": ""line_325"", ""type"": ""transmission_line"", ""voltage"": ""220kV""}"
node_4027,12.9116361,77.7179396,intermediate_path_node,"{""id"": ""line_325"", ""type"": ""transmission_line"", ""voltage"": ""220kV""}"
node_4028,12.9105511,77.7185056,intermediate_path_node,"{""id"": ""line_325"", ""type"": ""transmission_line"", ""voltage"": ""220kV""}"
node_4029,12.9094138,77.7191251,intermediate_path_node,"{""id"": ""line_325"", ""type"": ""transmission_line"", ""voltage"": ""220kV""}"
node_4030,12.907751,77.7191305,intermediate_path_node,"{""id"": ""line_325"", ""type"": ""transmission_line"", ""voltage"": ""220kV""}"
node_4031,12.9545263,77.7210711,intermediate_path_node,"{""id"": ""line_326"", ""type"": ""transmission_line"", ""voltage"": ""220kV""}"
node_4032,12.9544894,77.7210047,intermediate_path_node,"{""id"": ""line_326"", ""type"": ""transmission_line"", ""voltage"": ""220kV""}"
node_4033,12.973298,77.7194202,intermediate_path_node,"{""id"": ""line_327"", ""type"": ""transmission_line"", ""voltage"": ""220kV""}"
node_4034,12.9736574,77.7194269,intermediate_path_node,"{""id"": ""line_327"", ""type"": ""transmission_line"", ""voltage"": ""220kV""}"
node_4035,12.9743396,77.718987,intermediate_path_node,"{""id"": ""line_327"", ""type"": ""transmission_line"", ""voltage"": ""220kV""}"
node_4036,12.9744124,77.7181921,intermediate_path_node,"{""id"": ""line_327"", ""type"": ""transmission_line"", ""voltage"": ""220kV""}"
node_4037,12.9758673,77.7180322,intermediate_path_node,"{""id"": ""line_327"", ""type"": ""transmission_line"", ""voltage"": ""220kV""}"
node_4038,12.9758569,77.71824,intermediate_path_node,"{""id"": ""line_327"", ""type"": ""transmission_line"", ""voltage"": ""220kV""}"
node_4039,12.9763143,77.7182923,intermediate_path_node,"{""id"": ""line_327"", ""type"": ""transmission_line"", ""voltage"": ""220kV""}"
node_4040,12.9765482,77.7180697,intermediate_path_node,"{""id"": ""line_327"", ""type"": ""transmission_line"", ""voltage"": ""220kV""}"
node_4041,12.9733875,77.7162834,intermediate_path_node,"{""id"": ""line_328"", ""type"": ""transmission_line"", ""voltage"": ""220kV""}"
node_4042,12.9733705,77.7164926,intermediate_path_node,"{""id"": ""line_328"", ""type"": ""transmission_line"", ""voltage"": ""220kV""}"
node_4043,12.9733294,77.7174488,intermediate_path_node,"{""id"": ""line_329"", ""type"": ""transmission_line"", ""voltage"": ""220kV""}"
node_4044,12.9733228,77.7176633,intermediate_path_node,"{""id"": ""line_329"", ""type"": ""transmission_line"", ""voltage"": ""220kV""}"
node_4045,12.9733135,77.7178794,intermediate_path_node,"{""id"": ""line_329"", ""type"": ""transmission_line"", ""voltage"": ""220kV""}"
node_4046,12.9735698,77.7179047,intermediate_path_node,"{""id"": ""line_329"", ""type"": ""transmission_line"", ""voltage"": ""220kV""}"
node_4047,12.9675373,77.7168379,intermediate_path_node,"{""id"": ""line_330"", ""type"": ""transmission_line"", ""voltage"": ""220kV""}"
node_4048,12.9675379,77.7168607,intermediate_path_node,"{""id"": ""line_330"", ""type"": ""transmission_line"", ""voltage"": ""220kV""}"
node_4049,12.9675529,77.7169941,intermediate_path_node,"{""id"": ""line_330"", ""type"": ""transmission_line"", ""voltage"": ""220kV""}"
node_4050,12.9675778,77.7173167,intermediate_path_node,"{""id"": ""line_330"", ""type"": ""transmission_line"", ""voltage"": ""220kV""}"
node_4051,12.9678182,77.718523,intermediate_path_node,"{""id"": ""line_331"", ""type"": ""transmission_line"", ""voltage"": ""220kV""}"
node_4052,12.9678189,77.7186403,intermediate_path_node,"{""id"": ""line_331"", ""type"": ""transmission_line"", ""voltage"": ""220kV""}"
node_4053,12.9678496,77.7187664,intermediate_path_node,"{""id"": ""line_331"", ""type"": ""transmission_line"", ""voltage"": ""220kV""}"
node_4054,12.9676908,77.7187416,intermediate_path_node,"{""id"": ""line_331"", ""type"": ""transmission_line"", ""voltage"": ""220kV""}"
node_4055,12.9920836,77.5493152,intermediate_path_node,"{""id"": ""line_332"", ""type"": ""transmission_line"", ""voltage"": ""220kV""}"
node_4056,12.994079,77.5462568,intermediate_path_node,"{""id"": ""line_332"", ""type"": ""transmission_line"", ""voltage"": ""220kV""}"
node_4057,12.9960209,77.5433882,intermediate_path_node,"{""id"": ""line_332"", ""type"": ""transmission_line"", ""voltage"": ""220kV""}"
node_4058,12.9973054,77.5412786,intermediate_path_node,"{""id"": ""line_332"", ""type"": ""transmission_line"", ""voltage"": ""220kV""}"
node_4059,12.9987533,77.538819,intermediate_path_node,"{""id"": ""line_332"", ""type"": ""transmission_line"", ""voltage"": ""220kV""}"
node_4060,12.999749,77.5371292,intermediate_path_node,"{""id"": ""line_332"", ""type"": ""transmission_line"", ""voltage"": ""220kV""}"
node_4061,13.0005919,77.5357492,intermediate_path_node,"{""id"": ""line_332"", ""type"": ""transmission_line"", ""voltage"": ""220kV""}"
node_4062,13.0014151,77.5343612,intermediate_path_node,"{""id"": ""line_332"", ""type"": ""transmission_line"", ""voltage"": ""220kV""}"
node_4063,13.0031962,77.5314067,intermediate_path_node,"{""id"": ""line_332"", ""type"": ""transmission_line"", ""voltage"": ""220kV""}"
node_4064,13.0053548,77.5277992,intermediate_path_node,"{""id"": ""line_332"", ""type"": ""transmission_line"", ""voltage"": ""220kV""}"
node_4065,13.0063754,77.5261469,intermediate_path_node,"{""id"": ""line_332"", ""type"": ""transmission_line"", ""voltage"": ""220kV""}"
node_4066,13.0077474,77.5237725,intermediate_path_node,"{""id"": ""line_332"", ""type"": ""transmission_line"", ""voltage"": ""220kV""}"
node_4067,13.0094265,77.5209629,intermediate_path_node,"{""id"": ""line_332"", ""type"": ""transmission_line"", ""voltage"": ""220kV""}"
node_4068,13.0097479,77.5203835,intermediate_path_node,"{""id"": ""line_332"", ""type"": ""transmission_line"", ""voltage"": ""220kV""}"
node_4069,12.9865088,77.6781303,intermediate_path_node,"{""id"": ""line_333"", ""type"": ""transmission_line"", ""voltage"": ""220kV""}"
node_4070,12.9871544,77.6787659,intermediate_path_node,"{""id"": ""line_333"", ""type"": ""transmission_line"", ""voltage"": ""220kV""}"
node_4071,12.9902384,77.6807615,intermediate_path_node,"{""id"": ""line_333"", ""type"": ""transmission_line"", ""voltage"": ""220kV""}"
node_4072,12.9922796,77.6820275,intermediate_path_node,"{""id"": ""line_333"", ""type"": ""transmission_line"", ""voltage"": ""220kV""}"
node_4073,12.9943966,77.6833686,intermediate_path_node,"{""id"": ""line_333"", ""type"": ""transmission_line"", ""voltage"": ""220kV""}"
node_4074,12.9952407,77.6838326,intermediate_path_node,"{""id"": ""line_333"", ""type"": ""transmission_line"", ""voltage"": ""220kV""}"
node_4075,12.9963254,77.6845649,intermediate_path_node,"{""id"": ""line_333"", ""type"": ""transmission_line"", ""voltage"": ""220kV""}"
node_4076,12.9982515,77.6857558,intermediate_path_node,"{""id"": ""line_333"", ""type"": ""transmission_line"", ""voltage"": ""220kV""}"
node_4077,12.999472,77.6865873,intermediate_path_node,"{""id"": ""line_333"", ""type"": ""transmission_line"", ""voltage"": ""220kV""}"
node_4078,12.9997908,77.6867375,intermediate_path_node,"{""id"": ""line_333"", ""type"": ""transmission_line"", ""voltage"": ""220kV""}"
node_4079,13.0012857,77.6868179,intermediate_path_node,"{""id"": ""line_333"", ""type"": ""transmission_line"", ""voltage"": ""220kV""}"
node_4080,13.0025167,77.6870298,intermediate_path_node,"{""id"": ""line_333"", ""type"": ""transmission_line"", ""voltage"": ""220kV""}"
node_4081,13.0044454,77.6864961,intermediate_path_node,"{""id"": ""line_333"", ""type"": ""transmission_line"", ""voltage"": ""220kV""}"
node_4082,13.0170711,77.6605035,intermediate_path_node,"{""id"": ""line_334"", ""type"": ""transmission_line"", ""voltage"": ""220kV""}"
node_4083,13.0169803,77.6626365,intermediate_path_node,"{""id"": ""line_334"", ""type"": ""transmission_line"", ""voltage"": ""220kV""}"
node_4084,13.0168496,77.6651095,intermediate_path_node,"{""id"": ""line_334"", ""type"": ""transmission_line"", ""voltage"": ""220kV""}"
node_4085,13.0168118,77.6674256,intermediate_path_node,"{""id"": ""line_334"", ""type"": ""transmission_line"", ""voltage"": ""220kV""}"
node_4086,13.0167203,77.6691771,intermediate_path_node,"{""id"": ""line_334"", ""type"": ""transmission_line"", ""voltage"": ""220kV""}"
node_4087,13.0166327,77.6715052,intermediate_path_node,"{""id"": ""line_334"", ""type"": ""transmission_line"", ""voltage"": ""220kV""}"
node_4088,13.0165086,77.6741324,intermediate_path_node,"{""id"": ""line_334"", ""type"": ""transmission_line"", ""voltage"": ""220kV""}"
node_4089,13.0163806,77.6768441,intermediate_path_node,"{""id"": ""line_334"", ""type"": ""transmission_line"", ""voltage"": ""220kV""}"
node_4090,13.0163649,77.6785272,intermediate_path_node,"{""id"": ""line_334"", ""type"": ""transmission_line"", ""voltage"": ""220kV""}"
node_4091,13.0161872,77.6814482,intermediate_path_node,"{""id"": ""line_334"", ""type"": ""transmission_line"", ""voltage"": ""220kV""}"
node_4092,13.016114,77.6832291,intermediate_path_node,"{""id"": ""line_334"", ""type"": ""transmission_line"", ""voltage"": ""220kV""}"
node_4093,13.0160434,77.6851657,intermediate_path_node,"{""id"": ""line_334"", ""type"": ""transmission_line"", ""voltage"": ""220kV""}"
node_4094,13.0151549,77.6874107,intermediate_path_node,"{""id"": ""line_334"", ""type"": ""transmission_line"", ""voltage"": ""220kV""}"
node_4095,13.0141083,77.6899736,intermediate_path_node,"{""id"": ""line_334"", ""type"": ""transmission_line"", ""voltage"": ""220kV""}"
node_4096,13.013242,77.6921891,intermediate_path_node,"{""id"": ""line_334"", ""type"": ""transmission_line"", ""voltage"": ""220kV""}"
node_4097,13.0112977,77.692122,intermediate_path_node,"{""id"": ""line_334"", ""type"": ""transmission_line"", ""voltage"": ""220kV""}"
node_4098,13.0096277,77.6920335,intermediate_path_node,"{""id"": ""line_334"", ""type"": ""transmission_line"", ""voltage"": ""220kV""}"
node_4099,13.0078114,77.6918726,intermediate_path_node,"{""id"": ""line_334"", ""type"": ""transmission_line"", ""voltage"": ""220kV""}"
node_4100,13.0050804,77.6922829,intermediate_path_node,"{""id"": ""line_334"", ""type"": ""transmission_line"", ""voltage"": ""220kV""}"
node_4101,13.0032955,77.6924264,intermediate_path_node,"{""id"": ""line_334"", ""type"": ""transmission_line"", ""voltage"": ""220kV""}"
node_4102,13.003336,77.6911256,intermediate_path_node,"{""id"": ""line_334"", ""type"": ""transmission_line"", ""voltage"": ""220kV""}"
node_4103,13.0032131,77.6886123,intermediate_path_node,"{""id"": ""line_334"", ""type"": ""transmission_line"", ""voltage"": ""220kV""}"
node_4104,13.0033856,77.6872699,intermediate_path_node,"{""id"": ""line_334"", ""type"": ""transmission_line"", ""voltage"": ""220kV""}"
node_4105,13.0044859,77.686653,intermediate_path_node,"{""id"": ""line_334"", ""type"": ""transmission_line"", ""voltage"": ""220kV""}"
node_4106,12.9143798,77.5284496,intermediate_path_node,"{""id"": ""line_335"", ""type"": ""transmission_line"", ""voltage"": ""220kV""}"
node_4107,12.9145851,77.528581,intermediate_path_node,"{""id"": ""line_335"", ""type"": ""transmission_line"", ""voltage"": ""220kV""}"
node_4108,12.9147262,77.5287312,intermediate_path_node,"{""id"": ""line_335"", ""type"": ""transmission_line"", ""voltage"": ""220kV""}"
node_4109,12.9153001,77.5292569,intermediate_path_node,"{""id"": ""line_335"", ""type"": ""transmission_line"", ""voltage"": ""220kV""}"
node_4110,12.9153315,77.5308515,intermediate_path_node,"{""id"": ""line_335"", ""type"": ""transmission_line"", ""voltage"": ""220kV""}"
node_4111,12.9153354,77.5316843,intermediate_path_node,"{""id"": ""line_335"", ""type"": ""transmission_line"", ""voltage"": ""220kV""}"
node_4112,12.915287,77.5335458,intermediate_path_node,"{""id"": ""line_335"", ""type"": ""transmission_line"", ""voltage"": ""220kV""}"
node_4113,12.9153472,77.5342257,intermediate_path_node,"{""id"": ""line_335"", ""type"": ""transmission_line"", ""voltage"": ""220kV""}"
node_4114,12.9160687,77.5353201,intermediate_path_node,"{""id"": ""line_335"", ""type"": ""transmission_line"", ""voltage"": ""220kV""}"
node_4115,12.9165262,77.5364184,intermediate_path_node,"{""id"": ""line_335"", ""type"": ""transmission_line"", ""voltage"": ""220kV""}"
node_4116,12.9168831,77.5368194,intermediate_path_node,"{""id"": ""line_335"", ""type"": ""transmission_line"", ""voltage"": ""220kV""}"
node_4117,12.9176308,77.5373626,intermediate_path_node,"{""id"": ""line_335"", ""type"": ""transmission_line"", ""voltage"": ""220kV""}"
node_4118,12.9183419,77.5380479,intermediate_path_node,"{""id"": ""line_335"", ""type"": ""transmission_line"", ""voltage"": ""220kV""}"
node_4119,12.9179197,77.5399724,intermediate_path_node,"{""id"": ""line_335"", ""type"": ""transmission_line"", ""voltage"": ""220kV""}"
node_4120,12.9184125,77.5413581,intermediate_path_node,"{""id"": ""line_335"", ""type"": ""transmission_line"", ""voltage"": ""220kV""}"
node_4121,12.942697,77.6574209,intermediate_path_node,"{""id"": ""line_336"", ""type"": ""transmission_line"", ""voltage"": ""220kV""}"
node_4122,12.9426826,77.6578058,intermediate_path_node,"{""id"": ""line_336"", ""type"": ""transmission_line"", ""voltage"": ""220kV""}"
node_4123,12.9433401,77.6594943,intermediate_path_node,"{""id"": ""line_336"", ""type"": ""transmission_line"", ""voltage"": ""220kV""}"
node_4124,12.9435374,77.6624501,intermediate_path_node,"{""id"": ""line_336"", ""type"": ""transmission_line"", ""voltage"": ""220kV""}"
node_4125,12.9431466,77.6625493,intermediate_path_node,"{""id"": ""line_336"", ""type"": ""transmission_line"", ""voltage"": ""220kV""}"
node_4126,12.9428748,77.6639923,intermediate_path_node,"{""id"": ""line_336"", ""type"": ""transmission_line"", ""voltage"": ""220kV""}"
node_4127,12.9438903,77.6642284,intermediate_path_node,"{""id"": ""line_336"", ""type"": ""transmission_line"", ""voltage"": ""220kV""}"
node_4128,12.9436851,77.6654957,intermediate_path_node,"{""id"": ""line_336"", ""type"": ""transmission_line"", ""voltage"": ""220kV""}"
node_4129,12.9433218,77.6670179,intermediate_path_node,"{""id"": ""line_336"", ""type"": ""transmission_line"", ""voltage"": ""220kV""}"
node_4130,12.9433688,77.6674685,intermediate_path_node,"{""id"": ""line_336"", ""type"": ""transmission_line"", ""voltage"": ""220kV""}"
node_4131,12.9420317,77.6379347,intermediate_path_node,"{""id"": ""line_337"", ""type"": ""transmission_line"", ""voltage"": ""220kV""}"
node_4132,12.9418906,77.6385355,intermediate_path_node,"{""id"": ""line_337"", ""type"": ""transmission_line"", ""voltage"": ""220kV""}"
node_4133,12.9415664,77.643739,intermediate_path_node,"{""id"": ""line_337"", ""type"": ""transmission_line"", ""voltage"": ""220kV""}"
node_4134,12.9414305,77.6479983,intermediate_path_node,"{""id"": ""line_337"", ""type"": ""transmission_line"", ""voltage"": ""220kV""}"
node_4135,12.9426264,77.6501025,intermediate_path_node,"{""id"": ""line_337"", ""type"": ""transmission_line"", ""voltage"": ""220kV""}"
node_4136,12.9420415,77.6512666,intermediate_path_node,"{""id"": ""line_337"", ""type"": ""transmission_line"", ""voltage"": ""220kV""}"
node_4137,12.9419723,77.6516093,intermediate_path_node,"{""id"": ""line_337"", ""type"": ""transmission_line"", ""voltage"": ""220kV""}"
node_4138,12.9429924,77.652053,intermediate_path_node,"{""id"": ""line_337"", ""type"": ""transmission_line"", ""voltage"": ""220kV""}"
node_4139,12.9426957,77.6542304,intermediate_path_node,"{""id"": ""line_337"", ""type"": ""transmission_line"", ""voltage"": ""220kV""}"
node_4140,12.9424761,77.6560691,intermediate_path_node,"{""id"": ""line_337"", ""type"": ""transmission_line"", ""voltage"": ""220kV""}"
node_4141,12.942584,77.6569713,intermediate_path_node,"{""id"": ""line_337"", ""type"": ""transmission_line"", ""voltage"": ""220kV""}"
node_4142,12.9425781,77.657143,intermediate_path_node,"{""id"": ""line_337"", ""type"": ""transmission_line"", ""voltage"": ""220kV""}"
node_4143,12.9071837,77.5778586,intermediate_path_node,"{""id"": ""line_338"", ""type"": ""transmission_line"", ""voltage"": ""220kV""}"
node_4144,12.9072412,77.5788081,intermediate_path_node,"{""id"": ""line_338"", ""type"": ""transmission_line"", ""voltage"": ""220kV""}"
node_4145,12.9074347,77.5796556,intermediate_path_node,"{""id"": ""line_338"", ""type"": ""transmission_line"", ""voltage"": ""220kV""}"
node_4146,12.9076386,77.5805354,intermediate_path_node,"{""id"": ""line_338"", ""type"": ""transmission_line"", ""voltage"": ""220kV""}"
node_4147,12.9075497,77.5808573,intermediate_path_node,"{""id"": ""line_338"", ""type"": ""transmission_line"", ""voltage"": ""220kV""}"
node_4148,12.9079942,77.5835878,intermediate_path_node,"{""id"": ""line_338"", ""type"": ""transmission_line"", ""voltage"": ""220kV""}"
node_4149,12.9083602,77.5862753,intermediate_path_node,"{""id"": ""line_338"", ""type"": ""transmission_line"", ""voltage"": ""220kV""}"
node_4150,12.9094426,77.5881851,intermediate_path_node,"{""id"": ""line_338"", ""type"": ""transmission_line"", ""voltage"": ""220kV""}"
node_4151,12.9107759,77.5903684,intermediate_path_node,"{""id"": ""line_338"", ""type"": ""transmission_line"", ""voltage"": ""220kV""}"
node_4152,12.9120988,77.5926053,intermediate_path_node,"{""id"": ""line_338"", ""type"": ""transmission_line"", ""voltage"": ""220kV""}"
node_4153,12.9131106,77.5942388,intermediate_path_node,"{""id"": ""line_338"", ""type"": ""transmission_line"", ""voltage"": ""220kV""}"
node_4154,12.9134844,77.5949925,intermediate_path_node,"{""id"": ""line_338"", ""type"": ""transmission_line"", ""voltage"": ""220kV""}"
node_4155,12.9139968,77.5956094,intermediate_path_node,"{""id"": ""line_338"", ""type"": ""transmission_line"", ""voltage"": ""220kV""}"
node_4156,12.9153772,77.596575,intermediate_path_node,"{""id"": ""line_338"", ""type"": ""transmission_line"", ""voltage"": ""220kV""}"
node_4157,12.9164439,77.5971168,intermediate_path_node,"{""id"": ""line_338"", ""type"": ""transmission_line"", ""voltage"": ""220kV""}"
node_4158,12.9174687,77.5978142,intermediate_path_node,"{""id"": ""line_338"", ""type"": ""transmission_line"", ""voltage"": ""220kV""}"
node_4159,12.918972,77.5987918,intermediate_path_node,"{""id"": ""line_338"", ""type"": ""transmission_line"", ""voltage"": ""220kV""}"
node_4160,12.9197667,77.5988522,intermediate_path_node,"{""id"": ""line_338"", ""type"": ""transmission_line"", ""voltage"": ""220kV""}"
node_4161,12.9199183,77.5989568,intermediate_path_node,"{""id"": ""line_338"", ""type"": ""transmission_line"", ""voltage"": ""220kV""}"
node_4162,12.9208307,77.6004468,intermediate_path_node,"{""id"": ""line_338"", ""type"": ""transmission_line"", ""voltage"": ""220kV""}"
node_4163,12.9210764,77.6006922,intermediate_path_node,"{""id"": ""line_338"", ""type"": ""transmission_line"", ""voltage"": ""220kV""}"
node_4164,12.9223679,77.6020789,intermediate_path_node,"{""id"": ""line_338"", ""type"": ""transmission_line"", ""voltage"": ""220kV""}"
node_4165,12.9241352,77.6039457,intermediate_path_node,"{""id"": ""line_338"", ""type"": ""transmission_line"", ""voltage"": ""220kV""}"
node_4166,12.9260383,77.6059735,intermediate_path_node,"{""id"": ""line_338"", ""type"": ""transmission_line"", ""voltage"": ""220kV""}"
node_4167,12.9277742,77.6077437,intermediate_path_node,"{""id"": ""line_338"", ""type"": ""transmission_line"", ""voltage"": ""220kV""}"
node_4168,12.9295414,77.6096213,intermediate_path_node,"{""id"": ""line_338"", ""type"": ""transmission_line"", ""voltage"": ""220kV""}"
node_4169,12.9326836,77.6130062,intermediate_path_node,"{""id"": ""line_338"", ""type"": ""transmission_line"", ""voltage"": ""220kV""}"
node_4170,12.9330732,77.6133844,intermediate_path_node,"{""id"": ""line_338"", ""type"": ""transmission_line"", ""voltage"": ""220kV""}"
node_4171,12.933894,77.6142454,intermediate_path_node,"{""id"": ""line_338"", ""type"": ""transmission_line"", ""voltage"": ""220kV""}"
node_4172,12.9352063,77.6156026,intermediate_path_node,"{""id"": ""line_338"", ""type"": ""transmission_line"", ""voltage"": ""220kV""}"
node_4173,12.9367042,77.6172441,intermediate_path_node,"{""id"": ""line_338"", ""type"": ""transmission_line"", ""voltage"": ""220kV""}"
node_4174,12.9372296,77.6193094,intermediate_path_node,"{""id"": ""line_338"", ""type"": ""transmission_line"", ""voltage"": ""220kV""}"
node_4175,12.9378701,77.6217717,intermediate_path_node,"{""id"": ""line_338"", ""type"": ""transmission_line"", ""voltage"": ""220kV""}"
node_4176,12.9381838,77.6230484,intermediate_path_node,"{""id"": ""line_338"", ""type"": ""transmission_line"", ""voltage"": ""220kV""}"
node_4177,12.9379668,77.6232764,intermediate_path_node,"{""id"": ""line_338"", ""type"": ""transmission_line"", ""voltage"": ""220kV""}"
node_4178,12.9381237,77.6234695,intermediate_path_node,"{""id"": ""line_338"", ""type"": ""transmission_line"", ""voltage"": ""220kV""}"
node_4179,12.9388818,77.6243654,intermediate_path_node,"{""id"": ""line_338"", ""type"": ""transmission_line"", ""voltage"": ""220kV""}"
node_4180,12.9385445,77.6246685,intermediate_path_node,"{""id"": ""line_338"", ""type"": ""transmission_line"", ""voltage"": ""220kV""}"
node_4181,12.9387798,77.6254946,intermediate_path_node,"{""id"": ""line_338"", ""type"": ""transmission_line"", ""voltage"": ""220kV""}"
node_4182,12.939002,77.6262644,intermediate_path_node,"{""id"": ""line_338"", ""type"": ""transmission_line"", ""voltage"": ""220kV""}"
node_4183,12.9393314,77.6275384,intermediate_path_node,"{""id"": ""line_338"", ""type"": ""transmission_line"", ""voltage"": ""220kV""}"
node_4184,12.939734,77.6293436,intermediate_path_node,"{""id"": ""line_338"", ""type"": ""transmission_line"", ""voltage"": ""220kV""}"
node_4185,12.9400633,77.6307383,intermediate_path_node,"{""id"": ""line_338"", ""type"": ""transmission_line"", ""voltage"": ""220kV""}"
node_4186,12.940675,77.6329136,intermediate_path_node,"{""id"": ""line_338"", ""type"": ""transmission_line"", ""voltage"": ""220kV""}"
node_4187,12.9412972,77.6353598,intermediate_path_node,"{""id"": ""line_338"", ""type"": ""transmission_line"", ""voltage"": ""220kV""}"
node_4188,12.9407665,77.637299,intermediate_path_node,"{""id"": ""line_338"", ""type"": ""transmission_line"", ""voltage"": ""220kV""}"
node_4189,12.9433335,77.6387072,intermediate_path_node,"{""id"": ""line_338"", ""type"": ""transmission_line"", ""voltage"": ""220kV""}"
node_4190,12.9444837,77.6395279,intermediate_path_node,"{""id"": ""line_338"", ""type"": ""transmission_line"", ""voltage"": ""220kV""}"
node_4191,12.9449752,77.6392114,intermediate_path_node,"{""id"": ""line_338"", ""type"": ""transmission_line"", ""voltage"": ""220kV""}"
node_4192,12.9452784,77.639249,intermediate_path_node,"{""id"": ""line_338"", ""type"": ""transmission_line"", ""voltage"": ""220kV""}"
node_4193,12.9455503,77.6392972,intermediate_path_node,"{""id"": ""line_338"", ""type"": ""transmission_line"", ""voltage"": ""220kV""}"
node_4194,12.945694,77.6393187,intermediate_path_node,"{""id"": ""line_338"", ""type"": ""transmission_line"", ""voltage"": ""220kV""}"
node_4195,12.9459946,77.639375,intermediate_path_node,"{""id"": ""line_338"", ""type"": ""transmission_line"", ""voltage"": ""220kV""}"
node_4196,12.9461515,77.6394099,intermediate_path_node,"{""id"": ""line_338"", ""type"": ""transmission_line"", ""voltage"": ""220kV""}"
node_4197,12.946541,77.6395199,intermediate_path_node,"{""id"": ""line_338"", ""type"": ""transmission_line"", ""voltage"": ""220kV""}"
node_4198,12.9470246,77.6396432,intermediate_path_node,"{""id"": ""line_338"", ""type"": ""transmission_line"", ""voltage"": ""220kV""}"
node_4199,12.9474402,77.6397398,intermediate_path_node,"{""id"": ""line_338"", ""type"": ""transmission_line"", ""voltage"": ""220kV""}"
node_4200,12.9478349,77.6398364,intermediate_path_node,"{""id"": ""line_338"", ""type"": ""transmission_line"", ""voltage"": ""220kV""}"
node_4201,12.9482192,77.6399249,intermediate_path_node,"{""id"": ""line_338"", ""type"": ""transmission_line"", ""voltage"": ""220kV""}"
node_4202,12.9485459,77.6399732,intermediate_path_node,"{""id"": ""line_338"", ""type"": ""transmission_line"", ""voltage"": ""220kV""}"
node_4203,12.948857,77.640067,intermediate_path_node,"{""id"": ""line_338"", ""type"": ""transmission_line"", ""voltage"": ""220kV""}"
node_4204,12.9490661,77.6401475,intermediate_path_node,"{""id"": ""line_338"", ""type"": ""transmission_line"", ""voltage"": ""220kV""}"
node_4205,12.9496177,77.6402333,intermediate_path_node,"{""id"": ""line_338"", ""type"": ""transmission_line"", ""voltage"": ""220kV""}"
node_4206,12.9501744,77.6404238,intermediate_path_node,"{""id"": ""line_338"", ""type"": ""transmission_line"", ""voltage"": ""220kV""}"
node_4207,12.9507338,77.6405954,intermediate_path_node,"{""id"": ""line_338"", ""type"": ""transmission_line"", ""voltage"": ""220kV""}"
node_4208,12.9313203,77.7229755,intermediate_path_node,"{""id"": ""line_339"", ""type"": ""transmission_line"", ""voltage"": ""220kV""}"
node_4209,12.9691003,77.6572506,intermediate_path_node,"{""id"": ""line_342"", ""type"": ""transmission_line"", ""voltage"": ""220kV""}"
node_4210,12.9703,77.6562542,intermediate_path_node,"{""id"": ""line_342"", ""type"": ""transmission_line"", ""voltage"": ""220kV""}"
node_4211,12.9707496,77.655762,intermediate_path_node,"{""id"": ""line_342"", ""type"": ""transmission_line"", ""voltage"": ""220kV""}"
node_4212,12.8842418,77.5474469,intermediate_path_node,"{""id"": ""line_343"", ""type"": ""transmission_line"", ""voltage"": ""220kV""}"
node_4213,12.8827858,77.5494539,intermediate_path_node,"{""id"": ""line_343"", ""type"": ""transmission_line"", ""voltage"": ""220kV""}"
node_4214,12.8810801,77.5517748,intermediate_path_node,"{""id"": ""line_343"", ""type"": ""transmission_line"", ""voltage"": ""220kV""}"
node_4215,12.8791325,77.5544269,intermediate_path_node,"{""id"": ""line_343"", ""type"": ""transmission_line"", ""voltage"": ""220kV""}"
node_4216,12.8777396,77.5563184,intermediate_path_node,"{""id"": ""line_343"", ""type"": ""transmission_line"", ""voltage"": ""220kV""}"
node_4217,12.8762787,77.5583314,intermediate_path_node,"{""id"": ""line_343"", ""type"": ""transmission_line"", ""voltage"": ""220kV""}"
node_4218,12.8746132,77.5606112,intermediate_path_node,"{""id"": ""line_343"", ""type"": ""transmission_line"", ""voltage"": ""220kV""}"
node_4219,12.8733694,77.5632665,intermediate_path_node,"{""id"": ""line_343"", ""type"": ""transmission_line"", ""voltage"": ""220kV""}"
node_4220,12.8721615,77.5659137,intermediate_path_node,"{""id"": ""line_344"", ""type"": ""transmission_line"", ""voltage"": ""220kV""}"
node_4221,12.8709741,77.5685374,intermediate_path_node,"{""id"": ""line_344"", ""type"": ""transmission_line"", ""voltage"": ""220kV""}"
node_4222,12.8696015,77.5715787,intermediate_path_node,"{""id"": ""line_344"", ""type"": ""transmission_line"", ""voltage"": ""220kV""}"
node_4223,12.8684047,77.5742305,intermediate_path_node,"{""id"": ""line_344"", ""type"": ""transmission_line"", ""voltage"": ""220kV""}"
node_4224,12.8682315,77.5746142,intermediate_path_node,"{""id"": ""line_344"", ""type"": ""transmission_line"", ""voltage"": ""220kV""}"
node_4225,12.8676771,77.5758426,intermediate_path_node,"{""id"": ""line_344"", ""type"": ""transmission_line"", ""voltage"": ""220kV""}"
node_4226,12.867288,77.5767,intermediate_path_node,"{""id"": ""line_344"", ""type"": ""transmission_line"", ""voltage"": ""220kV""}"
node_4227,12.8660728,77.5793774,intermediate_path_node,"{""id"": ""line_344"", ""type"": ""transmission_line"", ""voltage"": ""220kV""}"
node_4228,12.8645382,77.5827584,intermediate_path_node,"{""id"": ""line_344"", ""type"": ""transmission_line"", ""voltage"": ""220kV""}"
node_4229,13.0297473,77.6288872,intermediate_path_node,"{""id"": ""line_345"", ""type"": ""transmission_line"", ""voltage"": ""220kV""}"
node_4230,12.8762373,77.576268,intermediate_path_node,"{""id"": ""line_346"", ""type"": ""transmission_line"", ""voltage"": ""220kV""}"
